Rank,Difficulty,Title,Companies,Total Frequency,Avg Frequency,Link,Topics
1,EASY,Two Sum,116,8973.8,77.4,https://leetcode.com/problems/two-sum,"Array, Hash Table"
2,MEDIUM,LRU Cache,109,8446.5,77.5,https://leetcode.com/problems/lru-cache,"Hash Table, Linked List, Design, Doubly-Linked List"
3,MEDIUM,Merge Intervals,101,7276.2,72.0,https://leetcode.com/problems/merge-intervals,"Array, Sorting, Quicksort"
4,MEDIUM,Longest Substring Without Repeating Characters,98,7190.1,73.4,https://leetcode.com/problems/longest-substring-without-repeating-characters,"Hash Table, String, Sliding Window"
5,EASY,Valid Parentheses,99,7113.3,71.9,https://leetcode.com/problems/valid-parentheses,"String, Stack, Bracket Sequences"
6,EASY,Best Time to Buy and Sell Stock,83,6085.2,73.3,https://leetcode.com/problems/best-time-to-buy-and-sell-stock,"Array, Dynamic Programming"
7,MEDIUM,Number of Islands,82,5932.1,72.3,https://leetcode.com/problems/number-of-islands,"Array, Depth-First Search, Breadth-First Search, Union-Find, Matrix"
8,MEDIUM,Group Anagrams,80,5699.4,71.2,https://leetcode.com/problems/group-anagrams,"Array, Hash Table, String, Sorting"
9,HARD,Trapping Rain Water,73,5177.8,70.9,https://leetcode.com/problems/trapping-rain-water,"Array, Two Pointers, Dynamic Programming, Stack, Monotonic Stack"
10,MEDIUM,Longest Palindromic Substring,75,5053.2,67.4,https://leetcode.com/problems/longest-palindromic-substring,"Two Pointers, String, Dynamic Programming, Manacher"
11,MEDIUM,Maximum Subarray,59,3777.2,64.0,https://leetcode.com/problems/maximum-subarray,"Array, Divide and Conquer, Dynamic Programming"
12,EASY,Longest Common Prefix,52,3698.2,71.1,https://leetcode.com/problems/longest-common-prefix,"Array, String, Trie"
13,MEDIUM,Container With Most Water,55,3505.7,63.7,https://leetcode.com/problems/container-with-most-water,"Array, Two Pointers, Greedy"
14,MEDIUM,Top K Frequent Elements,51,3360.9,65.9,https://leetcode.com/problems/top-k-frequent-elements,"Array, Hash Table, Divide and Conquer, Sorting, Heap (Priority Queue), Bucket Sort, Counting, Quickselect"
15,MEDIUM,3Sum,50,3339.9,66.8,https://leetcode.com/problems/3sum,"Array, Two Pointers, Sorting"
16,HARD,Merge k Sorted Lists,49,3214.8,65.6,https://leetcode.com/problems/merge-k-sorted-lists,"Linked List, Divide and Conquer, Heap (Priority Queue), Merge Sort, Tournament Sort"
17,MEDIUM,Search in Rotated Sorted Array,49,3132.5,63.9,https://leetcode.com/problems/search-in-rotated-sorted-array,"Array, Binary Search"
18,MEDIUM,Spiral Matrix,49,3130.3,63.9,https://leetcode.com/problems/spiral-matrix,"Array, Matrix, Simulation"
19,MEDIUM,Rotting Oranges,52,3043.2,58.5,https://leetcode.com/problems/rotting-oranges,"Array, Breadth-First Search, Matrix"
20,HARD,Sliding Window Maximum,47,2832.0,60.3,https://leetcode.com/problems/sliding-window-maximum,"Array, Queue, Sliding Window, Heap (Priority Queue), Monotonic Queue, Range Minimum/Maximum Query"
21,HARD,Median of Two Sorted Arrays,44,2734.4,62.1,https://leetcode.com/problems/median-of-two-sorted-arrays,"Array, Binary Search, Divide and Conquer"
22,HARD,Find Median from Data Stream,43,2732.8,63.6,https://leetcode.com/problems/find-median-from-data-stream,"Two Pointers, Design, Sorting, Heap (Priority Queue), Data Stream"
23,MEDIUM,Decode String,41,2727.6,66.5,https://leetcode.com/problems/decode-string,"String, Stack, Recursion"
24,MEDIUM,Course Schedule,44,2609.5,59.3,https://leetcode.com/problems/course-schedule,"Depth-First Search, Breadth-First Search, Graph Theory, Topological Sort, Directed Acyclic Graph"
25,MEDIUM,Subarray Sum Equals K,43,2548.0,59.3,https://leetcode.com/problems/subarray-sum-equals-k,"Array, Hash Table, Prefix Sum"
26,MEDIUM,Meeting Rooms II,41,2526.3,61.6,https://leetcode.com/problems/meeting-rooms-ii,"Array, Two Pointers, Greedy, Sorting, Heap (Priority Queue), Prefix Sum"
27,MEDIUM,Insert Delete GetRandom O(1),37,2515.2,68.0,https://leetcode.com/problems/insert-delete-getrandom-o1,"Array, Hash Table, Math, Design, Randomized"
28,EASY,Move Zeroes,39,2485.0,63.7,https://leetcode.com/problems/move-zeroes,"Array, Two Pointers"
29,MEDIUM,Koko Eating Bananas,43,2484.8,57.8,https://leetcode.com/problems/koko-eating-bananas,"Array, Binary Search"
30,MEDIUM,String Compression,37,2397.4,64.8,https://leetcode.com/problems/string-compression,"Two Pointers, String"
31,MEDIUM,Kth Largest Element in an Array,41,2371.7,57.8,https://leetcode.com/problems/kth-largest-element-in-an-array,"Array, Divide and Conquer, Sorting, Heap (Priority Queue), Quickselect"
32,EASY,Valid Anagram,39,2354.5,60.4,https://leetcode.com/problems/valid-anagram,"Hash Table, String, Sorting"
33,HARD,Word Ladder,39,2334.1,59.8,https://leetcode.com/problems/word-ladder,"Hash Table, String, Breadth-First Search, Bidirectional Search"
34,HARD,Minimum Window Substring,36,2308.9,64.1,https://leetcode.com/problems/minimum-window-substring,"Hash Table, String, Sliding Window"
35,MEDIUM,Min Stack,37,2307.1,62.4,https://leetcode.com/problems/min-stack,"Stack, Design"
36,HARD,Text Justification,35,2299.5,65.7,https://leetcode.com/problems/text-justification,"Array, String, Simulation"
37,MEDIUM,Course Schedule II,35,2268.7,64.8,https://leetcode.com/problems/course-schedule-ii,"Depth-First Search, Breadth-First Search, Graph Theory, Topological Sort"
38,MEDIUM,Longest Consecutive Sequence,40,2221.7,55.5,https://leetcode.com/problems/longest-consecutive-sequence,"Array, Hash Table, Union-Find"
39,EASY,Climbing Stairs,36,2216.4,61.6,https://leetcode.com/problems/climbing-stairs,"Math, Dynamic Programming, Memoization"
40,EASY,Valid Palindrome,37,2196.0,59.4,https://leetcode.com/problems/valid-palindrome,"Two Pointers, String"
41,MEDIUM,Coin Change,38,2194.9,57.8,https://leetcode.com/problems/coin-change,"Array, Dynamic Programming, Breadth-First Search, Knapsack Problem, Complete Knapsack"
42,MEDIUM,House Robber,37,2187.6,59.1,https://leetcode.com/problems/house-robber,"Array, Dynamic Programming"
43,EASY,Reverse Linked List,34,2183.5,64.2,https://leetcode.com/problems/reverse-linked-list,"Linked List, Recursion"
44,MEDIUM,Generate Parentheses,35,2156.1,61.6,https://leetcode.com/problems/generate-parentheses,"String, Dynamic Programming, Backtracking, Bracket Sequences"
45,EASY,Roman to Integer,36,2148.9,59.7,https://leetcode.com/problems/roman-to-integer,"Hash Table, Math, String"
46,MEDIUM,Add Two Numbers,37,2144.1,57.9,https://leetcode.com/problems/add-two-numbers,"Linked List, Math, Recursion"
47,EASY,Merge Two Sorted Lists,37,2099.9,56.8,https://leetcode.com/problems/merge-two-sorted-lists,"Linked List, Recursion"
48,MEDIUM,Sort Colors,37,2092.4,56.6,https://leetcode.com/problems/sort-colors,"Array, Two Pointers, Sorting, Quicksort, Bubble Sort"
49,EASY,Merge Sorted Array,34,2075.5,61.0,https://leetcode.com/problems/merge-sorted-array,"Array, Two Pointers, Sorting"
50,MEDIUM,Product of Array Except Self,35,2071.9,59.2,https://leetcode.com/problems/product-of-array-except-self,"Array, Prefix Sum"
51,MEDIUM,Word Search,36,2071.0,57.5,https://leetcode.com/problems/word-search,"Array, String, Backtracking, Depth-First Search, Matrix"
52,EASY,Palindrome Number,30,2070.4,69.0,https://leetcode.com/problems/palindrome-number,Math
53,MEDIUM,Letter Combinations of a Phone Number,37,2065.9,55.8,https://leetcode.com/problems/letter-combinations-of-a-phone-number,"Hash Table, String, Backtracking"
54,MEDIUM,Time Based Key-Value Store,32,2062.7,64.5,https://leetcode.com/problems/time-based-key-value-store,"Hash Table, String, Binary Search, Design"
55,MEDIUM,Rotate Image,34,2048.0,60.2,https://leetcode.com/problems/rotate-image,"Array, Math, Matrix"
56,MEDIUM,Asteroid Collision,35,1945.0,55.6,https://leetcode.com/problems/asteroid-collision,"Array, Stack, Simulation"
57,HARD,LFU Cache,33,1821.4,55.2,https://leetcode.com/problems/lfu-cache,"Hash Table, Linked List, Design, Doubly-Linked List"
58,MEDIUM,Jump Game,33,1816.1,55.0,https://leetcode.com/problems/jump-game,"Array, Dynamic Programming, Greedy"
59,MEDIUM,Next Permutation,31,1750.2,56.5,https://leetcode.com/problems/next-permutation,"Array, Two Pointers"
60,MEDIUM,Find Peak Element,31,1736.1,56.0,https://leetcode.com/problems/find-peak-element,"Array, Binary Search"
61,MEDIUM,Word Break,27,1721.4,63.8,https://leetcode.com/problems/word-break,"Array, Hash Table, String, Dynamic Programming, Trie, Memoization, Brute-Force Search"
62,HARD,First Missing Positive,31,1700.9,54.9,https://leetcode.com/problems/first-missing-positive,"Array, Hash Table"
63,MEDIUM,Integer to Roman,30,1687.4,56.2,https://leetcode.com/problems/integer-to-roman,"Hash Table, Math, String"
64,MEDIUM,Best Time to Buy and Sell Stock II,29,1650.9,56.9,https://leetcode.com/problems/best-time-to-buy-and-sell-stock-ii,"Array, Dynamic Programming, Greedy"
65,MEDIUM,Basic Calculator II,27,1644.9,60.9,https://leetcode.com/problems/basic-calculator-ii,"Math, String, Stack"
66,MEDIUM,Find First and Last Position of Element in Sorted Array,29,1630.1,56.2,https://leetcode.com/problems/find-first-and-last-position-of-element-in-sorted-array,"Array, Binary Search"
67,MEDIUM,Rotate Array,27,1602.2,59.3,https://leetcode.com/problems/rotate-array,"Array, Math, Two Pointers"
68,MEDIUM,Gas Station,27,1594.5,59.1,https://leetcode.com/problems/gas-station,"Array, Greedy"
69,MEDIUM,Longest Increasing Subsequence,28,1581.8,56.5,https://leetcode.com/problems/longest-increasing-subsequence,"Array, Binary Search, Dynamic Programming, Longest Increasing Subsequence"
70,MEDIUM,Daily Temperatures,28,1568.7,56.0,https://leetcode.com/problems/daily-temperatures,"Array, Stack, Monotonic Stack"
71,MEDIUM,Maximal Square,27,1499.7,55.5,https://leetcode.com/problems/maximal-square,"Array, Dynamic Programming, Matrix"
72,HARD,Largest Rectangle in Histogram,29,1461.8,50.4,https://leetcode.com/problems/largest-rectangle-in-histogram,"Array, Stack, Monotonic Stack, Range Minimum/Maximum Query"
73,MEDIUM,Combination Sum,26,1455.9,56.0,https://leetcode.com/problems/combination-sum,"Array, Backtracking"
74,EASY,Happy Number,24,1452.0,60.5,https://leetcode.com/problems/happy-number,"Hash Table, Math, Two Pointers, Floyd's Cycle Finding Algorithm"
75,MEDIUM,Valid Sudoku,24,1451.9,60.5,https://leetcode.com/problems/valid-sudoku,"Array, Hash Table, Matrix"
76,EASY,Majority Element,24,1446.4,60.3,https://leetcode.com/problems/majority-element,"Array, Hash Table, Divide and Conquer, Sorting, Counting, Boyer–Moore Majority Vote Algorithm"
77,HARD,Reverse Nodes in k-Group,27,1442.5,53.4,https://leetcode.com/problems/reverse-nodes-in-k-group,"Linked List, Recursion"
78,MEDIUM,Random Pick with Weight,24,1429.9,59.6,https://leetcode.com/problems/random-pick-with-weight,"Array, Math, Binary Search, Prefix Sum, Randomized"
79,MEDIUM,Reverse Words in a String,26,1390.9,53.5,https://leetcode.com/problems/reverse-words-in-a-string,"Two Pointers, String"
80,MEDIUM,Copy List with Random Pointer,21,1384.7,65.9,https://leetcode.com/problems/copy-list-with-random-pointer,"Hash Table, Linked List"
81,MEDIUM,Design Hit Counter,24,1377.6,57.4,https://leetcode.com/problems/design-hit-counter,"Array, Binary Search, Design, Queue, Data Stream"
82,HARD,Longest Valid Parentheses,26,1370.6,52.7,https://leetcode.com/problems/longest-valid-parentheses,"String, Dynamic Programming, Stack, Bracket Sequences"
83,HARD,Binary Tree Maximum Path Sum,25,1358.1,54.3,https://leetcode.com/problems/binary-tree-maximum-path-sum,"Dynamic Programming, Tree, Depth-First Search, Binary Tree, DP on Trees"
84,MEDIUM,Palindromic Substrings,25,1346.0,53.8,https://leetcode.com/problems/palindromic-substrings,"Two Pointers, String, Dynamic Programming"
85,EASY,Logger Rate Limiter,22,1343.1,61.0,https://leetcode.com/problems/logger-rate-limiter,"Hash Table, Design, Data Stream"
86,MEDIUM,Lowest Common Ancestor of a Binary Tree,22,1327.8,60.4,https://leetcode.com/problems/lowest-common-ancestor-of-a-binary-tree,"Tree, Depth-First Search, Binary Tree, Binary Lifting, Lowest Common Ancestor"
87,EASY,Remove Duplicates from Sorted Array,23,1321.0,57.4,https://leetcode.com/problems/remove-duplicates-from-sorted-array,"Array, Two Pointers"
88,MEDIUM,Evaluate Division,22,1285.4,58.4,https://leetcode.com/problems/evaluate-division,"Array, String, Depth-First Search, Breadth-First Search, Union-Find, Graph Theory, Shortest Path, Bellman–Ford Algorithm, Floyd–Warshall Algorithm"
89,MEDIUM,Permutations,25,1285.2,51.4,https://leetcode.com/problems/permutations,"Array, Backtracking"
90,HARD,Regular Expression Matching,22,1273.1,57.9,https://leetcode.com/problems/regular-expression-matching,"String, Dynamic Programming, Recursion"
91,MEDIUM,Simplify Path,22,1251.1,56.9,https://leetcode.com/problems/simplify-path,"String, Stack"
92,HARD,Maximum Profit in Job Scheduling,22,1232.9,56.0,https://leetcode.com/problems/maximum-profit-in-job-scheduling,"Array, Binary Search, Dynamic Programming, Sorting"
93,MEDIUM,Jump Game II,25,1229.5,49.2,https://leetcode.com/problems/jump-game-ii,"Array, Dynamic Programming, Greedy"
94,MEDIUM,Longest Repeating Character Replacement,21,1210.9,57.7,https://leetcode.com/problems/longest-repeating-character-replacement,"Hash Table, String, Sliding Window"
95,HARD,Serialize and Deserialize Binary Tree,22,1207.3,54.9,https://leetcode.com/problems/serialize-and-deserialize-binary-tree,"String, Tree, Depth-First Search, Breadth-First Search, Design, Binary Tree"
96,MEDIUM,Maximum Product Subarray,22,1198.8,54.5,https://leetcode.com/problems/maximum-product-subarray,"Array, Dynamic Programming"
97,MEDIUM,String to Integer (atoi),21,1194.8,56.9,https://leetcode.com/problems/string-to-integer-atoi,String
98,EASY,Linked List Cycle,23,1190.8,51.8,https://leetcode.com/problems/linked-list-cycle,"Hash Table, Linked List, Two Pointers, Floyd's Cycle Finding Algorithm"
99,MEDIUM,Edit Distance,23,1190.7,51.8,https://leetcode.com/problems/edit-distance,"String, Dynamic Programming"
100,MEDIUM,Design Circular Queue,22,1190.2,54.1,https://leetcode.com/problems/design-circular-queue,"Array, Linked List, Design, Queue"
101,EASY,First Unique Character in a String,23,1176.4,51.1,https://leetcode.com/problems/first-unique-character-in-a-string,"Hash Table, String, Queue, Counting"
102,MEDIUM,Task Scheduler,23,1174.8,51.1,https://leetcode.com/problems/task-scheduler,"Array, Hash Table, Greedy, Sorting, Heap (Priority Queue), Counting"
103,HARD,Basic Calculator,22,1147.6,52.2,https://leetcode.com/problems/basic-calculator,"Math, String, Stack, Recursion"
104,HARD,Split Array Largest Sum,21,1136.8,54.1,https://leetcode.com/problems/split-array-largest-sum,"Array, Binary Search, Dynamic Programming, Greedy, Prefix Sum"
105,HARD,Alien Dictionary,19,1132.1,59.6,https://leetcode.com/problems/alien-dictionary,"Array, String, Depth-First Search, Breadth-First Search, Graph Theory, Topological Sort, Directed Acyclic Graph"
106,MEDIUM,Simple Bank System,18,1124.3,62.5,https://leetcode.com/problems/simple-bank-system,"Array, Hash Table, Design, Simulation"
107,MEDIUM,Top K Frequent Words,21,1123.0,53.5,https://leetcode.com/problems/top-k-frequent-words,"Array, Hash Table, String, Trie, Sorting, Heap (Priority Queue), Bucket Sort, Counting"
108,MEDIUM,Implement Trie (Prefix Tree),21,1115.8,53.1,https://leetcode.com/problems/implement-trie-prefix-tree,"Hash Table, String, Design, Trie"
109,MEDIUM,Max Consecutive Ones III,20,1103.6,55.2,https://leetcode.com/problems/max-consecutive-ones-iii,"Array, Binary Search, Sliding Window, Prefix Sum"
110,MEDIUM,Subsets,21,1102.3,52.5,https://leetcode.com/problems/subsets,"Array, Backtracking, Bit Manipulation"
111,MEDIUM,Find the Duplicate Number,22,1095.9,49.8,https://leetcode.com/problems/find-the-duplicate-number,"Array, Two Pointers, Binary Search, Bit Manipulation, Pigeonhole Principle, Floyd's Cycle Finding Algorithm"
112,MEDIUM,Second Highest Salary,18,1089.8,60.5,https://leetcode.com/problems/second-highest-salary,Database
113,MEDIUM,"Pow(x, n)",21,1088.3,51.8,https://leetcode.com/problems/powx-n,"Math, Recursion"
114,MEDIUM,Set Matrix Zeroes,20,1083.7,54.2,https://leetcode.com/problems/set-matrix-zeroes,"Array, Hash Table, Matrix"
115,MEDIUM,Remove K Digits,21,1059.3,50.4,https://leetcode.com/problems/remove-k-digits,"String, Stack, Greedy, Monotonic Stack"
116,MEDIUM,Remove All Adjacent Duplicates in String II,18,1050.5,58.4,https://leetcode.com/problems/remove-all-adjacent-duplicates-in-string-ii,"String, Stack"
117,EASY,Contains Duplicate,19,1048.8,55.2,https://leetcode.com/problems/contains-duplicate,"Array, Hash Table, Sorting"
118,HARD,Reconstruct Itinerary,22,1046.5,47.6,https://leetcode.com/problems/reconstruct-itinerary,"Array, String, Depth-First Search, Graph Theory, Sorting, Heap (Priority Queue), Eulerian Circuit, Eulerian Path, Semi-Eulerian Graph"
119,MEDIUM,Capacity To Ship Packages Within D Days,19,1045.9,55.0,https://leetcode.com/problems/capacity-to-ship-packages-within-d-days,"Array, Binary Search"
120,MEDIUM,Largest Number,19,1042.3,54.9,https://leetcode.com/problems/largest-number,"Array, String, Greedy, Sorting"
121,HARD,Word Search II,19,1041.3,54.8,https://leetcode.com/problems/word-search-ii,"Array, String, Backtracking, Trie, Matrix"
122,MEDIUM,Subarray Product Less Than K,21,1033.1,49.2,https://leetcode.com/problems/subarray-product-less-than-k,"Array, Binary Search, Sliding Window, Prefix Sum"
123,MEDIUM,Unique Paths,21,1022.2,48.7,https://leetcode.com/problems/unique-paths,"Math, Dynamic Programming, Combinatorics"
124,HARD,Candy,22,1015.8,46.2,https://leetcode.com/problems/candy,"Array, Greedy"
125,MEDIUM,Single Element in a Sorted Array,18,1014.5,56.4,https://leetcode.com/problems/single-element-in-a-sorted-array,"Array, Binary Search"
126,MEDIUM,Zigzag Conversion,17,1012.0,59.5,https://leetcode.com/problems/zigzag-conversion,String
127,MEDIUM,Reverse Integer,19,1010.7,53.2,https://leetcode.com/problems/reverse-integer,Math
128,EASY,Diameter of Binary Tree,20,993.1,49.7,https://leetcode.com/problems/diameter-of-binary-tree,"Tree, Depth-First Search, Binary Tree, DP on Trees"
129,MEDIUM,Clone Graph,18,987.8,54.9,https://leetcode.com/problems/clone-graph,"Hash Table, Depth-First Search, Breadth-First Search, Graph Theory"
130,MEDIUM,Validate Binary Search Tree,20,983.9,49.2,https://leetcode.com/problems/validate-binary-search-tree,"Tree, Depth-First Search, Binary Search Tree, Binary Tree"
131,HARD,Word Break II,17,971.0,57.1,https://leetcode.com/problems/word-break-ii,"Array, Hash Table, String, Dynamic Programming, Backtracking, Trie, Memoization"
132,MEDIUM,Multiply Strings,17,957.0,56.3,https://leetcode.com/problems/multiply-strings,"Math, String, Simulation"
133,HARD,Bus Routes,17,956.1,56.2,https://leetcode.com/problems/bus-routes,"Array, Hash Table, Breadth-First Search"
134,MEDIUM,Search a 2D Matrix,20,953.1,47.7,https://leetcode.com/problems/search-a-2d-matrix,"Array, Binary Search, Matrix"
135,MEDIUM,Restore IP Addresses,19,953.1,50.2,https://leetcode.com/problems/restore-ip-addresses,"String, Backtracking"
136,MEDIUM,Reorganize String,19,952.7,50.1,https://leetcode.com/problems/reorganize-string,"Hash Table, String, Greedy, Sorting, Heap (Priority Queue), Counting"
137,EASY,Squares of a Sorted Array,17,951.6,56.0,https://leetcode.com/problems/squares-of-a-sorted-array,"Array, Two Pointers, Sorting"
138,MEDIUM,Binary Tree Zigzag Level Order Traversal,19,939.0,49.4,https://leetcode.com/problems/binary-tree-zigzag-level-order-traversal,"Tree, Breadth-First Search, Binary Tree"
139,MEDIUM,Search Suggestions System,18,923.6,51.3,https://leetcode.com/problems/search-suggestions-system,"Array, String, Binary Search, Trie, Sorting, Heap (Priority Queue)"
140,MEDIUM,All Nodes Distance K in Binary Tree,19,920.8,48.5,https://leetcode.com/problems/all-nodes-distance-k-in-binary-tree,"Hash Table, Tree, Depth-First Search, Breadth-First Search, Binary Tree"
141,EASY,Maximum Depth of Binary Tree,18,910.3,50.6,https://leetcode.com/problems/maximum-depth-of-binary-tree,"Tree, Depth-First Search, Breadth-First Search, Binary Tree"
142,MEDIUM,Flatten Nested List Iterator,18,909.9,50.6,https://leetcode.com/problems/flatten-nested-list-iterator,"Stack, Tree, Depth-First Search, Design, Queue, Iterator"
143,MEDIUM,Decode Ways,19,902.0,47.5,https://leetcode.com/problems/decode-ways,"String, Dynamic Programming"
144,EASY,Minimum Absolute Difference,16,896.3,56.0,https://leetcode.com/problems/minimum-absolute-difference,"Array, Sorting"
145,MEDIUM,4Sum,18,896.2,49.8,https://leetcode.com/problems/4sum,"Array, Two Pointers, Sorting"
146,MEDIUM,Find the Length of the Longest Common Prefix,17,894.0,52.6,https://leetcode.com/problems/find-the-length-of-the-longest-common-prefix,"Array, Hash Table, String, Trie"
147,HARD,Wildcard Matching,16,893.9,55.9,https://leetcode.com/problems/wildcard-matching,"String, Dynamic Programming, Greedy, Recursion"
148,HARD,Longest Increasing Path in a Matrix,18,890.5,49.5,https://leetcode.com/problems/longest-increasing-path-in-a-matrix,"Array, Dynamic Programming, Depth-First Search, Breadth-First Search, Graph Theory, Topological Sort, Memoization, Matrix, Directed Acyclic Graph"
149,MEDIUM,Evaluate Reverse Polish Notation,18,887.7,49.3,https://leetcode.com/problems/evaluate-reverse-polish-notation,"Array, Math, Stack"
150,EASY,Valid Palindrome II,16,885.2,55.3,https://leetcode.com/problems/valid-palindrome-ii,"Two Pointers, String, Greedy"
151,MEDIUM,Max Area of Island,18,875.8,48.7,https://leetcode.com/problems/max-area-of-island,"Array, Depth-First Search, Breadth-First Search, Union-Find, Matrix"
152,HARD,Integer to English Words,19,875.2,46.1,https://leetcode.com/problems/integer-to-english-words,"Math, String, Recursion"
153,EASY,Sqrt(x),17,870.4,51.2,https://leetcode.com/problems/sqrtx,"Math, Binary Search, Newton's Method"
154,HARD,Making A Large Island,16,868.0,54.2,https://leetcode.com/problems/making-a-large-island,"Array, Depth-First Search, Breadth-First Search, Union-Find, Matrix"
155,HARD,N-Queens,16,866.1,54.1,https://leetcode.com/problems/n-queens,"Array, Backtracking, Algorithm X"
156,EASY,Find the Index of the First Occurrence in a String,16,863.9,54.0,https://leetcode.com/problems/find-the-index-of-the-first-occurrence-in-a-string,"Two Pointers, String, String Matching, Z Algorithm, Knuth–Morris–Pratt Algorithm, Boyer–Moore String-Search Algorithm"
157,MEDIUM,Remove Nth Node From End of List,17,859.6,50.6,https://leetcode.com/problems/remove-nth-node-from-end-of-list,"Linked List, Two Pointers"
158,MEDIUM,Snapshot Array,17,859.3,50.5,https://leetcode.com/problems/snapshot-array,"Array, Hash Table, Binary Search, Design, Persistent Data Structure"
159,MEDIUM,Find K Closest Elements,19,845.8,44.5,https://leetcode.com/problems/find-k-closest-elements,"Array, Two Pointers, Binary Search, Sliding Window, Sorting, Heap (Priority Queue)"
160,EASY,Intersection of Two Arrays,14,845.3,60.4,https://leetcode.com/problems/intersection-of-two-arrays,"Array, Hash Table, Two Pointers, Binary Search, Sorting"
161,MEDIUM,Shortest Bridge,17,841.1,49.5,https://leetcode.com/problems/shortest-bridge,"Array, Depth-First Search, Breadth-First Search, Matrix"
162,EASY,Fibonacci Number,15,839.9,56.0,https://leetcode.com/problems/fibonacci-number,"Math, Dynamic Programming, Recursion, Memoization"
163,HARD,Sudoku Solver,17,839.6,49.4,https://leetcode.com/problems/sudoku-solver,"Array, Hash Table, Backtracking, Matrix, Algorithm X, Dancing Links"
164,HARD,Design In-Memory File System,15,839.6,56.0,https://leetcode.com/problems/design-in-memory-file-system,"Hash Table, String, Design, Trie, Sorting"
165,MEDIUM,Cheapest Flights Within K Stops,18,833.3,46.3,https://leetcode.com/problems/cheapest-flights-within-k-stops,"Dynamic Programming, Depth-First Search, Breadth-First Search, Graph Theory, Heap (Priority Queue), Shortest Path"
166,MEDIUM,Design Memory Allocator,18,830.7,46.2,https://leetcode.com/problems/design-memory-allocator,"Array, Hash Table, Design, Simulation"
167,EASY,Isomorphic Strings,15,828.0,55.2,https://leetcode.com/problems/isomorphic-strings,"Hash Table, String"
168,EASY,Palindrome Linked List,16,823.5,51.5,https://leetcode.com/problems/palindrome-linked-list,"Linked List, Two Pointers, Stack, Recursion"
169,EASY,Fizz Buzz,17,822.9,48.4,https://leetcode.com/problems/fizz-buzz,"Math, String, Simulation"
170,EASY,Pascal's Triangle,14,814.2,58.2,https://leetcode.com/problems/pascals-triangle,"Array, Dynamic Programming"
171,EASY,Reverse String,16,807.7,50.5,https://leetcode.com/problems/reverse-string,"Two Pointers, String"
172,EASY,Missing Number,17,801.1,47.1,https://leetcode.com/problems/missing-number,"Array, Hash Table, Math, Binary Search, Bit Manipulation, Sorting"
173,EASY,Single Number,15,795.4,53.0,https://leetcode.com/problems/single-number,"Array, Bit Manipulation"
174,HARD,Basic Calculator III,15,792.0,52.8,https://leetcode.com/problems/basic-calculator-iii,"Math, String, Stack, Recursion"
175,MEDIUM,Sort Characters By Frequency,16,787.9,49.2,https://leetcode.com/problems/sort-characters-by-frequency,"Hash Table, String, Sorting, Heap (Priority Queue), Bucket Sort, Counting"
176,MEDIUM,House Robber II,17,782.4,46.0,https://leetcode.com/problems/house-robber-ii,"Array, Dynamic Programming"
177,MEDIUM,Binary Tree Right Side View,15,779.7,52.0,https://leetcode.com/problems/binary-tree-right-side-view,"Tree, Depth-First Search, Breadth-First Search, Binary Tree"
178,EASY,Find Pivot Index,16,776.8,48.5,https://leetcode.com/problems/find-pivot-index,"Array, Prefix Sum"
179,MEDIUM,Reverse Linked List II,16,776.6,48.5,https://leetcode.com/problems/reverse-linked-list-ii,Linked List
180,HARD,Max Points on a Line,16,771.3,48.2,https://leetcode.com/problems/max-points-on-a-line,"Array, Hash Table, Math, Geometry, Euclidean Algorithm, Greatest Common Divisor"
181,MEDIUM,Longest Common Subsequence,18,771.2,42.8,https://leetcode.com/problems/longest-common-subsequence,"String, Dynamic Programming, Longest Common Subsequence"
182,MEDIUM,Valid Parenthesis String,15,764.8,51.0,https://leetcode.com/problems/valid-parenthesis-string,"String, Dynamic Programming, Stack, Greedy, Bracket Sequences"
183,EASY,Remove All Adjacent Duplicates In String,14,761.8,54.4,https://leetcode.com/problems/remove-all-adjacent-duplicates-in-string,"String, Stack"
184,MEDIUM,Minimum Path Sum,15,756.8,50.5,https://leetcode.com/problems/minimum-path-sum,"Array, Dynamic Programming, Matrix"
185,MEDIUM,Sum of Subarray Minimums,15,756.5,50.4,https://leetcode.com/problems/sum-of-subarray-minimums,"Array, Dynamic Programming, Stack, Monotonic Stack"
186,EASY,Add Binary,16,753.4,47.1,https://leetcode.com/problems/add-binary,"Math, String, Bit Manipulation, Simulation"
187,EASY,Is Subsequence,15,752.7,50.2,https://leetcode.com/problems/is-subsequence,"Two Pointers, String, Dynamic Programming"
188,MEDIUM,Accounts Merge,16,752.5,47.0,https://leetcode.com/problems/accounts-merge,"Array, Hash Table, String, Depth-First Search, Breadth-First Search, Union-Find, Sorting"
189,EASY,Contains Duplicate II,14,750.5,53.6,https://leetcode.com/problems/contains-duplicate-ii,"Array, Hash Table, Sliding Window"
190,HARD,Binary Tree Cameras,15,749.1,49.9,https://leetcode.com/problems/binary-tree-cameras,"Dynamic Programming, Tree, Depth-First Search, Binary Tree, DP on Trees"
191,MEDIUM,Find All Anagrams in a String,14,744.5,53.2,https://leetcode.com/problems/find-all-anagrams-in-a-string,"Hash Table, String, Sliding Window"
192,HARD,Word Ladder II,16,739.1,46.2,https://leetcode.com/problems/word-ladder-ii,"Hash Table, String, Backtracking, Breadth-First Search, Bidirectional Search"
193,MEDIUM,Next Greater Element II,17,735.3,43.3,https://leetcode.com/problems/next-greater-element-ii,"Array, Stack, Monotonic Stack"
194,MEDIUM,Find Minimum in Rotated Sorted Array,18,731.0,40.6,https://leetcode.com/problems/find-minimum-in-rotated-sorted-array,"Array, Binary Search"
195,MEDIUM,Minimum Size Subarray Sum,17,720.8,42.4,https://leetcode.com/problems/minimum-size-subarray-sum,"Array, Binary Search, Sliding Window, Prefix Sum"
196,EASY,Can Place Flowers,15,718.6,47.9,https://leetcode.com/problems/can-place-flowers,"Array, Greedy"
197,MEDIUM,Non-overlapping Intervals,18,716.6,39.8,https://leetcode.com/problems/non-overlapping-intervals,"Array, Dynamic Programming, Greedy, Sorting"
198,HARD,Vertical Order Traversal of a Binary Tree,14,715.0,51.1,https://leetcode.com/problems/vertical-order-traversal-of-a-binary-tree,"Hash Table, Tree, Depth-First Search, Breadth-First Search, Sorting, Binary Tree"
199,HARD,Burst Balloons,16,714.9,44.7,https://leetcode.com/problems/burst-balloons,"Array, Dynamic Programming"
200,HARD,Subarrays with K Different Integers,17,711.5,41.9,https://leetcode.com/problems/subarrays-with-k-different-integers,"Array, Hash Table, Sliding Window, Counting"
201,HARD,Number of Visible People in a Queue,16,710.3,44.4,https://leetcode.com/problems/number-of-visible-people-in-a-queue,"Array, Stack, Monotonic Stack"
202,MEDIUM,Permutation in String,16,710.0,44.4,https://leetcode.com/problems/permutation-in-string,"Hash Table, Two Pointers, String, Sliding Window"
203,MEDIUM,Longest String Chain,15,705.0,47.0,https://leetcode.com/problems/longest-string-chain,"Array, Hash Table, Two Pointers, String, Dynamic Programming, Sorting"
204,MEDIUM,Reorder List,15,702.1,46.8,https://leetcode.com/problems/reorder-list,"Linked List, Two Pointers, Stack, Recursion"
205,HARD,Special Binary String,12,699.6,58.3,https://leetcode.com/problems/special-binary-string,"String, Divide and Conquer, Sorting"
206,MEDIUM,Longest Continuous Subarray With Absolute Diff Less Than or Equal to Limit,14,697.4,49.8,https://leetcode.com/problems/longest-continuous-subarray-with-absolute-diff-less-than-or-equal-to-limit,"Array, Queue, Sliding Window, Heap (Priority Queue), Ordered Set, Monotonic Queue"
207,EASY,Add Strings,15,696.4,46.4,https://leetcode.com/problems/add-strings,"Math, String, Simulation"
208,MEDIUM,K Closest Points to Origin,15,691.0,46.1,https://leetcode.com/problems/k-closest-points-to-origin,"Array, Math, Divide and Conquer, Geometry, Sorting, Heap (Priority Queue), Quickselect, K-D Tree"
209,EASY,Next Greater Element I,16,686.4,42.9,https://leetcode.com/problems/next-greater-element-i,"Array, Hash Table, Stack, Monotonic Stack"
210,MEDIUM,Remove Duplicate Letters,13,685.9,52.8,https://leetcode.com/problems/remove-duplicate-letters,"String, Stack, Greedy, Monotonic Stack"
211,MEDIUM,Insert Interval,16,682.6,42.7,https://leetcode.com/problems/insert-interval,Array
212,EASY,Max Consecutive Ones,13,677.7,52.1,https://leetcode.com/problems/max-consecutive-ones,Array
213,EASY,Ransom Note,13,668.7,51.4,https://leetcode.com/problems/ransom-note,"Hash Table, String, Counting"
214,EASY,Middle of the Linked List,13,667.3,51.3,https://leetcode.com/problems/middle-of-the-linked-list,"Linked List, Two Pointers"
215,MEDIUM,Design Authentication Manager,10,665.2,66.5,https://leetcode.com/problems/design-authentication-manager,"Hash Table, Linked List, Design, Doubly-Linked List"
216,MEDIUM,Binary Tree Level Order Traversal,14,663.6,47.4,https://leetcode.com/problems/binary-tree-level-order-traversal,"Tree, Breadth-First Search, Binary Tree"
217,MEDIUM,Count Primes,15,663.4,44.2,https://leetcode.com/problems/count-primes,"Array, Math, Enumeration, Number Theory, Primality Test, Sieve Theory, Prime Number Sieve"
218,MEDIUM,Combination Sum II,15,662.6,44.2,https://leetcode.com/problems/combination-sum-ii,"Array, Backtracking"
219,MEDIUM,Design Tic-Tac-Toe,13,660.5,50.8,https://leetcode.com/problems/design-tic-tac-toe,"Array, Hash Table, Design, Matrix, Simulation"
220,MEDIUM,Diagonal Traverse,12,650.3,54.2,https://leetcode.com/problems/diagonal-traverse,"Array, Matrix, Simulation"
221,HARD,Shortest Path in a Grid with Obstacles Elimination,14,648.1,46.3,https://leetcode.com/problems/shortest-path-in-a-grid-with-obstacles-elimination,"Array, Breadth-First Search, Matrix"
222,HARD,Shortest Distance from All Buildings,14,639.4,45.7,https://leetcode.com/problems/shortest-distance-from-all-buildings,"Array, Breadth-First Search, Matrix"
223,MEDIUM,Two Sum II - Input Array Is Sorted,15,635.5,42.4,https://leetcode.com/problems/two-sum-ii-input-array-is-sorted,"Array, Two Pointers, Binary Search"
224,HARD,Trapping Rain Water II,12,635.1,52.9,https://leetcode.com/problems/trapping-rain-water-ii,"Array, Breadth-First Search, Heap (Priority Queue), Matrix"
225,EASY,Plus One,13,633.9,48.8,https://leetcode.com/problems/plus-one,"Array, Math"
226,HARD,Russian Doll Envelopes,13,631.6,48.6,https://leetcode.com/problems/russian-doll-envelopes,"Array, Binary Search, Dynamic Programming, Sorting, Longest Increasing Subsequence"
227,HARD,All O`one Data Structure,13,631.1,48.5,https://leetcode.com/problems/all-oone-data-structure,"Hash Table, Linked List, Design, Doubly-Linked List"
228,MEDIUM,Search a 2D Matrix II,14,628.3,44.9,https://leetcode.com/problems/search-a-2d-matrix-ii,"Array, Binary Search, Divide and Conquer, Matrix"
229,MEDIUM,Maximum Number of Events That Can Be Attended,15,626.7,41.8,https://leetcode.com/problems/maximum-number-of-events-that-can-be-attended,"Array, Greedy, Sorting, Heap (Priority Queue)"
230,HARD,Block Placement Queries,12,625.9,52.2,https://leetcode.com/problems/block-placement-queries,"Array, Binary Search, Binary Indexed Tree, Segment Tree, Ordered Set"
231,MEDIUM,Contiguous Array,14,617.0,44.1,https://leetcode.com/problems/contiguous-array,"Array, Hash Table, Prefix Sum"
232,MEDIUM,Game of Life,13,616.1,47.4,https://leetcode.com/problems/game-of-life,"Array, Matrix, Simulation"
233,MEDIUM,Design Twitter,14,613.2,43.8,https://leetcode.com/problems/design-twitter,"Hash Table, Linked List, Design, Heap (Priority Queue)"
234,MEDIUM,3Sum Closest,12,612.7,51.1,https://leetcode.com/problems/3sum-closest,"Array, Two Pointers, Sorting"
235,HARD,Collect Coins in a Tree,12,612.7,51.1,https://leetcode.com/problems/collect-coins-in-a-tree,"Array, Tree, Graph Theory, Topological Sort"
236,HARD,Reaching Points,11,612.5,55.7,https://leetcode.com/problems/reaching-points,"Math, Euclidean Algorithm, Greatest Common Divisor"
237,HARD,Maximal Rectangle,14,602.7,43.1,https://leetcode.com/problems/maximal-rectangle,"Array, Dynamic Programming, Stack, Matrix, Monotonic Stack"
238,MEDIUM,Minimum Cost For Tickets,12,601.0,50.1,https://leetcode.com/problems/minimum-cost-for-tickets,"Array, Dynamic Programming"
239,EASY,Backspace String Compare,13,599.0,46.1,https://leetcode.com/problems/backspace-string-compare,"Two Pointers, String, Stack, Simulation"
240,EASY,Count Binary Substrings,14,597.9,42.7,https://leetcode.com/problems/count-binary-substrings,"Two Pointers, String"
241,MEDIUM,Interval List Intersections,12,592.0,49.3,https://leetcode.com/problems/interval-list-intersections,"Array, Two Pointers, Sweep Line"
242,MEDIUM,Shortest Path in Binary Matrix,14,590.9,42.2,https://leetcode.com/problems/shortest-path-in-binary-matrix,"Array, Breadth-First Search, Matrix"
243,HARD,Best Time to Buy and Sell Stock III,14,590.1,42.1,https://leetcode.com/problems/best-time-to-buy-and-sell-stock-iii,"Array, Dynamic Programming"
244,MEDIUM,Partition Equal Subset Sum,13,583.9,44.9,https://leetcode.com/problems/partition-equal-subset-sum,"Array, Dynamic Programming, Knapsack Problem, 0-1 Knapsack"
245,EASY,Rotate String,12,582.3,48.5,https://leetcode.com/problems/rotate-string,"String, String Matching"
246,HARD,Optimal Account Balancing,13,581.4,44.7,https://leetcode.com/problems/optimal-account-balancing,"Array, Dynamic Programming, Backtracking, Bit Manipulation, Bitmask"
247,MEDIUM,Open the Lock,15,581.0,38.7,https://leetcode.com/problems/open-the-lock,"Array, Hash Table, String, Breadth-First Search, Bidirectional Search"
248,HARD,The Skyline Problem,12,578.7,48.2,https://leetcode.com/problems/the-skyline-problem,"Array, Divide and Conquer, Binary Indexed Tree, Segment Tree, Sweep Line, Sorting, Heap (Priority Queue), Ordered Set"
249,MEDIUM,Fruit Into Baskets,13,578.6,44.5,https://leetcode.com/problems/fruit-into-baskets,"Array, Hash Table, Sliding Window"
250,MEDIUM,Swap Nodes in Pairs,14,575.8,41.1,https://leetcode.com/problems/swap-nodes-in-pairs,"Linked List, Recursion"
251,EASY,Merge Strings Alternately,11,573.5,52.1,https://leetcode.com/problems/merge-strings-alternately,"Two Pointers, String"
252,MEDIUM,Delete and Earn,13,569.4,43.8,https://leetcode.com/problems/delete-and-earn,"Array, Hash Table, Dynamic Programming"
253,HARD,Minimum Number of Taps to Open to Water a Garden,13,569.1,43.8,https://leetcode.com/problems/minimum-number-of-taps-to-open-to-water-a-garden,"Array, Dynamic Programming, Greedy"
254,MEDIUM,Count and Say,12,567.2,47.3,https://leetcode.com/problems/count-and-say,String
255,EASY,Intersection of Two Linked Lists,13,565.6,43.5,https://leetcode.com/problems/intersection-of-two-linked-lists,"Hash Table, Linked List, Two Pointers"
256,EASY,Search Insert Position,12,565.2,47.1,https://leetcode.com/problems/search-insert-position,"Array, Binary Search"
257,HARD,Frog Jump,12,564.1,47.0,https://leetcode.com/problems/frog-jump,"Array, Dynamic Programming"
258,MEDIUM,Number of Distinct Islands,12,563.0,46.9,https://leetcode.com/problems/number-of-distinct-islands,"Array, Hash Table, Depth-First Search, Breadth-First Search, Union-Find, Sorting, Matrix, Hash Function"
259,MEDIUM,Amount of Time for Binary Tree to Be Infected,13,562.5,43.3,https://leetcode.com/problems/amount-of-time-for-binary-tree-to-be-infected,"Hash Table, Tree, Depth-First Search, Breadth-First Search, Binary Tree"
260,EASY,Degree of an Array,12,561.9,46.8,https://leetcode.com/problems/degree-of-an-array,"Array, Hash Table"
261,EASY,Flood Fill,13,555.5,42.7,https://leetcode.com/problems/flood-fill,"Array, Depth-First Search, Breadth-First Search, Matrix"
262,MEDIUM,Car Pooling,12,554.1,46.2,https://leetcode.com/problems/car-pooling,"Array, Sorting, Heap (Priority Queue), Simulation, Prefix Sum"
263,MEDIUM,Furthest Building You Can Reach,12,552.6,46.1,https://leetcode.com/problems/furthest-building-you-can-reach,"Array, Greedy, Heap (Priority Queue)"
264,EASY,Rising Temperature,12,551.5,46.0,https://leetcode.com/problems/rising-temperature,Database
265,EASY,Binary Search,13,550.4,42.3,https://leetcode.com/problems/binary-search,"Array, Binary Search"
266,HARD,Best Time to Buy and Sell Stock IV,13,549.5,42.3,https://leetcode.com/problems/best-time-to-buy-and-sell-stock-iv,"Array, Dynamic Programming"
267,EASY,Reverse Vowels of a String,13,548.4,42.2,https://leetcode.com/problems/reverse-vowels-of-a-string,"Two Pointers, String"
268,MEDIUM,Frequency of the Most Frequent Element,11,547.4,49.8,https://leetcode.com/problems/frequency-of-the-most-frequent-element,"Array, Binary Search, Greedy, Sliding Window, Sorting, Prefix Sum"
269,HARD,Design Search Autocomplete System,13,545.3,41.9,https://leetcode.com/problems/design-search-autocomplete-system,"String, Depth-First Search, Design, Trie, Sorting, Heap (Priority Queue), Data Stream"
270,EASY,Count Vowel Substrings of a String,12,545.0,45.4,https://leetcode.com/problems/count-vowel-substrings-of-a-string,"Hash Table, String"
271,HARD,Insert Delete GetRandom O(1) - Duplicates allowed,12,544.4,45.4,https://leetcode.com/problems/insert-delete-getrandom-o1-duplicates-allowed,"Array, Hash Table, Math, Design, Randomized"
272,MEDIUM,Pacific Atlantic Water Flow,12,543.2,45.3,https://leetcode.com/problems/pacific-atlantic-water-flow,"Array, Depth-First Search, Breadth-First Search, Matrix"
273,MEDIUM,Compare Version Numbers,10,540.5,54.0,https://leetcode.com/problems/compare-version-numbers,"Two Pointers, String"
274,MEDIUM,Candy Crush,11,530.8,48.3,https://leetcode.com/problems/candy-crush,"Array, Two Pointers, Matrix, Simulation"
275,MEDIUM,Maximize Distance to Closest Person,10,528.9,52.9,https://leetcode.com/problems/maximize-distance-to-closest-person,Array
276,EASY,Implement Queue using Stacks,12,524.9,43.7,https://leetcode.com/problems/implement-queue-using-stacks,"Stack, Design, Queue"
277,MEDIUM,Kth Smallest Element in a BST,12,524.8,43.7,https://leetcode.com/problems/kth-smallest-element-in-a-bst,"Tree, Depth-First Search, Binary Search Tree, Binary Tree"
278,HARD,Minimum Edge Reversals So Every Node Is Reachable,11,522.2,47.5,https://leetcode.com/problems/minimum-edge-reversals-so-every-node-is-reachable,"Dynamic Programming, Depth-First Search, Breadth-First Search, Graph Theory"
279,MEDIUM,Delete Node in a Linked List,10,520.2,52.0,https://leetcode.com/problems/delete-node-in-a-linked-list,Linked List
280,MEDIUM,Car Fleet,11,518.0,47.1,https://leetcode.com/problems/car-fleet,"Array, Stack, Sorting, Monotonic Stack"
281,HARD,Cherry Pickup,11,517.3,47.0,https://leetcode.com/problems/cherry-pickup,"Array, Dynamic Programming, Matrix"
282,MEDIUM,Palindrome Partitioning,11,516.6,47.0,https://leetcode.com/problems/palindrome-partitioning,"String, Dynamic Programming, Backtracking"
283,MEDIUM,Longest Substring with At Most K Distinct Characters,12,515.3,42.9,https://leetcode.com/problems/longest-substring-with-at-most-k-distinct-characters,"Hash Table, String, Sliding Window"
284,MEDIUM,Find the Smallest Divisor Given a Threshold,12,513.8,42.8,https://leetcode.com/problems/find-the-smallest-divisor-given-a-threshold,"Array, Binary Search"
285,MEDIUM,Number of Black Blocks,8,512.2,64.0,https://leetcode.com/problems/number-of-black-blocks,"Array, Hash Table, Enumeration"
286,MEDIUM,Longest Palindromic Subsequence,12,512.0,42.7,https://leetcode.com/problems/longest-palindromic-subsequence,"String, Dynamic Programming"
287,MEDIUM,Unique Paths II,11,511.9,46.5,https://leetcode.com/problems/unique-paths-ii,"Array, Dynamic Programming, Matrix"
288,MEDIUM,Surrounded Regions,12,511.2,42.6,https://leetcode.com/problems/surrounded-regions,"Array, Depth-First Search, Breadth-First Search, Union-Find, Matrix"
289,MEDIUM,Remove All Occurrences of a Substring,13,510.0,39.2,https://leetcode.com/problems/remove-all-occurrences-of-a-substring,"String, Stack, Simulation"
290,MEDIUM,Exclusive Time of Functions,12,506.8,42.2,https://leetcode.com/problems/exclusive-time-of-functions,"Array, Stack"
291,HARD,Parallel Courses III,10,505.5,50.5,https://leetcode.com/problems/parallel-courses-iii,"Array, Dynamic Programming, Graph Theory, Topological Sort, Directed Acyclic Graph"
292,MEDIUM,Minimum Remove to Make Valid Parentheses,11,504.8,45.9,https://leetcode.com/problems/minimum-remove-to-make-valid-parentheses,"String, Stack"
293,MEDIUM,House Robber III,12,503.2,41.9,https://leetcode.com/problems/house-robber-iii,"Dynamic Programming, Tree, Depth-First Search, Binary Tree, DP on Trees"
294,MEDIUM,Lowest Common Ancestor of a Binary Search Tree,10,502.5,50.2,https://leetcode.com/problems/lowest-common-ancestor-of-a-binary-search-tree,"Tree, Depth-First Search, Binary Search Tree, Binary Tree, Binary Lifting, Lowest Common Ancestor"
295,MEDIUM,Design Add and Search Words Data Structure,13,498.2,38.3,https://leetcode.com/problems/design-add-and-search-words-data-structure,"String, Depth-First Search, Design, Trie"
296,MEDIUM,Maximum Points You Can Obtain from Cards,11,496.9,45.2,https://leetcode.com/problems/maximum-points-you-can-obtain-from-cards,"Array, Sliding Window, Prefix Sum"
297,MEDIUM,Validate IP Address,12,494.2,41.2,https://leetcode.com/problems/validate-ip-address,String
298,EASY,Symmetric Tree,11,494.1,44.9,https://leetcode.com/problems/symmetric-tree,"Tree, Depth-First Search, Breadth-First Search, Binary Tree"
299,MEDIUM,Perfect Squares,12,491.8,41.0,https://leetcode.com/problems/perfect-squares,"Math, Dynamic Programming, Breadth-First Search, Knapsack Problem, Complete Knapsack"
300,MEDIUM,Find the Winner of the Circular Game,13,490.6,37.7,https://leetcode.com/problems/find-the-winner-of-the-circular-game,"Array, Math, Recursion, Queue, Simulation"
301,MEDIUM,Angle Between Hands of a Clock,11,490.4,44.6,https://leetcode.com/problems/angle-between-hands-of-a-clock,Math
302,EASY,Remove Element,11,488.5,44.4,https://leetcode.com/problems/remove-element,"Array, Two Pointers"
303,MEDIUM,Minimum Number of Swaps to Make the String Balanced,13,488.1,37.5,https://leetcode.com/problems/minimum-number-of-swaps-to-make-the-string-balanced,"Two Pointers, String, Stack, Greedy, Bracket Sequences"
304,EASY,Check if Array Is Sorted and Rotated,10,488.0,48.8,https://leetcode.com/problems/check-if-array-is-sorted-and-rotated,Array
305,MEDIUM,Majority Element II,10,487.4,48.7,https://leetcode.com/problems/majority-element-ii,"Array, Hash Table, Sorting, Counting, Boyer–Moore Majority Vote Algorithm"
306,MEDIUM,Find the Celebrity,11,484.9,44.1,https://leetcode.com/problems/find-the-celebrity,"Two Pointers, Graph Theory, Interactive"
307,EASY,Shortest Word Distance,9,483.8,53.8,https://leetcode.com/problems/shortest-word-distance,"Array, String"
308,HARD,Remove Boxes,11,481.7,43.8,https://leetcode.com/problems/remove-boxes,"Array, Dynamic Programming, Memoization"
309,MEDIUM,Remove Duplicates from Sorted Array II,9,481.1,53.5,https://leetcode.com/problems/remove-duplicates-from-sorted-array-ii,"Array, Two Pointers"
310,EASY,Design HashMap,11,479.8,43.6,https://leetcode.com/problems/design-hashmap,"Array, Hash Table, Linked List, Design, Hash Function"
311,MEDIUM,Lowest Common Ancestor of a Binary Tree III,11,479.2,43.6,https://leetcode.com/problems/lowest-common-ancestor-of-a-binary-tree-iii,"Hash Table, Two Pointers, Tree, Binary Tree, Binary Lifting, Lowest Common Ancestor"
312,MEDIUM,Using a Robot to Print the Lexicographically Smallest String,10,479.1,47.9,https://leetcode.com/problems/using-a-robot-to-print-the-lexicographically-smallest-string,"Hash Table, String, Stack, Greedy"
313,MEDIUM,Boats to Save People,12,478.6,39.9,https://leetcode.com/problems/boats-to-save-people,"Array, Two Pointers, Greedy, Sorting, Timsort"
314,MEDIUM,Odd Even Linked List,11,477.6,43.4,https://leetcode.com/problems/odd-even-linked-list,Linked List
315,EASY,Excel Sheet Column Title,10,476.9,47.7,https://leetcode.com/problems/excel-sheet-column-title,"Math, String"
316,EASY,Number of 1 Bits,11,475.2,43.2,https://leetcode.com/problems/number-of-1-bits,"Divide and Conquer, Bit Manipulation"
317,HARD,Max Stack,9,472.7,52.5,https://leetcode.com/problems/max-stack,"Linked List, Stack, Design, Doubly-Linked List, Ordered Set"
318,HARD,Count Palindromic Subsequences,10,472.2,47.2,https://leetcode.com/problems/count-palindromic-subsequences,"String, Dynamic Programming"
319,MEDIUM,Coin Change II,11,471.4,42.9,https://leetcode.com/problems/coin-change-ii,"Array, Dynamic Programming, Knapsack Problem, Complete Knapsack"
320,MEDIUM,Heaters,12,469.7,39.1,https://leetcode.com/problems/heaters,"Array, Two Pointers, Binary Search, Sorting"
321,MEDIUM,Linked List Cycle II,11,465.9,42.4,https://leetcode.com/problems/linked-list-cycle-ii,"Hash Table, Linked List, Two Pointers, Floyd's Cycle Finding Algorithm"
322,HARD,Count Subarrays With Fixed Bounds,10,464.7,46.5,https://leetcode.com/problems/count-subarrays-with-fixed-bounds,"Array, Queue, Sliding Window, Monotonic Queue"
323,EASY,Employees Earning More Than Their Managers,10,460.5,46.1,https://leetcode.com/problems/employees-earning-more-than-their-managers,Database
324,HARD,N-Queens II,10,459.6,46.0,https://leetcode.com/problems/n-queens-ii,"Backtracking, Algorithm X"
325,MEDIUM,Target Sum,9,458.3,50.9,https://leetcode.com/problems/target-sum,"Array, Dynamic Programming, Backtracking, Knapsack Problem, 0-1 Knapsack"
326,MEDIUM,Minimum Number of Steps to Make Two Strings Anagram,10,456.1,45.6,https://leetcode.com/problems/minimum-number-of-steps-to-make-two-strings-anagram,"Hash Table, String, Counting"
327,MEDIUM,Binary Tree Vertical Order Traversal,10,455.9,45.6,https://leetcode.com/problems/binary-tree-vertical-order-traversal,"Hash Table, Tree, Depth-First Search, Breadth-First Search, Sorting, Binary Tree"
328,MEDIUM,Kth Smallest Element in a Sorted Matrix,11,454.7,41.3,https://leetcode.com/problems/kth-smallest-element-in-a-sorted-matrix,"Array, Binary Search, Sorting, Heap (Priority Queue), Matrix"
329,EASY,Summary Ranges,9,454.6,50.5,https://leetcode.com/problems/summary-ranges,Array
330,HARD,Distinct Subsequences,10,452.9,45.3,https://leetcode.com/problems/distinct-subsequences,"String, Dynamic Programming"
331,HARD,Substring with Concatenation of All Words,10,452.6,45.3,https://leetcode.com/problems/substring-with-concatenation-of-all-words,"Hash Table, String, Sliding Window"
332,EASY,Moving Average from Data Stream,10,451.3,45.1,https://leetcode.com/problems/moving-average-from-data-stream,"Array, Design, Queue, Data Stream"
333,HARD,Minimize Malware Spread,10,451.1,45.1,https://leetcode.com/problems/minimize-malware-spread,"Array, Hash Table, Depth-First Search, Breadth-First Search, Union-Find, Graph Theory"
334,MEDIUM,Design Browser History,12,451.1,37.6,https://leetcode.com/problems/design-browser-history,"Array, Linked List, Stack, Design, Doubly-Linked List, Data Stream"
335,EASY,Power of Two,10,442.7,44.3,https://leetcode.com/problems/power-of-two,"Math, Bit Manipulation, Recursion"
336,MEDIUM,Dot Product of Two Sparse Vectors,12,441.6,36.8,https://leetcode.com/problems/dot-product-of-two-sparse-vectors,"Array, Hash Table, Two Pointers, Design, Linear Algebra"
337,MEDIUM,Nth Highest Salary,11,439.7,40.0,https://leetcode.com/problems/nth-highest-salary,Database
338,MEDIUM,Most Stones Removed with Same Row or Column,10,439.4,43.9,https://leetcode.com/problems/most-stones-removed-with-same-row-or-column,"Hash Table, Depth-First Search, Union-Find, Graph Theory, Bipartite Graph"
339,MEDIUM,Maximum Sum Circular Subarray,12,439.2,36.6,https://leetcode.com/problems/maximum-sum-circular-subarray,"Array, Divide and Conquer, Dynamic Programming, Queue, Monotonic Queue"
340,EASY,Maximum Product of Three Numbers,11,438.2,39.8,https://leetcode.com/problems/maximum-product-of-three-numbers,"Array, Math, Sorting"
341,MEDIUM,Construct Binary Tree from Preorder and Inorder Traversal,10,436.3,43.6,https://leetcode.com/problems/construct-binary-tree-from-preorder-and-inorder-traversal,"Array, Hash Table, Divide and Conquer, Tree, Binary Tree"
342,EASY,Reverse Bits,10,434.0,43.4,https://leetcode.com/problems/reverse-bits,"Divide and Conquer, Bit Manipulation"
343,MEDIUM,Number of Provinces,9,433.5,48.2,https://leetcode.com/problems/number-of-provinces,"Depth-First Search, Breadth-First Search, Union-Find, Graph Theory"
344,EASY,Add Two Integers,9,433.1,48.1,https://leetcode.com/problems/add-two-integers,Math
345,MEDIUM,Find All Possible Recipes from Given Supplies,9,431.7,48.0,https://leetcode.com/problems/find-all-possible-recipes-from-given-supplies,"Array, Hash Table, String, Graph Theory, Topological Sort, Directed Acyclic Graph"
346,MEDIUM,Rotate List,9,430.0,47.8,https://leetcode.com/problems/rotate-list,"Linked List, Two Pointers"
347,MEDIUM,Break a Palindrome,5,430.0,86.0,https://leetcode.com/problems/break-a-palindrome,"String, Greedy"
348,HARD,Design Skiplist,8,428.7,53.6,https://leetcode.com/problems/design-skiplist,"Linked List, Design"
349,HARD,Meeting Rooms III,12,426.9,35.6,https://leetcode.com/problems/meeting-rooms-iii,"Array, Hash Table, Sorting, Heap (Priority Queue), Simulation"
350,MEDIUM,Min Cost to Connect All Points,10,426.8,42.7,https://leetcode.com/problems/min-cost-to-connect-all-points,"Array, Union-Find, Graph Theory, Minimum Spanning Tree, Prim's Algorithm, Kruskal's Algorithm, Borůvka's Algorithm"
351,HARD,Dungeon Game,10,425.7,42.6,https://leetcode.com/problems/dungeon-game,"Array, Dynamic Programming, Matrix"
352,MEDIUM,Meeting Scheduler,10,425.6,42.6,https://leetcode.com/problems/meeting-scheduler,"Array, Two Pointers, Sorting"
353,MEDIUM,Minimum Knight Moves,12,423.6,35.3,https://leetcode.com/problems/minimum-knight-moves,"Breadth-First Search, Heuristic Search, Bidirectional Search, A* Search"
354,EASY,Create Hello World Function,8,423.4,52.9,https://leetcode.com/problems/create-hello-world-function,
355,MEDIUM,Minimum Number of Days to Make m Bouquets,9,423.3,47.0,https://leetcode.com/problems/minimum-number-of-days-to-make-m-bouquets,"Array, Binary Search"
356,MEDIUM,Restore the Array From Adjacent Pairs,9,422.0,46.9,https://leetcode.com/problems/restore-the-array-from-adjacent-pairs,"Array, Hash Table, Depth-First Search"
357,MEDIUM,Snakes and Ladders,12,420.3,35.0,https://leetcode.com/problems/snakes-and-ladders,"Array, Breadth-First Search, Matrix"
358,MEDIUM,Rotating the Box,9,419.8,46.6,https://leetcode.com/problems/rotating-the-box,"Array, Two Pointers, Matrix"
359,MEDIUM,Number of Divisible Triplet Sums,7,419.3,59.9,https://leetcode.com/problems/number-of-divisible-triplet-sums,"Array, Hash Table"
360,HARD,Strange Printer,9,419.1,46.6,https://leetcode.com/problems/strange-printer,"String, Dynamic Programming"
361,MEDIUM,Minimum Operations to Write the Letter Y on a Grid,7,419.0,59.9,https://leetcode.com/problems/minimum-operations-to-write-the-letter-y-on-a-grid,"Array, Hash Table, Matrix, Counting"
362,MEDIUM,Sort an Array,10,418.6,41.9,https://leetcode.com/problems/sort-an-array,"Array, Divide and Conquer, Sorting, Heap (Priority Queue), Merge Sort, Bucket Sort, Radix Sort, Counting Sort"
363,EASY,Kth Largest Element in a Stream,9,417.2,46.4,https://leetcode.com/problems/kth-largest-element-in-a-stream,"Tree, Design, Binary Search Tree, Heap (Priority Queue), Binary Tree, Data Stream"
364,MEDIUM,Maximum Palindromes After Operations,8,415.7,52.0,https://leetcode.com/problems/maximum-palindromes-after-operations,"Array, Hash Table, String, Greedy, Sorting, Counting"
365,MEDIUM,Longest Substring with At Least K Repeating Characters,10,415.4,41.5,https://leetcode.com/problems/longest-substring-with-at-least-k-repeating-characters,"Hash Table, String, Divide and Conquer, Sliding Window"
366,MEDIUM,Delete Node in a BST,11,412.1,37.5,https://leetcode.com/problems/delete-node-in-a-bst,"Tree, Binary Search Tree, Binary Tree"
367,HARD,Guess the Word,10,411.7,41.2,https://leetcode.com/problems/guess-the-word,"Array, Math, String, Minimax, Interactive, Game Theory"
368,MEDIUM,Peak Index in a Mountain Array,9,410.5,45.6,https://leetcode.com/problems/peak-index-in-a-mountain-array,"Array, Binary Search, Ternary Search"
369,HARD,Smallest Range Covering Elements from K Lists,10,405.7,40.6,https://leetcode.com/problems/smallest-range-covering-elements-from-k-lists,"Array, Hash Table, Greedy, Sliding Window, Sorting, Heap (Priority Queue)"
370,HARD,Reverse Pairs,9,404.6,45.0,https://leetcode.com/problems/reverse-pairs,"Array, Binary Search, Divide and Conquer, Binary Indexed Tree, Segment Tree, Merge Sort, Ordered Set, Treap"
371,MEDIUM,Consecutive Numbers,9,404.1,44.9,https://leetcode.com/problems/consecutive-numbers,Database
372,HARD,Critical Connections in a Network,10,402.4,40.2,https://leetcode.com/problems/critical-connections-in-a-network,"Depth-First Search, Graph Theory, Biconnected Component, Bridge (Graph)"
373,MEDIUM,Longest Mountain in Array,10,401.6,40.2,https://leetcode.com/problems/longest-mountain-in-array,"Array, Two Pointers, Dynamic Programming, Enumeration"
374,MEDIUM,One Edit Distance,7,401.4,57.3,https://leetcode.com/problems/one-edit-distance,"Two Pointers, String"
375,MEDIUM,Rank Teams by Votes,7,401.0,57.3,https://leetcode.com/problems/rank-teams-by-votes,"Array, Hash Table, String, Sorting, Counting"
376,EASY,Minimum Value to Get Positive Step by Step Sum,10,400.0,40.0,https://leetcode.com/problems/minimum-value-to-get-positive-step-by-step-sum,"Array, Prefix Sum"
377,MEDIUM,Possible Bipartition,10,399.9,40.0,https://leetcode.com/problems/possible-bipartition,"Depth-First Search, Breadth-First Search, Union-Find, Graph Theory, Graph Coloring, Bipartite Graph"
378,MEDIUM,Divide Two Integers,8,399.4,49.9,https://leetcode.com/problems/divide-two-integers,"Math, Bit Manipulation"
379,MEDIUM,Boundary of Binary Tree,10,396.4,39.6,https://leetcode.com/problems/boundary-of-binary-tree,"Tree, Depth-First Search, Binary Tree"
380,MEDIUM,Design File System,11,394.8,35.9,https://leetcode.com/problems/design-file-system,"Hash Table, String, Design, Trie"
381,MEDIUM,My Calendar I,12,394.6,32.9,https://leetcode.com/problems/my-calendar-i,"Array, Binary Search, Design, Segment Tree, Ordered Set"
382,MEDIUM,Subarray Sums Divisible by K,10,394.1,39.4,https://leetcode.com/problems/subarray-sums-divisible-by-k,"Array, Hash Table, Prefix Sum"
383,HARD,Design Excel Sum Formula,8,392.9,49.1,https://leetcode.com/problems/design-excel-sum-formula,"Array, Hash Table, String, Graph Theory, Design, Topological Sort, Matrix"
384,HARD,Number of Islands II,8,392.3,49.0,https://leetcode.com/problems/number-of-islands-ii,"Array, Hash Table, Union-Find"
385,EASY,Article Views I,9,391.2,43.5,https://leetcode.com/problems/article-views-i,Database
386,HARD,Valid Number,8,389.5,48.7,https://leetcode.com/problems/valid-number,String
387,MEDIUM,Maximum Width Ramp,9,389.4,43.3,https://leetcode.com/problems/maximum-width-ramp,"Array, Two Pointers, Stack, Monotonic Stack"
388,MEDIUM,Find All Duplicates in an Array,10,389.3,38.9,https://leetcode.com/problems/find-all-duplicates-in-an-array,"Array, Hash Table, Sorting"
389,EASY,Kth Missing Positive Number,9,389.1,43.2,https://leetcode.com/problems/kth-missing-positive-number,"Array, Binary Search"
390,HARD,Number of Atoms,8,389.1,48.6,https://leetcode.com/problems/number-of-atoms,"Hash Table, String, Stack, Sorting"
391,HARD,Permutation Sequence,8,388.9,48.6,https://leetcode.com/problems/permutation-sequence,"Math, Recursion"
392,MEDIUM,The Maze,13,387.6,29.8,https://leetcode.com/problems/the-maze,"Array, Depth-First Search, Breadth-First Search, Matrix"
393,EASY,Valid Word Abbreviation,7,386.2,55.2,https://leetcode.com/problems/valid-word-abbreviation,"Two Pointers, String"
394,MEDIUM,Next Greater Element III,10,385.2,38.5,https://leetcode.com/problems/next-greater-element-iii,"Math, Two Pointers, String"
395,EASY,Concatenation of Array,7,384.2,54.9,https://leetcode.com/problems/concatenation-of-array,"Array, Simulation"
396,MEDIUM,Maximize Greatness of an Array,7,380.6,54.4,https://leetcode.com/problems/maximize-greatness-of-an-array,"Array, Two Pointers, Greedy, Sorting"
397,EASY,Replace Employee ID With The Unique Identifier,9,378.6,42.1,https://leetcode.com/problems/replace-employee-id-with-the-unique-identifier,Database
398,EASY,Same Tree,9,377.6,42.0,https://leetcode.com/problems/same-tree,"Tree, Depth-First Search, Breadth-First Search, Binary Tree"
399,MEDIUM,Subsets II,8,377.5,47.2,https://leetcode.com/problems/subsets-ii,"Array, Backtracking, Bit Manipulation"
400,MEDIUM,Number of Operations to Make Network Connected,10,377.4,37.7,https://leetcode.com/problems/number-of-operations-to-make-network-connected,"Depth-First Search, Breadth-First Search, Union-Find, Graph Theory"
401,EASY,Maximum Average Subarray I,10,377.3,37.7,https://leetcode.com/problems/maximum-average-subarray-i,"Array, Sliding Window"
402,HARD,Department Top Three Salaries,10,377.2,37.7,https://leetcode.com/problems/department-top-three-salaries,Database
403,MEDIUM,Fraction to Recurring Decimal,10,376.7,37.7,https://leetcode.com/problems/fraction-to-recurring-decimal,"Hash Table, Math, String"
404,MEDIUM,Unique Binary Search Trees,9,375.5,41.7,https://leetcode.com/problems/unique-binary-search-trees,"Math, Dynamic Programming, Tree, Binary Search Tree, Binary Tree"
405,MEDIUM,01 Matrix,11,375.2,34.1,https://leetcode.com/problems/01-matrix,"Array, Dynamic Programming, Breadth-First Search, Matrix"
406,MEDIUM,Walls and Gates,10,375.0,37.5,https://leetcode.com/problems/walls-and-gates,"Array, Breadth-First Search, Matrix"
407,EASY,Last Stone Weight,11,374.1,34.0,https://leetcode.com/problems/last-stone-weight,"Array, Heap (Priority Queue)"
408,MEDIUM,Battleships in a Board,7,373.3,53.3,https://leetcode.com/problems/battleships-in-a-board,"Array, Depth-First Search, Matrix"
409,MEDIUM,Rabbits in Forest,8,371.6,46.5,https://leetcode.com/problems/rabbits-in-forest,"Array, Hash Table, Math, Greedy"
410,EASY,Combine Two Tables,8,371.5,46.4,https://leetcode.com/problems/combine-two-tables,Database
411,MEDIUM,Sort List,9,370.2,41.1,https://leetcode.com/problems/sort-list,"Linked List, Two Pointers, Divide and Conquer, Sorting, Merge Sort"
412,MEDIUM,Smallest Subsequence of Distinct Characters,9,369.3,41.0,https://leetcode.com/problems/smallest-subsequence-of-distinct-characters,"String, Stack, Greedy, Monotonic Stack"
413,MEDIUM,Minesweeper,9,368.3,40.9,https://leetcode.com/problems/minesweeper,"Array, Depth-First Search, Breadth-First Search, Matrix"
414,HARD,Zuma Game,7,368.0,52.6,https://leetcode.com/problems/zuma-game,"String, Dynamic Programming, Stack, Breadth-First Search, Memoization"
415,HARD,Employee Free Time,12,367.8,30.7,https://leetcode.com/problems/employee-free-time,"Array, Sweep Line, Sorting, Heap (Priority Queue)"
416,HARD,Sliding Window Median,9,367.8,40.9,https://leetcode.com/problems/sliding-window-median,"Array, Hash Table, Sliding Window, Heap (Priority Queue), Treap"
417,MEDIUM,Path Sum III,10,367.5,36.8,https://leetcode.com/problems/path-sum-iii,"Tree, Depth-First Search, Binary Tree"
418,MEDIUM,Search in Rotated Sorted Array II,10,367.0,36.7,https://leetcode.com/problems/search-in-rotated-sorted-array-ii,"Array, Binary Search"
419,MEDIUM,Interleaving String,9,367.0,40.8,https://leetcode.com/problems/interleaving-string,"String, Dynamic Programming"
420,MEDIUM,Minimum Moves to Equal Array Elements,9,366.7,40.7,https://leetcode.com/problems/minimum-moves-to-equal-array-elements,"Array, Math"
421,MEDIUM,Triangle,10,365.9,36.6,https://leetcode.com/problems/triangle,"Array, Dynamic Programming"
422,MEDIUM,Path Sum II,10,365.5,36.5,https://leetcode.com/problems/path-sum-ii,"Backtracking, Tree, Depth-First Search, Binary Tree"
423,EASY,Add Digits,9,363.9,40.4,https://leetcode.com/problems/add-digits,"Math, Simulation, Number Theory"
424,HARD,Shortest Palindrome,8,363.5,45.4,https://leetcode.com/problems/shortest-palindrome,"String, Rolling Hash, String Matching, Hash Function, Manacher, Z Algorithm, Knuth–Morris–Pratt Algorithm"
425,HARD,Number of Ways to Form a Target String Given a Dictionary,9,363.4,40.4,https://leetcode.com/problems/number-of-ways-to-form-a-target-string-given-a-dictionary,"Array, String, Dynamic Programming"
426,HARD,Maximum Frequency Stack,11,362.0,32.9,https://leetcode.com/problems/maximum-frequency-stack,"Hash Table, Stack, Design, Ordered Set"
427,MEDIUM,Network Delay Time,9,361.3,40.1,https://leetcode.com/problems/network-delay-time,"Depth-First Search, Breadth-First Search, Graph Theory, Heap (Priority Queue), Shortest Path, Dijkstra's Algorithm"
428,MEDIUM,Encode and Decode Strings,9,360.2,40.0,https://leetcode.com/problems/encode-and-decode-strings,"Array, String, Design"
429,MEDIUM,Minimum Area Rectangle,8,359.5,44.9,https://leetcode.com/problems/minimum-area-rectangle,"Array, Hash Table, Math, Geometry, Sorting"
430,MEDIUM,Count Vowel Strings in Ranges,9,357.3,39.7,https://leetcode.com/problems/count-vowel-strings-in-ranges,"Array, String, Prefix Sum"
431,EASY,Implement Stack using Queues,9,353.5,39.3,https://leetcode.com/problems/implement-stack-using-queues,"Stack, Design, Queue"
432,MEDIUM,Number of Steps to Reduce a Number in Binary Representation to One,8,352.0,44.0,https://leetcode.com/problems/number-of-steps-to-reduce-a-number-in-binary-representation-to-one,"String, Bit Manipulation, Simulation"
433,MEDIUM,Find K Pairs with Smallest Sums,10,351.3,35.1,https://leetcode.com/problems/find-k-pairs-with-smallest-sums,"Array, Heap (Priority Queue)"
434,HARD,Partition Array Into Two Arrays to Minimize Sum Difference,8,349.9,43.7,https://leetcode.com/problems/partition-array-into-two-arrays-to-minimize-sum-difference,"Array, Two Pointers, Binary Search, Dynamic Programming, Bit Manipulation, Meet in the Middle, Sorting, Ordered Set, Bitmask"
435,EASY,Repeated Substring Pattern,9,349.1,38.8,https://leetcode.com/problems/repeated-substring-pattern,"String, String Matching, Z Algorithm, Knuth–Morris–Pratt Algorithm"
436,MEDIUM,Convert Sorted List to Binary Search Tree,10,348.8,34.9,https://leetcode.com/problems/convert-sorted-list-to-binary-search-tree,"Linked List, Divide and Conquer, Tree, Binary Search Tree, Binary Tree"
437,MEDIUM,Product of the Last K Numbers,10,345.8,34.6,https://leetcode.com/problems/product-of-the-last-k-numbers,"Array, Math, Design, Data Stream, Prefix Sum"
438,MEDIUM,Shortest Unsorted Continuous Subarray,9,344.6,38.3,https://leetcode.com/problems/shortest-unsorted-continuous-subarray,"Array, Two Pointers, Stack, Greedy, Sorting, Monotonic Stack"
439,MEDIUM,Minimum Absolute Difference Between Elements With Constraint,8,343.6,43.0,https://leetcode.com/problems/minimum-absolute-difference-between-elements-with-constraint,"Array, Binary Search, Ordered Set"
440,MEDIUM,Populating Next Right Pointers in Each Node,8,343.2,42.9,https://leetcode.com/problems/populating-next-right-pointers-in-each-node,"Linked List, Tree, Depth-First Search, Breadth-First Search, Binary Tree"
441,HARD,Best Meeting Point,9,341.5,37.9,https://leetcode.com/problems/best-meeting-point,"Array, Math, Sorting, Matrix"
442,HARD,Range Module,7,341.2,48.7,https://leetcode.com/problems/range-module,"Design, Segment Tree, Ordered Set"
443,MEDIUM,Robot Bounded In Circle,11,341.0,31.0,https://leetcode.com/problems/robot-bounded-in-circle,"Math, String, Simulation"
444,MEDIUM,Sum of Two Integers,8,341.0,42.6,https://leetcode.com/problems/sum-of-two-integers,"Math, Bit Manipulation"
445,MEDIUM,Exchange Seats,8,340.8,42.6,https://leetcode.com/problems/exchange-seats,Database
446,EASY,Number of Recent Calls,9,340.6,37.8,https://leetcode.com/problems/number-of-recent-calls,"Design, Queue, Data Stream"
447,HARD,Maximum Number of Visible Points,6,338.9,56.5,https://leetcode.com/problems/maximum-number-of-visible-points,"Array, Math, Geometry, Sliding Window, Sorting"
448,HARD,Number of Flowers in Full Bloom,7,338.1,48.3,https://leetcode.com/problems/number-of-flowers-in-full-bloom,"Array, Hash Table, Binary Search, Sorting, Prefix Sum, Ordered Set"
449,MEDIUM,Is Graph Bipartite?,10,337.7,33.8,https://leetcode.com/problems/is-graph-bipartite,"Depth-First Search, Breadth-First Search, Union-Find, Graph Theory, Graph Coloring, Bipartite Graph"
450,MEDIUM,Number of Connected Components in an Undirected Graph,7,336.6,48.1,https://leetcode.com/problems/number-of-connected-components-in-an-undirected-graph,"Depth-First Search, Breadth-First Search, Union-Find, Graph Theory"
451,EASY,Convert Sorted Array to Binary Search Tree,9,335.7,37.3,https://leetcode.com/problems/convert-sorted-array-to-binary-search-tree,"Array, Divide and Conquer, Tree, Binary Search Tree, Binary Tree"
452,MEDIUM,Continuous Subarray Sum,10,335.3,33.5,https://leetcode.com/problems/continuous-subarray-sum,"Array, Hash Table, Math, Prefix Sum, Pigeonhole Principle"
453,EASY,Meeting Rooms,10,334.9,33.5,https://leetcode.com/problems/meeting-rooms,"Array, Sorting, Quicksort"
454,MEDIUM,Brightest Position on Street,7,334.8,47.8,https://leetcode.com/problems/brightest-position-on-street,"Array, Sorting, Prefix Sum, Ordered Set"
455,MEDIUM,Design A Leaderboard,8,333.6,41.7,https://leetcode.com/problems/design-a-leaderboard,"Hash Table, Design, Sorting"
456,EASY,Balanced Binary Tree,8,332.5,41.6,https://leetcode.com/problems/balanced-binary-tree,"Tree, Depth-First Search, Binary Tree"
457,HARD,Minimum Replacements to Sort the Array,6,331.8,55.3,https://leetcode.com/problems/minimum-replacements-to-sort-the-array,"Array, Math, Greedy"
458,MEDIUM,Sell Diminishing-Valued Colored Balls,5,331.6,66.3,https://leetcode.com/problems/sell-diminishing-valued-colored-balls,"Array, Math, Binary Search, Greedy, Sorting, Heap (Priority Queue)"
459,MEDIUM,Design Underground System,7,330.0,47.1,https://leetcode.com/problems/design-underground-system,"Hash Table, String, Design"
460,MEDIUM,Web Crawler Multithreaded,7,329.9,47.1,https://leetcode.com/problems/web-crawler-multithreaded,"Depth-First Search, Breadth-First Search, Concurrency"
461,EASY,Invert Binary Tree,9,329.7,36.6,https://leetcode.com/problems/invert-binary-tree,"Tree, Depth-First Search, Breadth-First Search, Binary Tree"
462,MEDIUM,Range Sum Query 2D - Immutable,9,329.4,36.6,https://leetcode.com/problems/range-sum-query-2d-immutable,"Array, Design, Matrix, Prefix Sum"
463,MEDIUM,Shortest Subarray to be Removed to Make Array Sorted,9,327.3,36.4,https://leetcode.com/problems/shortest-subarray-to-be-removed-to-make-array-sorted,"Array, Two Pointers, Binary Search, Stack, Monotonic Stack"
464,MEDIUM,Invalid Transactions,7,327.2,46.7,https://leetcode.com/problems/invalid-transactions,"Array, Hash Table, String, Sorting"
465,MEDIUM,Maximum Earnings From Taxi,7,326.3,46.6,https://leetcode.com/problems/maximum-earnings-from-taxi,"Array, Hash Table, Binary Search, Dynamic Programming, Sorting"
466,MEDIUM,Design Snake Game,9,326.2,36.2,https://leetcode.com/problems/design-snake-game,"Array, Hash Table, Design, Queue, Simulation"
467,HARD,Design a Text Editor,8,324.0,40.5,https://leetcode.com/problems/design-a-text-editor,"Linked List, String, Stack, Design, Simulation, Doubly-Linked List"
468,MEDIUM,Path With Minimum Effort,9,323.8,36.0,https://leetcode.com/problems/path-with-minimum-effort,"Array, Binary Search, Depth-First Search, Breadth-First Search, Union-Find, Heap (Priority Queue), Matrix, Dijkstra's Algorithm"
469,MEDIUM,Maximum Swap,8,323.5,40.4,https://leetcode.com/problems/maximum-swap,"Math, Greedy"
470,MEDIUM,Redundant Connection,9,322.2,35.8,https://leetcode.com/problems/redundant-connection,"Depth-First Search, Breadth-First Search, Union-Find, Graph Theory"
471,HARD,Minimum Number of Refueling Stops,8,322.0,40.2,https://leetcode.com/problems/minimum-number-of-refueling-stops,"Array, Dynamic Programming, Greedy, Heap (Priority Queue)"
472,MEDIUM,Longest Subarray of 1's After Deleting One Element,8,321.4,40.2,https://leetcode.com/problems/longest-subarray-of-1s-after-deleting-one-element,"Array, Dynamic Programming, Sliding Window"
473,EASY,Average Time of Process per Machine,7,321.4,45.9,https://leetcode.com/problems/average-time-of-process-per-machine,Database
474,EASY,Length of Last Word,7,318.4,45.5,https://leetcode.com/problems/length-of-last-word,String
475,EASY,Recyclable and Low Fat Products,6,318.4,53.1,https://leetcode.com/problems/recyclable-and-low-fat-products,Database
476,MEDIUM,Spiral Matrix II,11,318.3,28.9,https://leetcode.com/problems/spiral-matrix-ii,"Array, Matrix, Simulation"
477,EASY,Delete Duplicate Emails,9,318.3,35.4,https://leetcode.com/problems/delete-duplicate-emails,Database
478,MEDIUM,Reverse Substrings Between Each Pair of Parentheses,7,317.8,45.4,https://leetcode.com/problems/reverse-substrings-between-each-pair-of-parentheses,"String, Stack, Bracket Sequences"
479,MEDIUM,Shopping Offers,6,317.6,52.9,https://leetcode.com/problems/shopping-offers,"Array, Dynamic Programming, Backtracking, Bit Manipulation, Memoization, Bitmask, Knapsack Problem, Complete Knapsack"
480,MEDIUM,Alert Using Same Key-Card Three or More Times in a One Hour Period,5,316.9,63.4,https://leetcode.com/problems/alert-using-same-key-card-three-or-more-times-in-a-one-hour-period,"Array, Hash Table, String, Sorting"
481,MEDIUM,Remove Duplicates from Sorted List II,10,316.6,31.7,https://leetcode.com/problems/remove-duplicates-from-sorted-list-ii,"Linked List, Two Pointers"
482,MEDIUM,Keys and Rooms,8,315.9,39.5,https://leetcode.com/problems/keys-and-rooms,"Depth-First Search, Breadth-First Search, Graph Theory"
483,MEDIUM,Remove Sub-Folders from the Filesystem,8,314.6,39.3,https://leetcode.com/problems/remove-sub-folders-from-the-filesystem,"Array, String, Depth-First Search, Trie"
484,MEDIUM,Paint House,7,314.5,44.9,https://leetcode.com/problems/paint-house,"Array, Dynamic Programming"
485,EASY,Assign Cookies,9,313.9,34.9,https://leetcode.com/problems/assign-cookies,"Array, Two Pointers, Greedy, Sorting, Quicksort"
486,MEDIUM,Maximum Number of Occurrences of a Substring,9,313.4,34.8,https://leetcode.com/problems/maximum-number-of-occurrences-of-a-substring,"Hash Table, String, Sliding Window"
487,MEDIUM,As Far from Land as Possible,7,313.4,44.8,https://leetcode.com/problems/as-far-from-land-as-possible,"Array, Dynamic Programming, Breadth-First Search, Matrix"
488,EASY,Subtree of Another Tree,8,312.6,39.1,https://leetcode.com/problems/subtree-of-another-tree,"Tree, Depth-First Search, String Matching, Binary Tree, Hash Function"
489,MEDIUM,Encode and Decode TinyURL,9,312.3,34.7,https://leetcode.com/problems/encode-and-decode-tinyurl,"Hash Table, String, Design, Hash Function"
490,MEDIUM,Minimum Swaps to Group All 1's Together II,9,311.3,34.6,https://leetcode.com/problems/minimum-swaps-to-group-all-1s-together-ii,"Array, Sliding Window"
491,EASY,Remove Duplicates from Sorted List,8,311.1,38.9,https://leetcode.com/problems/remove-duplicates-from-sorted-list,Linked List
492,EASY,Water Bottles,9,311.1,34.6,https://leetcode.com/problems/water-bottles,"Math, Simulation"
493,MEDIUM,Graph Valid Tree,9,310.8,34.5,https://leetcode.com/problems/graph-valid-tree,"Depth-First Search, Breadth-First Search, Union-Find, Graph Theory"
494,HARD,Shortest Subarray with Sum at Least K,8,310.7,38.8,https://leetcode.com/problems/shortest-subarray-with-sum-at-least-k,"Array, Binary Search, Queue, Sliding Window, Heap (Priority Queue), Prefix Sum, Monotonic Queue"
495,MEDIUM,Brace Expansion,6,310.2,51.7,https://leetcode.com/problems/brace-expansion,"String, Backtracking, Stack, Breadth-First Search, Sorting"
496,EASY,Invalid Tweets,7,308.8,44.1,https://leetcode.com/problems/invalid-tweets,Database
497,MEDIUM,Online Stock Span,8,308.4,38.6,https://leetcode.com/problems/online-stock-span,"Stack, Design, Monotonic Stack, Data Stream"
498,EASY,Remove Linked List Elements,9,308.1,34.2,https://leetcode.com/problems/remove-linked-list-elements,"Linked List, Recursion"
499,MEDIUM,Number of Perfect Pairs,6,306.7,51.1,https://leetcode.com/problems/number-of-perfect-pairs,"Array, Math, Two Pointers, Sorting"
500,HARD,Count the Number of Infection Sequences,6,306.3,51.1,https://leetcode.com/problems/count-the-number-of-infection-sequences,"Array, Math, Combinatorics, Fermat's Little Theorem"
501,MEDIUM,Valid Triangle Number,8,306.0,38.2,https://leetcode.com/problems/valid-triangle-number,"Array, Two Pointers, Binary Search, Greedy, Sorting"
502,EASY,Binary Tree Paths,8,305.5,38.2,https://leetcode.com/problems/binary-tree-paths,"String, Backtracking, Tree, Depth-First Search, Binary Tree"
503,MEDIUM,Best Time to Buy and Sell Stock with Cooldown,8,304.9,38.1,https://leetcode.com/problems/best-time-to-buy-and-sell-stock-with-cooldown,"Array, Dynamic Programming"
504,EASY,Valid Perfect Square,8,303.9,38.0,https://leetcode.com/problems/valid-perfect-square,"Math, Binary Search"
505,MEDIUM,Monthly Transactions I,7,303.9,43.4,https://leetcode.com/problems/monthly-transactions-i,Database
506,EASY,Word Pattern,8,303.0,37.9,https://leetcode.com/problems/word-pattern,"Hash Table, String"
507,EASY,Intersection of Two Arrays II,9,302.9,33.7,https://leetcode.com/problems/intersection-of-two-arrays-ii,"Array, Hash Table, Two Pointers, Binary Search, Sorting"
508,MEDIUM,Partition Labels,9,302.0,33.6,https://leetcode.com/problems/partition-labels,"Hash Table, Two Pointers, String, Greedy"
509,MEDIUM,Minimum Increment to Make Array Unique,7,302.0,43.1,https://leetcode.com/problems/minimum-increment-to-make-array-unique,"Array, Greedy, Sorting, Counting"
510,MEDIUM,Design a Stack With Increment Operation,6,301.6,50.3,https://leetcode.com/problems/design-a-stack-with-increment-operation,"Array, Stack, Design"
511,MEDIUM,Reach a Number,8,301.5,37.7,https://leetcode.com/problems/reach-a-number,"Math, Binary Search"
512,HARD,Shortest Path to Get All Keys,7,301.2,43.0,https://leetcode.com/problems/shortest-path-to-get-all-keys,"Array, Bit Manipulation, Breadth-First Search, Matrix"
513,MEDIUM,Minimum Operations to Reduce an Integer to 0,7,300.9,43.0,https://leetcode.com/problems/minimum-operations-to-reduce-an-integer-to-0,"Dynamic Programming, Greedy, Bit Manipulation"
514,HARD,Remove Invalid Parentheses,9,300.5,33.4,https://leetcode.com/problems/remove-invalid-parentheses,"String, Backtracking, Breadth-First Search"
515,MEDIUM,Sparse Matrix Multiplication,9,299.6,33.3,https://leetcode.com/problems/sparse-matrix-multiplication,"Array, Hash Table, Matrix, Linear Algebra"
516,MEDIUM,Maximum Width of Binary Tree,8,299.6,37.5,https://leetcode.com/problems/maximum-width-of-binary-tree,"Tree, Depth-First Search, Breadth-First Search, Binary Tree"
517,HARD,Minimum Number of Increments on Subarrays to Form a Target Array,7,299.5,42.8,https://leetcode.com/problems/minimum-number-of-increments-on-subarrays-to-form-a-target-array,"Array, Dynamic Programming, Stack, Greedy, Monotonic Stack"
518,EASY,Check if Every Row and Column Contains All Numbers,4,299.4,74.8,https://leetcode.com/problems/check-if-every-row-and-column-contains-all-numbers,"Array, Hash Table, Matrix"
519,MEDIUM,Exam Room,7,299.0,42.7,https://leetcode.com/problems/exam-room,"Design, Heap (Priority Queue), Ordered Set"
520,EASY,Sort Array by Increasing Frequency,9,297.8,33.1,https://leetcode.com/problems/sort-array-by-increasing-frequency,"Array, Hash Table, Sorting"
521,MEDIUM,House Robber IV,7,297.6,42.5,https://leetcode.com/problems/house-robber-iv,"Array, Binary Search, Dynamic Programming, Greedy"
522,MEDIUM,Flatten 2D Vector,4,297.3,74.3,https://leetcode.com/problems/flatten-2d-vector,"Array, Two Pointers, Design, Iterator"
523,HARD,Count Paths That Can Form a Palindrome in a Tree,6,297.2,49.5,https://leetcode.com/problems/count-paths-that-can-form-a-palindrome-in-a-tree,"Hash Table, Bit Manipulation, Tree, Depth-First Search"
524,HARD,Palindrome Pairs,8,293.9,36.7,https://leetcode.com/problems/palindrome-pairs,"Array, Hash Table, String, Trie, Hash Function"
525,EASY,Employee Bonus,7,293.9,42.0,https://leetcode.com/problems/employee-bonus,Database
526,EASY,Convert Binary Number in a Linked List to Integer,9,293.8,32.6,https://leetcode.com/problems/convert-binary-number-in-a-linked-list-to-integer,"Linked List, Math"
527,EASY,Island Perimeter,9,293.7,32.6,https://leetcode.com/problems/island-perimeter,"Array, Depth-First Search, Breadth-First Search, Matrix"
528,MEDIUM,Smallest String With Swaps,9,293.2,32.6,https://leetcode.com/problems/smallest-string-with-swaps,"Array, Hash Table, String, Depth-First Search, Breadth-First Search, Union-Find, Sorting"
529,EASY,Excel Sheet Column Number,8,293.0,36.6,https://leetcode.com/problems/excel-sheet-column-number,"Math, String"
530,MEDIUM,Check if a Parentheses String Can Be Valid,8,291.8,36.5,https://leetcode.com/problems/check-if-a-parentheses-string-can-be-valid,"String, Stack, Greedy, Bracket Sequences"
531,HARD,Swim in Rising Water,9,291.7,32.4,https://leetcode.com/problems/swim-in-rising-water,"Array, Binary Search, Depth-First Search, Breadth-First Search, Union-Find, Minimax, Heap (Priority Queue), Matrix, Dijkstra's Algorithm"
532,MEDIUM,Minimum Sideway Jumps,5,290.5,58.1,https://leetcode.com/problems/minimum-sideway-jumps,"Array, Dynamic Programming, Greedy"
533,MEDIUM,Managers with at Least 5 Direct Reports,7,289.8,41.4,https://leetcode.com/problems/managers-with-at-least-5-direct-reports,Database
534,MEDIUM,Time Needed to Rearrange a Binary String,5,289.2,57.8,https://leetcode.com/problems/time-needed-to-rearrange-a-binary-string,"String, Dynamic Programming, Simulation"
535,MEDIUM,Longest Happy String,7,288.7,41.2,https://leetcode.com/problems/longest-happy-string,"String, Greedy, Heap (Priority Queue)"
536,EASY,Path Sum,9,288.2,32.0,https://leetcode.com/problems/path-sum,"Tree, Depth-First Search, Breadth-First Search, Binary Tree"
537,MEDIUM,Permutations II,9,286.8,31.9,https://leetcode.com/problems/permutations-ii,"Array, Backtracking, Sorting"
538,MEDIUM,Nested List Weight Sum,6,286.6,47.8,https://leetcode.com/problems/nested-list-weight-sum,"Depth-First Search, Breadth-First Search"
539,MEDIUM,Smallest Missing Non-negative Integer After Operations,6,286.1,47.7,https://leetcode.com/problems/smallest-missing-non-negative-integer-after-operations,"Array, Hash Table, Math, Greedy"
540,HARD,Palindrome Partitioning II,8,285.8,35.7,https://leetcode.com/problems/palindrome-partitioning-ii,"String, Dynamic Programming"
541,HARD,Minimum Difficulty of a Job Schedule,7,285.6,40.8,https://leetcode.com/problems/minimum-difficulty-of-a-job-schedule,"Array, Dynamic Programming"
542,MEDIUM,Ways to Make a Fair Array,6,285.3,47.6,https://leetcode.com/problems/ways-to-make-a-fair-array,"Array, Prefix Sum"
543,MEDIUM,Number of Adjacent Elements With the Same Color,7,283.8,40.5,https://leetcode.com/problems/number-of-adjacent-elements-with-the-same-color,Array
544,MEDIUM,Maximum Number of Alloys,5,282.7,56.5,https://leetcode.com/problems/maximum-number-of-alloys,"Array, Binary Search"
545,EASY,Final Prices With a Special Discount in a Shop,7,282.1,40.3,https://leetcode.com/problems/final-prices-with-a-special-discount-in-a-shop,"Array, Stack, Monotonic Stack"
546,MEDIUM,Minimum Moves to Spread Stones Over Grid,6,282.1,47.0,https://leetcode.com/problems/minimum-moves-to-spread-stones-over-grid,"Array, Dynamic Programming, Backtracking, Bit Manipulation, Matrix, Bitmask"
547,EASY,Binary Tree Inorder Traversal,7,281.4,40.2,https://leetcode.com/problems/binary-tree-inorder-traversal,"Stack, Tree, Depth-First Search, Binary Tree"
548,MEDIUM,Minimum Height Trees,7,281.1,40.2,https://leetcode.com/problems/minimum-height-trees,"Depth-First Search, Breadth-First Search, Graph Theory, Topological Sort"
549,EASY,Students and Examinations,7,279.4,39.9,https://leetcode.com/problems/students-and-examinations,Database
550,MEDIUM,Remove Colored Pieces if Both Neighbors are the Same Color,3,278.5,92.8,https://leetcode.com/problems/remove-colored-pieces-if-both-neighbors-are-the-same-color,"Math, String, Greedy, Game Theory"
551,HARD,IPO,8,277.6,34.7,https://leetcode.com/problems/ipo,"Array, Greedy, Sorting, Heap (Priority Queue)"
552,EASY,Valid Word,8,276.7,34.6,https://leetcode.com/problems/valid-word,String
553,MEDIUM,Predict the Winner,9,276.6,30.7,https://leetcode.com/problems/predict-the-winner,"Array, Math, Dynamic Programming, Recursion, Minimax, Game Theory, Zero-Sum Game"
554,MEDIUM,Different Ways to Add Parentheses,6,276.0,46.0,https://leetcode.com/problems/different-ways-to-add-parentheses,"Math, String, Dynamic Programming, Recursion, Memoization, Bracket Sequences"
555,MEDIUM,Best Time to Buy and Sell Stock with Transaction Fee,9,275.8,30.6,https://leetcode.com/problems/best-time-to-buy-and-sell-stock-with-transaction-fee,"Array, Dynamic Programming, Greedy"
556,MEDIUM,Minimum Add to Make Parentheses Valid,7,275.0,39.3,https://leetcode.com/problems/minimum-add-to-make-parentheses-valid,"String, Stack, Greedy, Bracket Sequences"
557,HARD,Longest Path With Different Adjacent Characters,5,274.3,54.9,https://leetcode.com/problems/longest-path-with-different-adjacent-characters,"Array, String, Tree, Depth-First Search, Graph Theory, Topological Sort"
558,EASY,Verifying an Alien Dictionary,8,274.0,34.2,https://leetcode.com/problems/verifying-an-alien-dictionary,"Array, Hash Table, String"
559,EASY,First Bad Version,7,273.5,39.1,https://leetcode.com/problems/first-bad-version,"Binary Search, Interactive"
560,EASY,Counting Bits,9,273.4,30.4,https://leetcode.com/problems/counting-bits,"Dynamic Programming, Bit Manipulation"
561,MEDIUM,Repeated DNA Sequences,7,272.9,39.0,https://leetcode.com/problems/repeated-dna-sequences,"Hash Table, String, Bit Manipulation, Sliding Window, Rolling Hash, Hash Function, Z Algorithm, Boyer–Moore String-Search Algorithm"
562,HARD,Find Servers That Handled Most Number of Requests,6,272.3,45.4,https://leetcode.com/problems/find-servers-that-handled-most-number-of-requests,"Array, Heap (Priority Queue), Simulation, Ordered Set"
563,MEDIUM,Bulb Switcher,9,272.2,30.2,https://leetcode.com/problems/bulb-switcher,"Math, Brainteaser"
564,MEDIUM,Ugly Number II,9,271.5,30.2,https://leetcode.com/problems/ugly-number-ii,"Hash Table, Math, Dynamic Programming, Heap (Priority Queue)"
565,MEDIUM,H-Index,8,269.8,33.7,https://leetcode.com/problems/h-index,"Array, Sorting, Counting Sort"
566,EASY,Third Maximum Number,9,269.7,30.0,https://leetcode.com/problems/third-maximum-number,"Array, Sorting"
567,MEDIUM,Combinations,8,268.8,33.6,https://leetcode.com/problems/combinations,Backtracking
568,EASY,Power of Four,7,268.1,38.3,https://leetcode.com/problems/power-of-four,"Math, Bit Manipulation, Recursion"
569,EASY,Set Mismatch,7,267.9,38.3,https://leetcode.com/problems/set-mismatch,"Array, Hash Table, Bit Manipulation, Sorting"
570,MEDIUM,Recover Binary Search Tree,8,266.3,33.3,https://leetcode.com/problems/recover-binary-search-tree,"Tree, Depth-First Search, Binary Search Tree, Binary Tree"
571,MEDIUM,Flatten Binary Tree to Linked List,7,265.9,38.0,https://leetcode.com/problems/flatten-binary-tree-to-linked-list,"Linked List, Stack, Tree, Depth-First Search, Binary Tree"
572,HARD,Count Prefix and Suffix Pairs II,4,264.3,66.1,https://leetcode.com/problems/count-prefix-and-suffix-pairs-ii,"Array, String, Trie, Rolling Hash, String Matching, Hash Function, Z Algorithm"
573,HARD,Robot Room Cleaner,7,264.0,37.7,https://leetcode.com/problems/robot-room-cleaner,"Backtracking, Interactive"
574,EASY,Two Sum IV - Input is a BST,7,263.9,37.7,https://leetcode.com/problems/two-sum-iv-input-is-a-bst,"Hash Table, Two Pointers, Tree, Depth-First Search, Breadth-First Search, Binary Search Tree, Binary Tree"
575,MEDIUM,Game Play Analysis IV,7,263.5,37.6,https://leetcode.com/problems/game-play-analysis-iv,Database
576,MEDIUM,Detonate the Maximum Bombs,7,263.4,37.6,https://leetcode.com/problems/detonate-the-maximum-bombs,"Array, Math, Depth-First Search, Breadth-First Search, Graph Theory, Geometry"
577,EASY,Range Sum Query - Immutable,7,262.8,37.5,https://leetcode.com/problems/range-sum-query-immutable,"Array, Design, Prefix Sum"
578,MEDIUM,Analyze User Website Visit Pattern,5,262.8,52.6,https://leetcode.com/problems/analyze-user-website-visit-pattern,"Array, Hash Table, String, Sorting"
579,MEDIUM,Magnetic Force Between Two Balls,9,262.6,29.2,https://leetcode.com/problems/magnetic-force-between-two-balls,"Array, Binary Search, Sorting"
580,MEDIUM,Add Two Numbers II,9,262.4,29.2,https://leetcode.com/problems/add-two-numbers-ii,"Linked List, Math, Stack"
581,EASY,Number of Good Pairs,8,262.3,32.8,https://leetcode.com/problems/number-of-good-pairs,"Array, Hash Table, Math, Counting"
582,EASY,Rank Transform of an Array,7,261.7,37.4,https://leetcode.com/problems/rank-transform-of-an-array,"Array, Hash Table, Sorting"
583,HARD,Expression Add Operators,7,261.6,37.4,https://leetcode.com/problems/expression-add-operators,"Math, String, Backtracking"
584,EASY,Maximum 69 Number,7,260.9,37.3,https://leetcode.com/problems/maximum-69-number,"Math, Greedy"
585,MEDIUM,Increasing Triplet Subsequence,6,259.5,43.2,https://leetcode.com/problems/increasing-triplet-subsequence,"Array, Greedy, Longest Increasing Subsequence"
586,EASY,Find All Numbers Disappeared in an Array,7,259.1,37.0,https://leetcode.com/problems/find-all-numbers-disappeared-in-an-array,"Array, Hash Table"
587,MEDIUM,Minimum Falling Path Sum,8,258.7,32.3,https://leetcode.com/problems/minimum-falling-path-sum,"Array, Dynamic Programming, Matrix"
588,HARD,Maximum Performance of a Team,6,258.6,43.1,https://leetcode.com/problems/maximum-performance-of-a-team,"Array, Greedy, Sorting, Heap (Priority Queue)"
589,MEDIUM,Restaurant Growth,7,258.0,36.9,https://leetcode.com/problems/restaurant-growth,Database
590,MEDIUM,Bulls and Cows,7,257.6,36.8,https://leetcode.com/problems/bulls-and-cows,"Hash Table, String, Counting"
591,MEDIUM,Number of People Aware of a Secret,6,257.0,42.8,https://leetcode.com/problems/number-of-people-aware-of-a-secret,"Dynamic Programming, Queue, Simulation"
592,MEDIUM,Count Number of Nice Subarrays,8,256.7,32.1,https://leetcode.com/problems/count-number-of-nice-subarrays,"Array, Hash Table, Math, Sliding Window, Prefix Sum"
593,EASY,Greatest Common Divisor of Strings,7,256.4,36.6,https://leetcode.com/problems/greatest-common-divisor-of-strings,"Math, String, Euclidean Algorithm, Greatest Common Divisor"
594,MEDIUM,Maximum Xor Product,5,256.1,51.2,https://leetcode.com/problems/maximum-xor-product,"Math, Greedy, Bit Manipulation"
595,MEDIUM,Create Binary Tree From Descriptions,7,255.4,36.5,https://leetcode.com/problems/create-binary-tree-from-descriptions,"Array, Hash Table, Tree, Binary Tree"
596,MEDIUM,Longest Arithmetic Subsequence,6,254.7,42.5,https://leetcode.com/problems/longest-arithmetic-subsequence,"Array, Hash Table, Binary Search, Dynamic Programming"
597,EASY,Merge Two Binary Trees,8,254.6,31.8,https://leetcode.com/problems/merge-two-binary-trees,"Tree, Depth-First Search, Breadth-First Search, Binary Tree"
598,HARD,Minimum Cost to Make at Least One Valid Path in a Grid,6,254.6,42.4,https://leetcode.com/problems/minimum-cost-to-make-at-least-one-valid-path-in-a-grid,"Array, Breadth-First Search, Graph Theory, Heap (Priority Queue), Matrix, Shortest Path, 0-1 BFS, Dijkstra's Algorithm"
599,EASY,Count Elements With Maximum Frequency,7,254.4,36.3,https://leetcode.com/problems/count-elements-with-maximum-frequency,"Array, Hash Table, Counting"
600,MEDIUM,Shortest Uncommon Substring in an Array,3,254.2,84.7,https://leetcode.com/problems/shortest-uncommon-substring-in-an-array,"Array, Hash Table, String, Trie"
601,MEDIUM,Flatten Deeply Nested Array,6,254.1,42.4,https://leetcode.com/problems/flatten-deeply-nested-array,
602,MEDIUM,Parallel Courses,7,253.9,36.3,https://leetcode.com/problems/parallel-courses,"Graph Theory, Topological Sort, Directed Acyclic Graph"
603,EASY,Maximum Nesting Depth of the Parentheses,7,253.2,36.2,https://leetcode.com/problems/maximum-nesting-depth-of-the-parentheses,"String, Stack, Bracket Sequences"
604,MEDIUM,Maximum Sum of Distinct Subarrays With Length K,8,252.7,31.6,https://leetcode.com/problems/maximum-sum-of-distinct-subarrays-with-length-k,"Array, Hash Table, Sliding Window"
605,EASY,Lemonade Change,8,252.7,31.6,https://leetcode.com/problems/lemonade-change,"Array, Greedy"
606,MEDIUM,Nearest Exit from Entrance in Maze,9,251.6,28.0,https://leetcode.com/problems/nearest-exit-from-entrance-in-maze,"Array, Breadth-First Search, Matrix"
607,MEDIUM,Sum Root to Leaf Numbers,7,251.5,35.9,https://leetcode.com/problems/sum-root-to-leaf-numbers,"Tree, Depth-First Search, Binary Tree"
608,HARD,Create Maximum Number,8,251.1,31.4,https://leetcode.com/problems/create-maximum-number,"Array, Two Pointers, Stack, Greedy, Monotonic Stack"
609,MEDIUM,Immediate Food Delivery II,7,251.1,35.9,https://leetcode.com/problems/immediate-food-delivery-ii,Database
610,MEDIUM,Walking Robot Simulation,6,250.6,41.8,https://leetcode.com/problems/walking-robot-simulation,"Array, Hash Table, Simulation"
611,MEDIUM,Two Best Non-Overlapping Events,6,249.1,41.5,https://leetcode.com/problems/two-best-non-overlapping-events,"Array, Binary Search, Dynamic Programming, Sorting, Heap (Priority Queue)"
612,EASY,Calculate Amount Paid in Taxes,5,248.3,49.7,https://leetcode.com/problems/calculate-amount-paid-in-taxes,"Array, Simulation"
613,HARD,Check If It Is a Good Array,5,248.1,49.6,https://leetcode.com/problems/check-if-it-is-a-good-array,"Array, Math, Number Theory, Bézout's Lemma, Euclidean Algorithm, Greatest Common Divisor, Extended Euclidean Algorithm"
614,MEDIUM,Maximum Good Subarray Sum,5,248.0,49.6,https://leetcode.com/problems/maximum-good-subarray-sum,"Array, Hash Table, Prefix Sum"
615,MEDIUM,IP to CIDR,4,248.0,62.0,https://leetcode.com/problems/ip-to-cidr,"String, Bit Manipulation"
616,MEDIUM,Binary Search Tree Iterator,7,247.8,35.4,https://leetcode.com/problems/binary-search-tree-iterator,"Stack, Tree, Design, Binary Search Tree, Binary Tree, Iterator"
617,MEDIUM,Merge Operations to Turn Array Into a Palindrome,5,247.6,49.5,https://leetcode.com/problems/merge-operations-to-turn-array-into-a-palindrome,"Array, Two Pointers, Greedy"
618,EASY,Monotonic Array,6,247.4,41.2,https://leetcode.com/problems/monotonic-array,Array
619,MEDIUM,132 Pattern,8,246.2,30.8,https://leetcode.com/problems/132-pattern,"Array, Binary Search, Stack, Monotonic Stack, Ordered Set"
620,EASY,Min Cost Climbing Stairs,7,245.9,35.1,https://leetcode.com/problems/min-cost-climbing-stairs,"Array, Dynamic Programming"
621,MEDIUM,Minimum Number of Food Buckets to Feed the Hamsters,3,245.9,82.0,https://leetcode.com/problems/minimum-number-of-food-buckets-to-feed-the-hamsters,"String, Dynamic Programming, Greedy"
622,MEDIUM,Find Duplicate Subtrees,9,245.8,27.3,https://leetcode.com/problems/find-duplicate-subtrees,"Hash Table, Tree, Depth-First Search, Binary Tree"
623,MEDIUM,Number of Divisible Substrings,3,245.8,81.9,https://leetcode.com/problems/number-of-divisible-substrings,"Hash Table, String, Counting, Prefix Sum"
624,HARD,Find the Closest Palindrome,7,245.6,35.1,https://leetcode.com/problems/find-the-closest-palindrome,"Math, String"
625,MEDIUM,Number of Orders in the Backlog,4,245.2,61.3,https://leetcode.com/problems/number-of-orders-in-the-backlog,"Array, Heap (Priority Queue), Simulation"
626,MEDIUM,Web Crawler,6,244.0,40.7,https://leetcode.com/problems/web-crawler,"String, Depth-First Search, Breadth-First Search, Interactive"
627,MEDIUM,Partition to K Equal Sum Subsets,8,243.9,30.5,https://leetcode.com/problems/partition-to-k-equal-sum-subsets,"Array, Dynamic Programming, Backtracking, Bit Manipulation, Memoization, Bitmask"
628,MEDIUM,Determine if Two Strings Are Close,7,243.5,34.8,https://leetcode.com/problems/determine-if-two-strings-are-close,"Hash Table, String, Sorting, Counting"
629,MEDIUM,Water and Jug Problem,8,243.3,30.4,https://leetcode.com/problems/water-and-jug-problem,"Math, Depth-First Search, Breadth-First Search, Bézout's Lemma, Euclidean Algorithm, Greatest Common Divisor, Extended Euclidean Algorithm"
630,HARD,K-th Smallest in Lexicographical Order,7,243.3,34.8,https://leetcode.com/problems/k-th-smallest-in-lexicographical-order,Trie
631,MEDIUM,Pairs of Songs With Total Durations Divisible by 60,7,243.0,34.7,https://leetcode.com/problems/pairs-of-songs-with-total-durations-divisible-by-60,"Array, Hash Table, Counting"
632,MEDIUM,Count Good Numbers,7,242.9,34.7,https://leetcode.com/problems/count-good-numbers,"Math, Recursion"
633,HARD,Number of Ways to Paint N × 3 Grid,8,242.7,30.3,https://leetcode.com/problems/number-of-ways-to-paint-n-3-grid,"Dynamic Programming, Graph Coloring"
634,MEDIUM,Matchsticks to Square,7,241.9,34.6,https://leetcode.com/problems/matchsticks-to-square,"Array, Dynamic Programming, Backtracking, Bit Manipulation, Bitmask"
635,EASY,Duplicate Emails,7,241.8,34.5,https://leetcode.com/problems/duplicate-emails,Database
636,MEDIUM,Maximum Value at a Given Index in a Bounded Array,6,241.6,40.3,https://leetcode.com/problems/maximum-value-at-a-given-index-in-a-bounded-array,"Math, Binary Search, Greedy"
637,MEDIUM,Maximum Area of a Piece of Cake After Horizontal and Vertical Cuts,4,240.9,60.2,https://leetcode.com/problems/maximum-area-of-a-piece-of-cake-after-horizontal-and-vertical-cuts,"Array, Greedy, Sorting"
638,MEDIUM,Single Number III,7,240.7,34.4,https://leetcode.com/problems/single-number-iii,"Array, Bit Manipulation"
639,MEDIUM,Power Grid Maintenance,7,240.7,34.4,https://leetcode.com/problems/power-grid-maintenance,"Array, Hash Table, Depth-First Search, Breadth-First Search, Union-Find, Graph Theory, Heap (Priority Queue), Ordered Set"
640,MEDIUM,Step-By-Step Directions From a Binary Tree Node to Another,6,240.7,40.1,https://leetcode.com/problems/step-by-step-directions-from-a-binary-tree-node-to-another,"String, Tree, Depth-First Search, Binary Tree, Binary Lifting, Lowest Common Ancestor"
641,HARD,Longest Cycle in a Graph,7,240.6,34.4,https://leetcode.com/problems/longest-cycle-in-a-graph,"Depth-First Search, Breadth-First Search, Graph Theory, Topological Sort, Kosaraju's Algorithm, Tarjan's SCC Algorithm"
642,EASY,Maximum Number of Balls in a Box,3,240.5,80.2,https://leetcode.com/problems/maximum-number-of-balls-in-a-box,"Hash Table, Math, Counting"
643,MEDIUM,Best Sightseeing Pair,6,240.2,40.0,https://leetcode.com/problems/best-sightseeing-pair,"Array, Dynamic Programming"
644,EASY,Arranging Coins,6,239.8,40.0,https://leetcode.com/problems/arranging-coins,"Math, Binary Search"
645,MEDIUM,Reverse Nodes in Even Length Groups,6,239.4,39.9,https://leetcode.com/problems/reverse-nodes-in-even-length-groups,Linked List
646,MEDIUM,Loud and Rich,7,239.3,34.2,https://leetcode.com/problems/loud-and-rich,"Array, Depth-First Search, Graph Theory, Topological Sort, Directed Acyclic Graph"
647,EASY,Largest 3-Same-Digit Number in String,5,239.1,47.8,https://leetcode.com/problems/largest-3-same-digit-number-in-string,String
648,MEDIUM,Rank Scores,7,238.9,34.1,https://leetcode.com/problems/rank-scores,Database
649,EASY,Minimum String Length After Removing Substrings,6,238.8,39.8,https://leetcode.com/problems/minimum-string-length-after-removing-substrings,"String, Stack, Simulation"
650,MEDIUM,Minimum Deletions to Make Character Frequencies Unique,6,238.6,39.8,https://leetcode.com/problems/minimum-deletions-to-make-character-frequencies-unique,"Hash Table, String, Greedy, Sorting"
651,MEDIUM,Minimum Time Difference,7,238.0,34.0,https://leetcode.com/problems/minimum-time-difference,"Array, Math, String, Sorting"
652,MEDIUM,Max Difference You Can Get From Changing an Integer,6,237.1,39.5,https://leetcode.com/problems/max-difference-you-can-get-from-changing-an-integer,"Math, Greedy"
653,MEDIUM,Count Unguarded Cells in the Grid,7,237.0,33.9,https://leetcode.com/problems/count-unguarded-cells-in-the-grid,"Array, Matrix, Simulation"
654,MEDIUM,Divide Intervals Into Minimum Number of Groups,7,237.0,33.9,https://leetcode.com/problems/divide-intervals-into-minimum-number-of-groups,"Array, Two Pointers, Greedy, Sorting, Heap (Priority Queue), Prefix Sum"
655,MEDIUM,Count Pairs of Connectable Servers in a Weighted Tree Network,3,236.6,78.9,https://leetcode.com/problems/count-pairs-of-connectable-servers-in-a-weighted-tree-network,"Array, Tree, Depth-First Search"
656,EASY,Average Selling Price,6,236.1,39.4,https://leetcode.com/problems/average-selling-price,Database
657,MEDIUM,Alternating Groups II,6,236.0,39.3,https://leetcode.com/problems/alternating-groups-ii,"Array, Sliding Window"
658,MEDIUM,Find Leaves of Binary Tree,6,235.8,39.3,https://leetcode.com/problems/find-leaves-of-binary-tree,"Tree, Depth-First Search, Binary Tree, DP on Trees"
659,EASY,Longest Strictly Increasing or Strictly Decreasing Subarray,7,235.4,33.6,https://leetcode.com/problems/longest-strictly-increasing-or-strictly-decreasing-subarray,Array
660,MEDIUM,Minimize the Maximum Difference of Pairs,6,234.3,39.1,https://leetcode.com/problems/minimize-the-maximum-difference-of-pairs,"Array, Binary Search, Dynamic Programming, Greedy, Sorting"
661,EASY,Find Numbers with Even Number of Digits,7,233.6,33.4,https://leetcode.com/problems/find-numbers-with-even-number-of-digits,"Array, Math"
662,MEDIUM,Group Shifted Strings,4,233.5,58.4,https://leetcode.com/problems/group-shifted-strings,"Array, Hash Table, String"
663,EASY,Unique Email Addresses,6,233.3,38.9,https://leetcode.com/problems/unique-email-addresses,"Array, Hash Table, String"
664,HARD,Contains Duplicate III,7,233.1,33.3,https://leetcode.com/problems/contains-duplicate-iii,"Array, Sliding Window, Sorting, Bucket Sort, Ordered Set"
665,EASY,Minimum Cost of Buying Candies With Discount,5,232.3,46.5,https://leetcode.com/problems/minimum-cost-of-buying-candies-with-discount,"Array, Greedy, Sorting"
666,MEDIUM,Construct String With Repeat Limit,4,232.1,58.0,https://leetcode.com/problems/construct-string-with-repeat-limit,"Hash Table, String, Greedy, Heap (Priority Queue), Counting"
667,MEDIUM,Longest Substring Of All Vowels in Order,6,232.0,38.7,https://leetcode.com/problems/longest-substring-of-all-vowels-in-order,"String, Sliding Window"
668,EASY,Find Words That Can Be Formed by Characters,7,231.9,33.1,https://leetcode.com/problems/find-words-that-can-be-formed-by-characters,"Array, Hash Table, String, Counting"
669,MEDIUM,Beautiful Arrangement,7,231.4,33.1,https://leetcode.com/problems/beautiful-arrangement,"Array, Dynamic Programming, Backtracking, Bit Manipulation, Bitmask"
670,EASY,Running Sum of 1d Array,6,231.1,38.5,https://leetcode.com/problems/running-sum-of-1d-array,"Array, Prefix Sum"
671,HARD,24 Game,7,230.6,32.9,https://leetcode.com/problems/24-game,"Array, Math, Backtracking"
672,MEDIUM,Knight Dialer,6,230.3,38.4,https://leetcode.com/problems/knight-dialer,Dynamic Programming
673,HARD,Lexicographically Maximum MEX Array,4,230.0,57.5,https://leetcode.com/problems/lexicographically-maximum-mex-array,"Array, Hash Table, Greedy, Queue"
674,MEDIUM,Length of Longest Subarray With at Most K Frequency,6,230.0,38.3,https://leetcode.com/problems/length-of-longest-subarray-with-at-most-k-frequency,"Array, Hash Table, Sliding Window"
675,MEDIUM,Count the Hidden Sequences,6,229.7,38.3,https://leetcode.com/problems/count-the-hidden-sequences,"Array, Prefix Sum"
676,MEDIUM,Merge In Between Linked Lists,8,229.6,28.7,https://leetcode.com/problems/merge-in-between-linked-lists,Linked List
677,EASY,User Activity for the Past 30 Days I,6,229.4,38.2,https://leetcode.com/problems/user-activity-for-the-past-30-days-i,Database
678,HARD,Minimum Number of Visited Cells in a Grid,3,228.9,76.3,https://leetcode.com/problems/minimum-number-of-visited-cells-in-a-grid,"Array, Dynamic Programming, Stack, Breadth-First Search, Union-Find, Heap (Priority Queue), Matrix, Monotonic Stack"
679,EASY,Maximum Product of Two Elements in an Array,8,228.8,28.6,https://leetcode.com/problems/maximum-product-of-two-elements-in-an-array,"Array, Sorting, Heap (Priority Queue)"
680,MEDIUM,K-diff Pairs in an Array,7,228.7,32.7,https://leetcode.com/problems/k-diff-pairs-in-an-array,"Array, Hash Table, Two Pointers, Binary Search, Sorting"
681,HARD,Number of Ways to Wear Different Hats to Each Other,3,228.5,76.2,https://leetcode.com/problems/number-of-ways-to-wear-different-hats-to-each-other,"Array, Dynamic Programming, Bit Manipulation, Bitmask, Bipartite Graph, Matching (Graph), Perfect Matching"
682,HARD,Couples Holding Hands,7,228.3,32.6,https://leetcode.com/problems/couples-holding-hands,"Greedy, Depth-First Search, Breadth-First Search, Union-Find, Graph Theory"
683,EASY,Binary Gap,6,228.1,38.0,https://leetcode.com/problems/binary-gap,Bit Manipulation
684,MEDIUM,Stock Price Fluctuation ,6,227.5,37.9,https://leetcode.com/problems/stock-price-fluctuation,"Hash Table, Design, Heap (Priority Queue), Data Stream, Ordered Set"
685,EASY,Odd String Difference,5,227.4,45.5,https://leetcode.com/problems/odd-string-difference,"Array, Hash Table, String"
686,MEDIUM,Verify Preorder Sequence in Binary Search Tree,5,227.2,45.4,https://leetcode.com/problems/verify-preorder-sequence-in-binary-search-tree,"Array, Stack, Tree, Binary Search Tree, Recursion, Monotonic Stack, Binary Tree"
687,MEDIUM,Synonymous Sentences,3,227.2,75.7,https://leetcode.com/problems/synonymous-sentences,"Array, Hash Table, String, Backtracking, Sort, Union-Find"
688,MEDIUM,Grumpy Bookstore Owner,7,226.6,32.4,https://leetcode.com/problems/grumpy-bookstore-owner,"Array, Sliding Window"
689,MEDIUM,Cache With Time Limit,7,226.5,32.4,https://leetcode.com/problems/cache-with-time-limit,
690,EASY,Longest Palindrome,7,226.1,32.3,https://leetcode.com/problems/longest-palindrome,"Hash Table, String, Greedy"
691,MEDIUM,Number of Subarrays That Match a Pattern I,5,224.9,45.0,https://leetcode.com/problems/number-of-subarrays-that-match-a-pattern-i,"Array, Rolling Hash, String Matching, Hash Function"
692,MEDIUM,Count the Number of Good Subsequences,3,224.6,74.9,https://leetcode.com/problems/count-the-number-of-good-subsequences,"Hash Table, Math, String, Combinatorics, Counting"
693,MEDIUM,Count the Number of Fair Pairs,7,224.2,32.0,https://leetcode.com/problems/count-the-number-of-fair-pairs,"Array, Two Pointers, Binary Search, Sorting"
694,MEDIUM,Most Beautiful Item for Each Query,4,223.3,55.8,https://leetcode.com/problems/most-beautiful-item-for-each-query,"Array, Binary Search, Sorting"
695,MEDIUM,Inorder Successor in BST,6,222.8,37.1,https://leetcode.com/problems/inorder-successor-in-bst,"Tree, Depth-First Search, Binary Search Tree, Binary Tree"
696,MEDIUM,Count Ways To Build Good Strings,8,222.7,27.8,https://leetcode.com/problems/count-ways-to-build-good-strings,Dynamic Programming
697,MEDIUM,Detect Cycles in 2D Grid,6,222.4,37.1,https://leetcode.com/problems/detect-cycles-in-2d-grid,"Array, Depth-First Search, Breadth-First Search, Union-Find, Matrix"
698,MEDIUM,Find Eventual Safe States,7,222.3,31.8,https://leetcode.com/problems/find-eventual-safe-states,"Depth-First Search, Breadth-First Search, Graph Theory, Topological Sort, Kosaraju's Algorithm, Tarjan's SCC Algorithm"
699,MEDIUM,Shifting Letters II,6,222.3,37.1,https://leetcode.com/problems/shifting-letters-ii,"Array, String, Prefix Sum"
700,MEDIUM,Movie Rating,7,222.1,31.7,https://leetcode.com/problems/movie-rating,Database
701,MEDIUM,Longest Univalue Path,5,222.1,44.4,https://leetcode.com/problems/longest-univalue-path,"Tree, Depth-First Search, Binary Tree, DP on Trees"
702,MEDIUM,Shortest and Lexicographically Smallest Beautiful String,3,220.6,73.5,https://leetcode.com/problems/shortest-and-lexicographically-smallest-beautiful-string,"String, Sliding Window"
703,MEDIUM,Flatten a Multilevel Doubly Linked List,7,220.4,31.5,https://leetcode.com/problems/flatten-a-multilevel-doubly-linked-list,"Linked List, Depth-First Search, Doubly-Linked List"
704,MEDIUM,Number of Substrings Containing All Three Characters,6,220.2,36.7,https://leetcode.com/problems/number-of-substrings-containing-all-three-characters,"Hash Table, String, Sliding Window"
705,EASY,Find Winner on a Tic Tac Toe Game,7,220.0,31.4,https://leetcode.com/problems/find-winner-on-a-tic-tac-toe-game,"Array, Hash Table, Matrix, Simulation"
706,MEDIUM,Populating Next Right Pointers in Each Node II,7,219.5,31.4,https://leetcode.com/problems/populating-next-right-pointers-in-each-node-ii,"Linked List, Tree, Depth-First Search, Breadth-First Search, Binary Tree"
707,EASY,Kids With the Greatest Number of Candies,6,219.4,36.6,https://leetcode.com/problems/kids-with-the-greatest-number-of-candies,Array
708,EASY,Perfect Number,7,219.1,31.3,https://leetcode.com/problems/perfect-number,Math
709,MEDIUM,Find the Safest Path in a Grid,8,219.0,27.4,https://leetcode.com/problems/find-the-safest-path-in-a-grid,"Array, Binary Search, Breadth-First Search, Union-Find, Heap (Priority Queue), Matrix"
710,MEDIUM,Count Zero Request Servers,4,219.0,54.8,https://leetcode.com/problems/count-zero-request-servers,"Array, Hash Table, Sliding Window, Sorting"
711,EASY,N-th Tribonacci Number,7,218.9,31.3,https://leetcode.com/problems/n-th-tribonacci-number,"Math, Dynamic Programming, Memoization"
712,MEDIUM,Count Complete Tree Nodes,7,218.3,31.2,https://leetcode.com/problems/count-complete-tree-nodes,"Binary Search, Bit Manipulation, Tree, Binary Tree"
713,MEDIUM,Design Spreadsheet,7,218.2,31.2,https://leetcode.com/problems/design-spreadsheet,"Array, Hash Table, String, Design, Matrix"
714,EASY,Maximum Units on a Truck,8,217.9,27.2,https://leetcode.com/problems/maximum-units-on-a-truck,"Array, Greedy, Sorting"
715,EASY,Defanging an IP Address,7,217.7,31.1,https://leetcode.com/problems/defanging-an-ip-address,String
716,EASY,Find the Highest Altitude,7,217.1,31.0,https://leetcode.com/problems/find-the-highest-altitude,"Array, Prefix Sum"
717,HARD,Maximum Number of Non-overlapping Palindrome Substrings,5,217.1,43.4,https://leetcode.com/problems/maximum-number-of-non-overlapping-palindrome-substrings,"Two Pointers, String, Dynamic Programming, Greedy"
718,HARD,Split Message Based on Limit,5,216.7,43.3,https://leetcode.com/problems/split-message-based-on-limit,"String, Enumeration"
719,EASY,Closest Binary Search Tree Value,6,216.7,36.1,https://leetcode.com/problems/closest-binary-search-tree-value,"Binary Search, Tree, Depth-First Search, Binary Search Tree, Binary Tree"
720,MEDIUM,Make Lexicographically Smallest Array by Swapping Elements,6,216.1,36.0,https://leetcode.com/problems/make-lexicographically-smallest-array-by-swapping-elements,"Array, Union-Find, Sorting"
721,EASY,Reformat Date,4,216.1,54.0,https://leetcode.com/problems/reformat-date,String
722,HARD,Minimum One Bit Operations to Make Integers Zero,5,215.6,43.1,https://leetcode.com/problems/minimum-one-bit-operations-to-make-integers-zero,"Math, Dynamic Programming, Bit Manipulation, Recursion, Memoization"
723,MEDIUM,Minimum Substring Partition of Equal Character Frequency,4,215.6,53.9,https://leetcode.com/problems/minimum-substring-partition-of-equal-character-frequency,"Hash Table, String, Dynamic Programming, Counting"
724,MEDIUM,Count Sub Islands,5,215.3,43.1,https://leetcode.com/problems/count-sub-islands,"Array, Depth-First Search, Breadth-First Search, Union-Find, Matrix"
725,EASY,Find Missing and Repeated Values,6,214.7,35.8,https://leetcode.com/problems/find-missing-and-repeated-values,"Array, Hash Table, Math, Matrix"
726,EASY,Product Sales Analysis I,7,214.6,30.7,https://leetcode.com/problems/product-sales-analysis-i,Database
727,MEDIUM,Single-Threaded CPU,7,214.1,30.6,https://leetcode.com/problems/single-threaded-cpu,"Array, Sorting, Heap (Priority Queue)"
728,MEDIUM,Divide Players Into Teams of Equal Skill,5,214.0,42.8,https://leetcode.com/problems/divide-players-into-teams-of-equal-skill,"Array, Hash Table, Two Pointers, Sorting"
729,HARD,Split Array With Same Average,6,212.7,35.4,https://leetcode.com/problems/split-array-with-same-average,"Array, Hash Table, Math, Dynamic Programming, Bit Manipulation, Meet in the Middle, Bitmask"
730,HARD,Divide an Array Into Subarrays With Minimum Cost II,4,212.7,53.2,https://leetcode.com/problems/divide-an-array-into-subarrays-with-minimum-cost-ii,"Array, Hash Table, Sliding Window, Heap (Priority Queue)"
731,EASY,Percentage of Users Attended a Contest,7,212.3,30.3,https://leetcode.com/problems/percentage-of-users-attended-a-contest,Database
732,EASY,Teemo Attacking,5,212.1,42.4,https://leetcode.com/problems/teemo-attacking,"Array, Simulation"
733,EASY,Distribute Money to Maximum Children,4,211.7,52.9,https://leetcode.com/problems/distribute-money-to-maximum-children,"Math, Greedy"
734,EASY,Guess Number Higher or Lower,7,211.3,30.2,https://leetcode.com/problems/guess-number-higher-or-lower,"Binary Search, Interactive"
735,EASY,Shuffle the Array,6,210.9,35.1,https://leetcode.com/problems/shuffle-the-array,Array
736,EASY,Largest Number After Digit Swaps by Parity,5,210.8,42.2,https://leetcode.com/problems/largest-number-after-digit-swaps-by-parity,"Sorting, Heap (Priority Queue)"
737,HARD,Last Substring in Lexicographical Order,6,210.1,35.0,https://leetcode.com/problems/last-substring-in-lexicographical-order,"Two Pointers, String, Lyndon Factorization"
738,EASY,Design Parking System,6,209.5,34.9,https://leetcode.com/problems/design-parking-system,"Design, Simulation, Counting"
739,EASY,Customers Who Never Order,6,209.3,34.9,https://leetcode.com/problems/customers-who-never-order,Database
740,MEDIUM,Find Duplicate File in System,6,209.0,34.8,https://leetcode.com/problems/find-duplicate-file-in-system,"Array, Hash Table, String"
741,HARD,Parse Lisp Expression,4,208.8,52.2,https://leetcode.com/problems/parse-lisp-expression,"Hash Table, String, Stack, Recursion"
742,HARD,Longest Duplicate Substring,7,208.7,29.8,https://leetcode.com/problems/longest-duplicate-substring,"String, Binary Search, Sliding Window, Rolling Hash, Suffix Array, Hash Function, Suffix Automaton, Suffix Tree, Z Algorithm, Boyer–Moore String-Search Algorithm"
743,MEDIUM,Rearrange Array Elements by Sign,6,208.4,34.7,https://leetcode.com/problems/rearrange-array-elements-by-sign,"Array, Two Pointers, Simulation"
744,HARD,Minimum Cost to Reach Destination in Time,7,208.4,29.8,https://leetcode.com/problems/minimum-cost-to-reach-destination-in-time,"Array, Dynamic Programming, Graph Theory, Dijkstra's Algorithm"
745,EASY,Sort Array By Parity,7,208.2,29.7,https://leetcode.com/problems/sort-array-by-parity,"Array, Two Pointers, Sorting"
746,MEDIUM,Minimize Maximum Pair Sum in Array,6,207.7,34.6,https://leetcode.com/problems/minimize-maximum-pair-sum-in-array,"Array, Two Pointers, Greedy, Sorting"
747,MEDIUM,The kth Factor of n,6,207.7,34.6,https://leetcode.com/problems/the-kth-factor-of-n,"Math, Number Theory, Prime Factorization"
748,MEDIUM,Minimum Number of Arrows to Burst Balloons,7,207.4,29.6,https://leetcode.com/problems/minimum-number-of-arrows-to-burst-balloons,"Array, Greedy, Sorting"
749,EASY,Transpose Matrix,6,206.7,34.5,https://leetcode.com/problems/transpose-matrix,"Array, Matrix, Simulation"
750,MEDIUM,Combination Sum IV,7,206.7,29.5,https://leetcode.com/problems/combination-sum-iv,"Array, Dynamic Programming"
751,HARD,Robot Collisions,7,205.2,29.3,https://leetcode.com/problems/robot-collisions,"Array, Stack, Sorting, Simulation"
752,MEDIUM,Bitwise ORs of Subarrays,7,204.6,29.2,https://leetcode.com/problems/bitwise-ors-of-subarrays,"Array, Dynamic Programming, Bit Manipulation"
753,MEDIUM,Find Largest Value in Each Tree Row,8,204.3,25.5,https://leetcode.com/problems/find-largest-value-in-each-tree-row,"Tree, Depth-First Search, Breadth-First Search, Binary Tree"
754,MEDIUM,Binary Subarrays With Sum,6,203.4,33.9,https://leetcode.com/problems/binary-subarrays-with-sum,"Array, Hash Table, Sliding Window, Prefix Sum"
755,EASY,Number of Changing Keys,5,203.2,40.6,https://leetcode.com/problems/number-of-changing-keys,String
756,MEDIUM,Number of Distinct Substrings in a String,4,203.1,50.8,https://leetcode.com/problems/number-of-distinct-substrings-in-a-string,"String, Trie, Rolling Hash, Suffix Array, Hash Function"
757,EASY,Ugly Number,7,202.9,29.0,https://leetcode.com/problems/ugly-number,Math
758,MEDIUM,Arithmetic Slices,6,202.8,33.8,https://leetcode.com/problems/arithmetic-slices,"Array, Dynamic Programming, Sliding Window"
759,MEDIUM,Make Sum Divisible by P,7,202.3,28.9,https://leetcode.com/problems/make-sum-divisible-by-p,"Array, Hash Table, Prefix Sum"
760,MEDIUM,Count Good Meals,4,202.0,50.5,https://leetcode.com/problems/count-good-meals,"Array, Hash Table"
761,MEDIUM,Nth Digit,8,201.9,25.2,https://leetcode.com/problems/nth-digit,"Math, Binary Search"
762,MEDIUM,Finding Pairs With a Certain Sum,7,201.9,28.8,https://leetcode.com/problems/finding-pairs-with-a-certain-sum,"Array, Hash Table, Design"
763,MEDIUM,Minimum Limit of Balls in a Bag,7,200.1,28.6,https://leetcode.com/problems/minimum-limit-of-balls-in-a-bag,"Array, Binary Search"
764,MEDIUM,The Earliest Moment When Everyone Become Friends,3,199.9,66.6,https://leetcode.com/problems/the-earliest-moment-when-everyone-become-friends,"Array, Union-Find, Sorting"
765,EASY,Find the K-Beauty of a Number,3,199.5,66.5,https://leetcode.com/problems/find-the-k-beauty-of-a-number,"Math, String, Sliding Window"
766,MEDIUM,Minimum Cost Homecoming of a Robot in a Grid,4,199.4,49.9,https://leetcode.com/problems/minimum-cost-homecoming-of-a-robot-in-a-grid,"Array, Greedy"
767,MEDIUM,Maximum Profit From Trading Stocks,5,199.3,39.9,https://leetcode.com/problems/maximum-profit-from-trading-stocks,"Array, Dynamic Programming"
768,MEDIUM,Max Number of K-Sum Pairs,7,199.0,28.4,https://leetcode.com/problems/max-number-of-k-sum-pairs,"Array, Hash Table, Two Pointers, Sorting"
769,HARD,Serialize and Deserialize N-ary Tree,7,198.3,28.3,https://leetcode.com/problems/serialize-and-deserialize-n-ary-tree,"String, Tree, Depth-First Search, Breadth-First Search"
770,HARD,Minimum Cost to Cut a Stick,6,198.0,33.0,https://leetcode.com/problems/minimum-cost-to-cut-a-stick,"Array, Dynamic Programming, Sorting"
771,MEDIUM,Letter Case Permutation,7,197.9,28.3,https://leetcode.com/problems/letter-case-permutation,"String, Backtracking, Bit Manipulation"
772,EASY,Customer Who Visited but Did Not Make Any Transactions,6,197.2,32.9,https://leetcode.com/problems/customer-who-visited-but-did-not-make-any-transactions,Database
773,MEDIUM,Minimum Time to Repair Cars,6,196.4,32.7,https://leetcode.com/problems/minimum-time-to-repair-cars,"Array, Binary Search"
774,EASY,Big Countries,5,196.4,39.3,https://leetcode.com/problems/big-countries,Database
775,MEDIUM,Lexicographical Numbers,6,196.3,32.7,https://leetcode.com/problems/lexicographical-numbers,"Depth-First Search, Trie"
776,HARD,Difference Between Maximum and Minimum Price Sum,2,196.3,98.2,https://leetcode.com/problems/difference-between-maximum-and-minimum-price-sum,"Array, Dynamic Programming, Tree, Depth-First Search, DP on Trees"
777,EASY,Nim Game,7,196.2,28.0,https://leetcode.com/problems/nim-game,"Math, Brainteaser, Minimax, Game Theory, Nim Game, Impartial Game"
778,MEDIUM,Max Chunks To Make Sorted,7,195.4,27.9,https://leetcode.com/problems/max-chunks-to-make-sorted,"Array, Stack, Greedy, Sorting, Monotonic Stack"
779,HARD,Strong Password Checker,7,195.3,27.9,https://leetcode.com/problems/strong-password-checker,"String, Greedy, Heap (Priority Queue)"
780,EASY,Maximum Repeating Substring,5,195.3,39.1,https://leetcode.com/problems/maximum-repeating-substring,"String, Dynamic Programming, String Matching"
781,HARD,Find the Maximum Sum of Node Values,4,194.3,48.6,https://leetcode.com/problems/find-the-maximum-sum-of-node-values,"Array, Dynamic Programming, Greedy, Bit Manipulation, Tree, Sorting"
782,HARD,Number of Subarrays That Match a Pattern II,2,194.3,97.2,https://leetcode.com/problems/number-of-subarrays-that-match-a-pattern-ii,"Array, Rolling Hash, String Matching, Hash Function"
783,MEDIUM,Satisfiability of Equality Equations,5,194.0,38.8,https://leetcode.com/problems/satisfiability-of-equality-equations,"Array, String, Union-Find, Graph Theory"
784,EASY,Longest Harmonious Subsequence,6,193.5,32.3,https://leetcode.com/problems/longest-harmonious-subsequence,"Array, Hash Table, Sliding Window, Sorting, Counting"
785,MEDIUM,Minimum Equal Sum of Two Arrays After Replacing Zeros,5,193.4,38.7,https://leetcode.com/problems/minimum-equal-sum-of-two-arrays-after-replacing-zeros,"Array, Greedy"
786,MEDIUM,Investments in 2016,6,193.2,32.2,https://leetcode.com/problems/investments-in-2016,Database
787,HARD,Read N Characters Given read4 II - Call Multiple Times,5,193.1,38.6,https://leetcode.com/problems/read-n-characters-given-read4-ii-call-multiple-times,"Array, Simulation, Interactive"
788,MEDIUM,Maximum Subsequence Score,6,192.9,32.1,https://leetcode.com/problems/maximum-subsequence-score,"Array, Greedy, Sorting, Heap (Priority Queue)"
789,HARD,Scramble String,6,192.8,32.1,https://leetcode.com/problems/scramble-string,"String, Dynamic Programming"
790,MEDIUM,Get Watched Videos by Your Friends,4,192.1,48.0,https://leetcode.com/problems/get-watched-videos-by-your-friends,"Array, Hash Table, Breadth-First Search, Graph Theory, Sorting"
791,MEDIUM,Task Scheduler II,6,191.5,31.9,https://leetcode.com/problems/task-scheduler-ii,"Array, Hash Table, Simulation"
792,MEDIUM,Most Profit Assigning Work,5,191.4,38.3,https://leetcode.com/problems/most-profit-assigning-work,"Array, Two Pointers, Binary Search, Greedy, Sorting"
793,HARD,Sliding Puzzle,7,191.1,27.3,https://leetcode.com/problems/sliding-puzzle,"Array, Dynamic Programming, Backtracking, Breadth-First Search, Memoization, Matrix, Heuristic Search, Bidirectional Search, A* Search"
794,EASY,Count Square Sum Triples,5,190.8,38.2,https://leetcode.com/problems/count-square-sum-triples,"Math, Enumeration"
795,EASY,Find the Difference,6,190.3,31.7,https://leetcode.com/problems/find-the-difference,"Hash Table, String, Bit Manipulation, Sorting"
796,EASY,Maximum Length Substring With Two Occurrences,7,190.0,27.1,https://leetcode.com/problems/maximum-length-substring-with-two-occurrences,"Hash Table, String, Sliding Window"
797,MEDIUM,Distribute Candies Among Children II,5,189.7,37.9,https://leetcode.com/problems/distribute-candies-among-children-ii,"Math, Combinatorics, Enumeration"
798,MEDIUM,Minimum Cost Path with Edge Reversals,7,189.5,27.1,https://leetcode.com/problems/minimum-cost-path-with-edge-reversals,"Graph Theory, Heap (Priority Queue), Shortest Path"
799,EASY,Count Pairs Of Similar Strings,4,189.0,47.2,https://leetcode.com/problems/count-pairs-of-similar-strings,"Array, Hash Table, String, Bit Manipulation, Counting"
800,HARD,Length of Longest V-Shaped Diagonal Segment,5,188.5,37.7,https://leetcode.com/problems/length-of-longest-v-shaped-diagonal-segment,"Array, Dynamic Programming, Memoization, Matrix"
801,MEDIUM,Minimum Genetic Mutation,6,188.3,31.4,https://leetcode.com/problems/minimum-genetic-mutation,"Hash Table, String, Breadth-First Search, Bidirectional Search"
802,MEDIUM,Construct Binary Tree from Inorder and Postorder Traversal,7,188.2,26.9,https://leetcode.com/problems/construct-binary-tree-from-inorder-and-postorder-traversal,"Array, Hash Table, Divide and Conquer, Tree, Binary Tree"
803,MEDIUM,Design Log Storage System,4,187.9,47.0,https://leetcode.com/problems/design-log-storage-system,"Hash Table, String, Design, Ordered Set"
804,MEDIUM,Maximum Length of Repeated Subarray,6,187.3,31.2,https://leetcode.com/problems/maximum-length-of-repeated-subarray,"Array, Binary Search, Dynamic Programming, Sliding Window, Rolling Hash, Hash Function"
805,HARD,Minimum Space Wasted From Packaging,3,187.3,62.4,https://leetcode.com/problems/minimum-space-wasted-from-packaging,"Array, Binary Search, Sorting, Prefix Sum"
806,MEDIUM,Video Stitching,4,187.2,46.8,https://leetcode.com/problems/video-stitching,"Array, Dynamic Programming, Greedy"
807,EASY,N-Repeated Element in Size 2N Array,6,186.9,31.2,https://leetcode.com/problems/n-repeated-element-in-size-2n-array,"Array, Hash Table, Pigeonhole Principle"
808,EASY,Find Customer Referee,5,186.9,37.4,https://leetcode.com/problems/find-customer-referee,Database
809,HARD,Minimum Cost to Make Array Equal,6,186.6,31.1,https://leetcode.com/problems/minimum-cost-to-make-array-equal,"Array, Binary Search, Greedy, Sorting, Prefix Sum"
810,EASY,Divide an Array Into Subarrays With Minimum Cost I,6,186.5,31.1,https://leetcode.com/problems/divide-an-array-into-subarrays-with-minimum-cost-i,"Array, Sorting, Enumeration"
811,HARD,Maximize Score After N Operations,2,186.5,93.2,https://leetcode.com/problems/maximize-score-after-n-operations,"Array, Math, Dynamic Programming, Backtracking, Bit Manipulation, Number Theory, Bitmask"
812,HARD,Maximum XOR of Two Non-Overlapping Subtrees,2,186.4,93.2,https://leetcode.com/problems/maximum-xor-of-two-non-overlapping-subtrees,"Tree, Depth-First Search, Graph Theory, Trie"
813,MEDIUM,Minimum Cost to Buy Apples,2,186.4,93.2,https://leetcode.com/problems/minimum-cost-to-buy-apples,"Array, Graph Theory, Heap (Priority Queue), Shortest Path"
814,HARD,Subarray With Elements Greater Than Varying Threshold,3,186.2,62.1,https://leetcode.com/problems/subarray-with-elements-greater-than-varying-threshold,"Array, Stack, Union-Find, Monotonic Stack"
815,MEDIUM,Successful Pairs of Spells and Potions,7,186.0,26.6,https://leetcode.com/problems/successful-pairs-of-spells-and-potions,"Array, Two Pointers, Binary Search, Sorting"
816,MEDIUM,Rectangle Area,7,185.7,26.5,https://leetcode.com/problems/rectangle-area,"Math, Geometry"
817,HARD,Cherry Pickup II,6,185.7,30.9,https://leetcode.com/problems/cherry-pickup-ii,"Array, Dynamic Programming, Matrix"
818,MEDIUM,Least Number of Unique Integers after K Removals,6,185.7,30.9,https://leetcode.com/problems/least-number-of-unique-integers-after-k-removals,"Array, Hash Table, Greedy, Sorting, Counting"
819,HARD,Minimum Initial Energy to Finish Tasks,5,185.6,37.1,https://leetcode.com/problems/minimum-initial-energy-to-finish-tasks,"Array, Greedy, Sorting"
820,EASY,Toeplitz Matrix,4,185.3,46.3,https://leetcode.com/problems/toeplitz-matrix,"Array, Matrix"
821,MEDIUM,Word Pattern II,5,185.3,37.1,https://leetcode.com/problems/word-pattern-ii,"Hash Table, String, Backtracking"
822,MEDIUM,Longest Nice Subarray,6,185.1,30.8,https://leetcode.com/problems/longest-nice-subarray,"Array, Bit Manipulation, Sliding Window"
823,EASY,Game Play Analysis I,6,184.7,30.8,https://leetcode.com/problems/game-play-analysis-i,Database
824,EASY,Count Operations to Obtain Zero,4,184.4,46.1,https://leetcode.com/problems/count-operations-to-obtain-zero,"Math, Simulation"
825,MEDIUM,Cinema Seat Allocation,5,184.3,36.9,https://leetcode.com/problems/cinema-seat-allocation,"Array, Hash Table, Greedy, Bit Manipulation"
826,MEDIUM,Maximal Score After Applying K Operations,6,184.0,30.7,https://leetcode.com/problems/maximal-score-after-applying-k-operations,"Array, Greedy, Heap (Priority Queue)"
827,MEDIUM,Jump Game VI,7,183.8,26.3,https://leetcode.com/problems/jump-game-vi,"Array, Dynamic Programming, Queue, Heap (Priority Queue), Monotonic Queue"
828,MEDIUM,Maximum Total Damage With Spell Casting,7,183.2,26.2,https://leetcode.com/problems/maximum-total-damage-with-spell-casting,"Array, Hash Table, Two Pointers, Binary Search, Dynamic Programming, Sorting, Counting"
829,EASY,1-bit and 2-bit Characters,5,182.9,36.6,https://leetcode.com/problems/1-bit-and-2-bit-characters,Array
830,EASY,Find the Original Typed String I,7,182.1,26.0,https://leetcode.com/problems/find-the-original-typed-string-i,String
831,MEDIUM,Minimize Maximum of Array,5,181.9,36.4,https://leetcode.com/problems/minimize-maximum-of-array,"Array, Binary Search, Dynamic Programming, Greedy, Prefix Sum"
832,MEDIUM,Lexicographically Minimum String After Removing Stars,7,181.7,26.0,https://leetcode.com/problems/lexicographically-minimum-string-after-removing-stars,"Hash Table, String, Stack, Greedy, Heap (Priority Queue)"
833,MEDIUM,Construct Quad Tree,7,181.5,25.9,https://leetcode.com/problems/construct-quad-tree,"Array, Divide and Conquer, Tree, Matrix"
834,HARD,Consecutive Numbers Sum,6,181.5,30.2,https://leetcode.com/problems/consecutive-numbers-sum,"Math, Enumeration"
835,MEDIUM,Minimum Deletions to Make String Balanced,6,181.4,30.2,https://leetcode.com/problems/minimum-deletions-to-make-string-balanced,"String, Dynamic Programming, Stack"
836,HARD,Minimum Window Subsequence,5,181.4,36.3,https://leetcode.com/problems/minimum-window-subsequence,"String, Dynamic Programming, Sliding Window"
837,HARD,Parsing A Boolean Expression,7,181.3,25.9,https://leetcode.com/problems/parsing-a-boolean-expression,"String, Stack, Recursion"
838,MEDIUM,Fraction Addition and Subtraction,4,181.1,45.3,https://leetcode.com/problems/fraction-addition-and-subtraction,"Math, String, Simulation, Euclidean Algorithm, Greatest Common Divisor"
839,MEDIUM,Number of Matching Subsequences,7,180.7,25.8,https://leetcode.com/problems/number-of-matching-subsequences,"Array, Hash Table, String, Binary Search, Dynamic Programming, Trie, Sorting"
840,HARD,Count Good Subarrays,3,180.4,60.1,https://leetcode.com/problems/count-good-subarrays,"Array, Stack, Bit Manipulation, Monotonic Stack"
841,EASY,Count Negative Numbers in a Sorted Matrix,6,180.4,30.1,https://leetcode.com/problems/count-negative-numbers-in-a-sorted-matrix,"Array, Binary Search, Matrix"
842,EASY,Remove Outermost Parentheses,6,180.4,30.1,https://leetcode.com/problems/remove-outermost-parentheses,"String, Stack, Bracket Sequences"
843,EASY,Minimum Bit Flips to Convert Number,7,180.3,25.8,https://leetcode.com/problems/minimum-bit-flips-to-convert-number,Bit Manipulation
844,MEDIUM,Product Price at a Given Date,6,179.9,30.0,https://leetcode.com/problems/product-price-at-a-given-date,Database
845,HARD,Lexicographically Smallest Generated String,5,179.7,35.9,https://leetcode.com/problems/lexicographically-smallest-generated-string,"String, Greedy, String Matching"
846,MEDIUM,Maximum OR,4,179.7,44.9,https://leetcode.com/problems/maximum-or,"Array, Greedy, Bit Manipulation, Prefix Sum"
847,MEDIUM,Subdomain Visit Count,4,179.4,44.8,https://leetcode.com/problems/subdomain-visit-count,"Array, Hash Table, String, Counting"
848,HARD,Three Equal Parts,2,179.3,89.7,https://leetcode.com/problems/three-equal-parts,"Array, Math"
849,EASY,Counter,6,178.4,29.7,https://leetcode.com/problems/counter,
850,HARD,Closest Subsequence Sum,3,178.4,59.5,https://leetcode.com/problems/closest-subsequence-sum,"Array, Two Pointers, Dynamic Programming, Bit Manipulation, Meet in the Middle, Sorting, Bitmask"
851,EASY,Baseball Game,6,178.2,29.7,https://leetcode.com/problems/baseball-game,"Array, Stack, Simulation"
852,MEDIUM,Two City Scheduling,6,177.9,29.7,https://leetcode.com/problems/two-city-scheduling,"Array, Greedy, Sorting, Hungarian Algorithm, Successive Shortest Path Algorithm"
853,MEDIUM,Single Number II,5,177.6,35.5,https://leetcode.com/problems/single-number-ii,"Array, Bit Manipulation"
854,EASY,Find N Unique Integers Sum up to Zero,6,177.4,29.6,https://leetcode.com/problems/find-n-unique-integers-sum-up-to-zero,"Array, Math"
855,MEDIUM,Minimum Time to Collect All Apples in a Tree,5,177.3,35.5,https://leetcode.com/problems/minimum-time-to-collect-all-apples-in-a-tree,"Hash Table, Tree, Depth-First Search, Breadth-First Search, DP on Trees"
856,MEDIUM,Insert into a Binary Search Tree,7,177.0,25.3,https://leetcode.com/problems/insert-into-a-binary-search-tree,"Tree, Binary Search Tree, Binary Tree"
857,MEDIUM,Length of Longest Fibonacci Subsequence,7,177.0,25.3,https://leetcode.com/problems/length-of-longest-fibonacci-subsequence,"Array, Hash Table, Dynamic Programming"
858,MEDIUM,Count Salary Categories,6,176.8,29.5,https://leetcode.com/problems/count-salary-categories,Database
859,MEDIUM,Sum of Subarray Ranges,7,176.7,25.2,https://leetcode.com/problems/sum-of-subarray-ranges,"Array, Stack, Monotonic Stack"
860,MEDIUM,Largest Divisible Subset,6,176.4,29.4,https://leetcode.com/problems/largest-divisible-subset,"Array, Math, Dynamic Programming, Sorting"
861,MEDIUM,Broken Calculator,5,176.3,35.3,https://leetcode.com/problems/broken-calculator,"Math, Greedy"
862,MEDIUM,Remove Zero Sum Consecutive Nodes from Linked List,6,176.2,29.4,https://leetcode.com/problems/remove-zero-sum-consecutive-nodes-from-linked-list,"Hash Table, Linked List"
863,EASY,Clear Digits,5,176.1,35.2,https://leetcode.com/problems/clear-digits,"String, Stack, Simulation"
864,MEDIUM,Maximum Erasure Value,6,175.6,29.3,https://leetcode.com/problems/maximum-erasure-value,"Array, Hash Table, Sliding Window"
865,EASY,Power of Three,6,175.4,29.2,https://leetcode.com/problems/power-of-three,"Math, Recursion"
866,MEDIUM,Decoded String at Index,5,174.9,35.0,https://leetcode.com/problems/decoded-string-at-index,"String, Stack"
867,MEDIUM,Numbers With Same Consecutive Differences,5,174.8,35.0,https://leetcode.com/problems/numbers-with-same-consecutive-differences,"Backtracking, Breadth-First Search"
868,MEDIUM,Mark Elements on Array by Performing Queries,2,174.8,87.4,https://leetcode.com/problems/mark-elements-on-array-by-performing-queries,"Array, Hash Table, Sorting, Heap (Priority Queue), Simulation"
869,HARD,Put Marbles in Bags,8,174.0,21.8,https://leetcode.com/problems/put-marbles-in-bags,"Array, Greedy, Sorting, Heap (Priority Queue)"
870,HARD,Unique Paths III,7,173.9,24.8,https://leetcode.com/problems/unique-paths-iii,"Array, Backtracking, Bit Manipulation, Matrix, Hamiltonian Path"
871,EASY,Alternating Digit Sum,4,173.8,43.5,https://leetcode.com/problems/alternating-digit-sum,Math
872,MEDIUM,Sort the Matrix Diagonally,4,172.7,43.2,https://leetcode.com/problems/sort-the-matrix-diagonally,"Array, Sorting, Matrix"
873,MEDIUM,Most Profitable Path in a Tree,6,172.6,28.8,https://leetcode.com/problems/most-profitable-path-in-a-tree,"Array, Tree, Depth-First Search, Breadth-First Search, Graph Theory"
874,HARD,Painting the Walls,5,172.6,34.5,https://leetcode.com/problems/painting-the-walls,"Array, Dynamic Programming"
875,EASY,Find Subsequence of Length K With the Largest Sum,6,172.4,28.7,https://leetcode.com/problems/find-subsequence-of-length-k-with-the-largest-sum,"Array, Hash Table, Sorting, Heap (Priority Queue)"
876,HARD,Maximum Running Time of N Computers,6,172.0,28.7,https://leetcode.com/problems/maximum-running-time-of-n-computers,"Array, Binary Search, Greedy, Sorting"
877,HARD,Minimum Number of Operations to Make Array Continuous,7,171.9,24.6,https://leetcode.com/problems/minimum-number-of-operations-to-make-array-continuous,"Array, Hash Table, Binary Search, Sliding Window"
878,MEDIUM,Airplane Seat Assignment Probability,2,171.8,85.9,https://leetcode.com/problems/airplane-seat-assignment-probability,"Math, Dynamic Programming, Brainteaser, Probability and Statistics"
879,MEDIUM,Remove Stones to Minimize the Total,4,171.6,42.9,https://leetcode.com/problems/remove-stones-to-minimize-the-total,"Array, Greedy, Heap (Priority Queue)"
880,MEDIUM,Maximum Length of a Concatenated String with Unique Characters,5,171.4,34.3,https://leetcode.com/problems/maximum-length-of-a-concatenated-string-with-unique-characters,"Array, String, Backtracking, Bit Manipulation"
881,EASY,Reverse String II,6,171.3,28.6,https://leetcode.com/problems/reverse-string-ii,"Two Pointers, String"
882,MEDIUM,Minimum Processing Time,3,171.2,57.1,https://leetcode.com/problems/minimum-processing-time,"Array, Greedy, Sorting"
883,EASY,Number of Steps to Reduce a Number to Zero,6,170.7,28.4,https://leetcode.com/problems/number-of-steps-to-reduce-a-number-to-zero,"Math, Bit Manipulation"
884,EASY,Minimum Cost to Move Chips to The Same Position,6,170.6,28.4,https://leetcode.com/problems/minimum-cost-to-move-chips-to-the-same-position,"Array, Math, Greedy"
885,MEDIUM,Integer Break,7,170.5,24.4,https://leetcode.com/problems/integer-break,"Math, Dynamic Programming"
886,MEDIUM,Peeking Iterator,3,169.9,56.6,https://leetcode.com/problems/peeking-iterator,"Array, Design, Iterator"
887,MEDIUM,String Compression III,6,169.8,28.3,https://leetcode.com/problems/string-compression-iii,String
888,MEDIUM,Minimum Swaps to Group All 1's Together,3,169.7,56.6,https://leetcode.com/problems/minimum-swaps-to-group-all-1s-together,"Array, Sliding Window"
889,EASY,Sum of Left Leaves,6,169.5,28.2,https://leetcode.com/problems/sum-of-left-leaves,"Tree, Depth-First Search, Breadth-First Search, Binary Tree"
890,EASY,Divisor Game,6,169.3,28.2,https://leetcode.com/problems/divisor-game,"Math, Dynamic Programming, Brainteaser, Game Theory, Impartial Game"
891,EASY,Find Common Characters,6,169.3,28.2,https://leetcode.com/problems/find-common-characters,"Array, Hash Table, String"
892,EASY,Univalued Binary Tree,4,169.1,42.3,https://leetcode.com/problems/univalued-binary-tree,"Tree, Depth-First Search, Breadth-First Search, Binary Tree"
893,MEDIUM,Maximum Score From Removing Substrings,7,169.0,24.1,https://leetcode.com/problems/maximum-score-from-removing-substrings,"String, Stack, Greedy"
894,HARD,Course Schedule III,6,168.6,28.1,https://leetcode.com/problems/course-schedule-iii,"Array, Greedy, Sorting, Heap (Priority Queue)"
895,MEDIUM,Subrectangle Queries,3,168.4,56.1,https://leetcode.com/problems/subrectangle-queries,"Array, Design, Matrix"
896,MEDIUM,Queue Reconstruction by Height,5,168.0,33.6,https://leetcode.com/problems/queue-reconstruction-by-height,"Array, Binary Indexed Tree, Segment Tree, Sorting"
897,HARD,Count of Smaller Numbers After Self,6,167.9,28.0,https://leetcode.com/problems/count-of-smaller-numbers-after-self,"Array, Binary Search, Divide and Conquer, Binary Indexed Tree, Segment Tree, Merge Sort, Ordered Set, Treap"
898,MEDIUM,Maximum Matrix Sum,6,167.9,28.0,https://leetcode.com/problems/maximum-matrix-sum,"Array, Greedy, Matrix"
899,HARD,Maximum Sum of 3 Non-Overlapping Subarrays,6,167.7,27.9,https://leetcode.com/problems/maximum-sum-of-3-non-overlapping-subarrays,"Array, Dynamic Programming, Sliding Window, Prefix Sum"
900,HARD,Sum of Distances in Tree,7,167.5,23.9,https://leetcode.com/problems/sum-of-distances-in-tree,"Dynamic Programming, Tree, Depth-First Search, Graph Theory, DP on Trees"
901,MEDIUM,Partitioning Into Minimum Number Of Deci-Binary Numbers,4,167.4,41.9,https://leetcode.com/problems/partitioning-into-minimum-number-of-deci-binary-numbers,"String, Greedy"
902,MEDIUM,Apply Operations to Make Sum of Array Greater Than or Equal to k,2,167.4,83.7,https://leetcode.com/problems/apply-operations-to-make-sum-of-array-greater-than-or-equal-to-k,"Math, Greedy, Enumeration"
903,EASY,Defuse the Bomb,6,167.3,27.9,https://leetcode.com/problems/defuse-the-bomb,"Array, Sliding Window"
904,EASY,Range Sum of BST,6,167.3,27.9,https://leetcode.com/problems/range-sum-of-bst,"Tree, Depth-First Search, Binary Search Tree, Binary Tree"
905,HARD,Minimum Number of Moves to Make Palindrome,5,167.0,33.4,https://leetcode.com/problems/minimum-number-of-moves-to-make-palindrome,"Two Pointers, String, Greedy, Binary Indexed Tree"
906,HARD,Shortest Cycle in a Graph,4,166.7,41.7,https://leetcode.com/problems/shortest-cycle-in-a-graph,"Breadth-First Search, Graph Theory"
907,MEDIUM,Minimum Time to Complete Trips,5,166.6,33.3,https://leetcode.com/problems/minimum-time-to-complete-trips,"Array, Binary Search"
908,MEDIUM,Ways to Split Array Into Three Subarrays,3,166.5,55.5,https://leetcode.com/problems/ways-to-split-array-into-three-subarrays,"Array, Two Pointers, Binary Search, Prefix Sum"
909,EASY,Minimum Time Visiting All Points,6,166.4,27.7,https://leetcode.com/problems/minimum-time-visiting-all-points,"Array, Math, Geometry"
910,EASY,Unique Number of Occurrences,5,166.4,33.3,https://leetcode.com/problems/unique-number-of-occurrences,"Array, Hash Table"
911,EASY,Two Out of Three,2,166.2,83.1,https://leetcode.com/problems/two-out-of-three,"Array, Hash Table, Bit Manipulation"
912,MEDIUM,Largest Submatrix With Rearrangements,6,166.1,27.7,https://leetcode.com/problems/largest-submatrix-with-rearrangements,"Array, Greedy, Sorting, Matrix"
913,HARD,Maximum Path Quality of a Graph,4,166.0,41.5,https://leetcode.com/problems/maximum-path-quality-of-a-graph,"Array, Backtracking, Graph Theory"
914,EASY,Count Prefix and Suffix Pairs I,6,165.8,27.6,https://leetcode.com/problems/count-prefix-and-suffix-pairs-i,"Array, String, Trie, Rolling Hash, String Matching, Hash Function"
915,EASY,Reverse Only Letters,5,165.7,33.1,https://leetcode.com/problems/reverse-only-letters,"Two Pointers, String"
916,MEDIUM,Reverse Words in a String II,4,165.6,41.4,https://leetcode.com/problems/reverse-words-in-a-string-ii,"Two Pointers, String"
917,EASY,Subtract the Product and Sum of Digits of an Integer,6,165.3,27.5,https://leetcode.com/problems/subtract-the-product-and-sum-of-digits-of-an-integer,Math
918,MEDIUM,K-th Symbol in Grammar,7,164.7,23.5,https://leetcode.com/problems/k-th-symbol-in-grammar,"Math, Bit Manipulation, Recursion"
919,MEDIUM,Greatest Sum Divisible by Three,7,164.3,23.5,https://leetcode.com/problems/greatest-sum-divisible-by-three,"Array, Dynamic Programming, Greedy, Sorting"
920,EASY,Substrings of Size Three with Distinct Characters,5,164.0,32.8,https://leetcode.com/problems/substrings-of-size-three-with-distinct-characters,"Hash Table, String, Sliding Window, Counting"
921,EASY,Find Closest Number to Zero,6,163.8,27.3,https://leetcode.com/problems/find-closest-number-to-zero,Array
922,HARD,Minimum Cost Walk in Weighted Graph,6,163.5,27.2,https://leetcode.com/problems/minimum-cost-walk-in-weighted-graph,"Array, Bit Manipulation, Union-Find, Graph Theory"
923,EASY,Relative Sort Array,6,163.4,27.2,https://leetcode.com/problems/relative-sort-array,"Array, Hash Table, Sorting, Counting Sort, Quicksort, Bubble Sort"
924,MEDIUM,Vowel Spellchecker,6,163.4,27.2,https://leetcode.com/problems/vowel-spellchecker,"Array, Hash Table, String"
925,HARD,Design Graph With Shortest Path Calculator,2,163.4,81.7,https://leetcode.com/problems/design-graph-with-shortest-path-calculator,"Graph Theory, Design, Heap (Priority Queue), Shortest Path"
926,HARD,Number of Digit One,6,163.2,27.2,https://leetcode.com/problems/number-of-digit-one,"Math, Dynamic Programming, Recursion"
927,HARD,Kth Smallest Number in Multiplication Table,6,163.0,27.2,https://leetcode.com/problems/kth-smallest-number-in-multiplication-table,"Math, Binary Search"
928,MEDIUM,Count Number of Maximum Bitwise-OR Subsets,7,162.9,23.3,https://leetcode.com/problems/count-number-of-maximum-bitwise-or-subsets,"Array, Backtracking, Bit Manipulation, Enumeration"
929,EASY,Special Array I,5,162.9,32.6,https://leetcode.com/problems/special-array-i,Array
930,EASY,Maximize Sum Of Array After K Negations,5,161.6,32.3,https://leetcode.com/problems/maximize-sum-of-array-after-k-negations,"Array, Greedy, Sorting"
931,MEDIUM,Maximum Gap,7,161.3,23.0,https://leetcode.com/problems/maximum-gap,"Array, Sorting, Bucket Sort, Radix Sort, Pigeonhole Principle"
932,EASY,Image Smoother,6,161.3,26.9,https://leetcode.com/problems/image-smoother,"Array, Matrix"
933,EASY,Create a DataFrame from List,5,161.2,32.2,https://leetcode.com/problems/create-a-dataframe-from-list,
934,MEDIUM,Range Product Queries of Powers,5,160.7,32.1,https://leetcode.com/problems/range-product-queries-of-powers,"Array, Bit Manipulation, Prefix Sum"
935,MEDIUM,Number of Sub-arrays With Odd Sum,6,160.6,26.8,https://leetcode.com/problems/number-of-sub-arrays-with-odd-sum,"Array, Math, Dynamic Programming, Prefix Sum"
936,MEDIUM,Count Pairs in Two Arrays,2,160.6,80.3,https://leetcode.com/problems/count-pairs-in-two-arrays,"Array, Two Pointers, Binary Search, Sorting"
937,EASY,Most Common Word,5,160.4,32.1,https://leetcode.com/problems/most-common-word,"Array, Hash Table, String, Counting"
938,MEDIUM,Wiggle Sort II,5,160.1,32.0,https://leetcode.com/problems/wiggle-sort-ii,"Array, Divide and Conquer, Greedy, Sorting, Quickselect"
939,MEDIUM,Check Completeness of a Binary Tree,5,159.7,31.9,https://leetcode.com/problems/check-completeness-of-a-binary-tree,"Tree, Breadth-First Search, Binary Tree"
940,MEDIUM,Insert into a Sorted Circular Linked List,4,159.6,39.9,https://leetcode.com/problems/insert-into-a-sorted-circular-linked-list,Linked List
941,EASY,Destination City,4,159.5,39.9,https://leetcode.com/problems/destination-city,"Array, Hash Table, String"
942,MEDIUM,Building H2O,4,159.4,39.8,https://leetcode.com/problems/building-h2o,Concurrency
943,HARD,Apply Operations to Maximize Frequency Score,3,159.2,53.1,https://leetcode.com/problems/apply-operations-to-maximize-frequency-score,"Array, Binary Search, Sliding Window, Sorting, Prefix Sum"
944,HARD,String Transformation,3,159.1,53.0,https://leetcode.com/problems/string-transformation,"Math, String, Dynamic Programming, String Matching"
945,MEDIUM,Partition List,5,158.9,31.8,https://leetcode.com/problems/partition-list,"Linked List, Two Pointers"
946,MEDIUM,The Time When the Network Becomes Idle,3,158.8,52.9,https://leetcode.com/problems/the-time-when-the-network-becomes-idle,"Array, Breadth-First Search, Graph Theory"
947,MEDIUM,Last Person to Fit in the Bus,6,158.4,26.4,https://leetcode.com/problems/last-person-to-fit-in-the-bus,Database
948,HARD,Bricks Falling When Hit,3,158.4,52.8,https://leetcode.com/problems/bricks-falling-when-hit,"Array, Union-Find, Matrix"
949,HARD,Count All Valid Pickup and Delivery Options,3,158.4,52.8,https://leetcode.com/problems/count-all-valid-pickup-and-delivery-options,"Math, Dynamic Programming, Combinatorics"
950,EASY,Find Smallest Letter Greater Than Target,7,158.0,22.6,https://leetcode.com/problems/find-smallest-letter-greater-than-target,"Array, Binary Search"
951,MEDIUM,Diagonal Traverse II,4,158.0,39.5,https://leetcode.com/problems/diagonal-traverse-ii,"Array, Sorting, Heap (Priority Queue)"
952,MEDIUM,Validate Stack Sequences,6,157.9,26.3,https://leetcode.com/problems/validate-stack-sequences,"Array, Stack, Simulation"
953,MEDIUM,Delete the Middle Node of a Linked List,7,157.6,22.5,https://leetcode.com/problems/delete-the-middle-node-of-a-linked-list,"Linked List, Two Pointers"
954,EASY,Largest Odd Number in String,6,157.6,26.3,https://leetcode.com/problems/largest-odd-number-in-string,"Math, String, Greedy"
955,EASY,Height Checker,7,157.1,22.4,https://leetcode.com/problems/height-checker,"Array, Sorting, Counting Sort, Bubble Sort"
956,EASY,Minimum Changes To Make Alternating Binary String,6,157.1,26.2,https://leetcode.com/problems/minimum-changes-to-make-alternating-binary-string,String
957,EASY,Complement of Base 10 Integer,5,157.1,31.4,https://leetcode.com/problems/complement-of-base-10-integer,Bit Manipulation
958,HARD,Word Abbreviation,4,157.1,39.3,https://leetcode.com/problems/word-abbreviation,"Array, String, Greedy, Trie, Sorting"
959,EASY,Find the Town Judge,5,157.0,31.4,https://leetcode.com/problems/find-the-town-judge,"Array, Hash Table, Graph Theory"
960,EASY,Time Needed to Buy Tickets,6,156.9,26.2,https://leetcode.com/problems/time-needed-to-buy-tickets,"Array, Queue, Simulation"
961,MEDIUM,Rotated Digits,6,156.9,26.1,https://leetcode.com/problems/rotated-digits,"Math, Dynamic Programming"
962,EASY,Buddy Strings,5,156.9,31.4,https://leetcode.com/problems/buddy-strings,"Hash Table, String"
963,MEDIUM,Flip String to Monotone Increasing,5,156.8,31.4,https://leetcode.com/problems/flip-string-to-monotone-increasing,"String, Dynamic Programming"
964,MEDIUM,Minimized Maximum of Products Distributed to Any Store,6,156.7,26.1,https://leetcode.com/problems/minimized-maximum-of-products-distributed-to-any-store,"Array, Binary Search, Greedy"
965,MEDIUM,Minimum Penalty for a Shop,6,156.6,26.1,https://leetcode.com/problems/minimum-penalty-for-a-shop,"String, Prefix Sum"
966,MEDIUM,Find The Original Array of Prefix Xor,3,156.4,52.1,https://leetcode.com/problems/find-the-original-array-of-prefix-xor,"Array, Bit Manipulation"
967,EASY,Minimum Depth of Binary Tree,6,156.4,26.1,https://leetcode.com/problems/minimum-depth-of-binary-tree,"Tree, Depth-First Search, Breadth-First Search, Binary Tree"
968,EASY,Count Equal and Divisible Pairs in an Array,5,155.9,31.2,https://leetcode.com/problems/count-equal-and-divisible-pairs-in-an-array,Array
969,MEDIUM,Maximum Difference Between Node and Ancestor,5,155.7,31.1,https://leetcode.com/problems/maximum-difference-between-node-and-ancestor,"Tree, Depth-First Search, Binary Tree"
970,MEDIUM,Buildings With an Ocean View,4,155.6,38.9,https://leetcode.com/problems/buildings-with-an-ocean-view,"Array, Stack, Monotonic Stack"
971,MEDIUM,Find the Prefix Common Array of Two Arrays,6,155.5,25.9,https://leetcode.com/problems/find-the-prefix-common-array-of-two-arrays,"Array, Hash Table, Bit Manipulation"
972,HARD,Minimum Insertion Steps to Make a String Palindrome,7,155.2,22.2,https://leetcode.com/problems/minimum-insertion-steps-to-make-a-string-palindrome,"String, Dynamic Programming"
973,MEDIUM,Minimum Length of Anagram Concatenation,2,155.2,77.6,https://leetcode.com/problems/minimum-length-of-anagram-concatenation,"Hash Table, String, Counting"
974,EASY,Reshape the Matrix,5,155.1,31.0,https://leetcode.com/problems/reshape-the-matrix,"Array, Matrix, Simulation"
975,HARD,Number of Great Partitions,2,154.9,77.4,https://leetcode.com/problems/number-of-great-partitions,"Array, Dynamic Programming"
976,HARD,Maximize Sum of Weights after Edge Removals,3,154.7,51.6,https://leetcode.com/problems/maximize-sum-of-weights-after-edge-removals,"Dynamic Programming, Tree, Depth-First Search, Sorting"
977,MEDIUM,Sum of Square Numbers,6,154.7,25.8,https://leetcode.com/problems/sum-of-square-numbers,"Math, Two Pointers, Binary Search"
978,MEDIUM,Shortest Word Distance II,3,154.7,51.6,https://leetcode.com/problems/shortest-word-distance-ii,"Array, Hash Table, Two Pointers, String, Design"
979,MEDIUM,Brick Wall,5,154.6,30.9,https://leetcode.com/problems/brick-wall,"Array, Hash Table"
980,HARD,Viewers Turned Streamers,2,154.5,77.2,https://leetcode.com/problems/viewers-turned-streamers,Database
981,MEDIUM,Largest Combination With Bitwise AND Greater Than Zero,4,154.1,38.5,https://leetcode.com/problems/largest-combination-with-bitwise-and-greater-than-zero,"Array, Hash Table, Bit Manipulation, Counting"
982,MEDIUM,Distribute Coins in Binary Tree,7,153.9,22.0,https://leetcode.com/problems/distribute-coins-in-binary-tree,"Tree, Depth-First Search, Binary Tree, DP on Trees"
983,MEDIUM,Employee Importance,5,153.7,30.7,https://leetcode.com/problems/employee-importance,"Array, Hash Table, Tree, Depth-First Search, Breadth-First Search"
984,MEDIUM,Minimum Moves to Make Array Complementary,5,153.7,30.7,https://leetcode.com/problems/minimum-moves-to-make-array-complementary,"Array, Hash Table, Prefix Sum"
985,MEDIUM,2 Keys Keyboard,7,153.5,21.9,https://leetcode.com/problems/2-keys-keyboard,"Math, Dynamic Programming"
986,MEDIUM,Maximum Twin Sum of a Linked List,6,153.5,25.6,https://leetcode.com/problems/maximum-twin-sum-of-a-linked-list,"Linked List, Two Pointers, Stack"
987,MEDIUM,Minimize Length of Array Using Operations,2,153.4,76.7,https://leetcode.com/problems/minimize-length-of-array-using-operations,"Array, Math, Greedy, Number Theory"
988,HARD,Number of Possible Sets of Closing Branches,2,153.4,76.7,https://leetcode.com/problems/number-of-possible-sets-of-closing-branches,"Bit Manipulation, Graph Theory, Heap (Priority Queue), Enumeration, Shortest Path"
989,HARD,Count Increasing Quadruplets,2,153.3,76.7,https://leetcode.com/problems/count-increasing-quadruplets,"Array, Dynamic Programming, Binary Indexed Tree, Enumeration, Prefix Sum"
990,HARD,Recover a Tree From Preorder Traversal,6,152.9,25.5,https://leetcode.com/problems/recover-a-tree-from-preorder-traversal,"String, Tree, Depth-First Search, Binary Tree"
991,MEDIUM,Integer Replacement,5,152.4,30.5,https://leetcode.com/problems/integer-replacement,"Dynamic Programming, Greedy, Bit Manipulation, Memoization"
992,EASY,Find the Width of Columns of a Grid,2,152.4,76.2,https://leetcode.com/problems/find-the-width-of-columns-of-a-grid,"Array, Matrix"
993,MEDIUM,Minimum Cost Tree From Leaf Values,3,152.3,50.8,https://leetcode.com/problems/minimum-cost-tree-from-leaf-values,"Array, Dynamic Programming, Stack, Greedy, Monotonic Stack, Cartesian Tree"
994,MEDIUM,Average Waiting Time,3,152.2,50.7,https://leetcode.com/problems/average-waiting-time,"Array, Simulation"
995,EASY,Convert Integer to the Sum of Two No-Zero Integers,4,152.1,38.0,https://leetcode.com/problems/convert-integer-to-the-sum-of-two-no-zero-integers,Math
996,HARD,Race Car,4,152.1,38.0,https://leetcode.com/problems/race-car,"Dynamic Programming, Heuristic Search, A* Search"
997,MEDIUM,Check If Array Pairs Are Divisible by k,7,151.7,21.7,https://leetcode.com/problems/check-if-array-pairs-are-divisible-by-k,"Array, Hash Table, Counting"
998,MEDIUM,Construct Binary Search Tree from Preorder Traversal,6,151.6,25.3,https://leetcode.com/problems/construct-binary-search-tree-from-preorder-traversal,"Array, Stack, Tree, Binary Search Tree, Monotonic Stack, Binary Tree"
999,EASY,Minimum Difference Between Highest and Lowest of K Scores,6,151.6,25.3,https://leetcode.com/problems/minimum-difference-between-highest-and-lowest-of-k-scores,"Array, Sliding Window, Sorting"
1000,MEDIUM,Plates Between Candles,3,151.3,50.4,https://leetcode.com/problems/plates-between-candles,"Array, String, Binary Search, Prefix Sum"
1001,MEDIUM,Binary Tree Pruning,5,150.8,30.2,https://leetcode.com/problems/binary-tree-pruning,"Tree, Depth-First Search, Binary Tree"
1002,MEDIUM,Coordinate With Maximum Network Quality,2,150.5,75.2,https://leetcode.com/problems/coordinate-with-maximum-network-quality,"Array, Enumeration"
1003,EASY,How Many Numbers Are Smaller Than the Current Number,6,150.4,25.1,https://leetcode.com/problems/how-many-numbers-are-smaller-than-the-current-number,"Array, Hash Table, Sorting, Counting Sort"
1004,MEDIUM,Check if There is a Valid Path in a Grid,3,150.3,50.1,https://leetcode.com/problems/check-if-there-is-a-valid-path-in-a-grid,"Array, Depth-First Search, Breadth-First Search, Union-Find, Matrix"
1005,MEDIUM,Unique Length-3 Palindromic Subsequences,6,150.2,25.0,https://leetcode.com/problems/unique-length-3-palindromic-subsequences,"Hash Table, String, Bit Manipulation, Prefix Sum"
1006,HARD,Verbal Arithmetic Puzzle,3,150.2,50.1,https://leetcode.com/problems/verbal-arithmetic-puzzle,"Array, Math, String, Backtracking"
1007,MEDIUM,Find the Minimum and Maximum Number of Nodes Between Critical Points,6,150.0,25.0,https://leetcode.com/problems/find-the-minimum-and-maximum-number-of-nodes-between-critical-points,Linked List
1008,MEDIUM,All Paths From Source to Target,5,150.0,30.0,https://leetcode.com/problems/all-paths-from-source-to-target,"Backtracking, Depth-First Search, Breadth-First Search, Graph Theory, Directed Acyclic Graph"
1009,MEDIUM,Dota2 Senate,5,149.9,30.0,https://leetcode.com/problems/dota2-senate,"String, Greedy, Queue"
1010,MEDIUM,Jump Game III,4,149.6,37.4,https://leetcode.com/problems/jump-game-iii,"Array, Depth-First Search, Breadth-First Search"
1011,MEDIUM,Longest Subarray With Maximum Bitwise AND,6,149.5,24.9,https://leetcode.com/problems/longest-subarray-with-maximum-bitwise-and,"Array, Bit Manipulation, Brainteaser"
1012,MEDIUM,Leftmost Column with at Least a One,3,149.3,49.8,https://leetcode.com/problems/leftmost-column-with-at-least-a-one,"Array, Binary Search, Matrix, Interactive"
1013,HARD,Maximum Building Height,6,149.1,24.9,https://leetcode.com/problems/maximum-building-height,"Array, Math, Sorting"
1014,MEDIUM,Tree Diameter,7,149.0,21.3,https://leetcode.com/problems/tree-diameter,"Tree, Depth-First Search, Breadth-First Search, Graph Theory, Topological Sort, DP on Trees"
1015,HARD,Escape the Spreading Fire,4,148.9,37.2,https://leetcode.com/problems/escape-the-spreading-fire,"Array, Binary Search, Breadth-First Search, Matrix"
1016,MEDIUM,Find the Grid of Region Average,2,148.7,74.3,https://leetcode.com/problems/find-the-grid-of-region-average,"Array, Matrix"
1017,MEDIUM,Find the Longest Equal Subarray,3,148.3,49.4,https://leetcode.com/problems/find-the-longest-equal-subarray,"Array, Hash Table, Binary Search, Sliding Window"
1018,EASY,Count Good Triplets,5,148.2,29.6,https://leetcode.com/problems/count-good-triplets,"Array, Enumeration"
1019,MEDIUM,Add Bold Tag in String,4,148.2,37.0,https://leetcode.com/problems/add-bold-tag-in-string,"Array, Hash Table, String, Trie, String Matching, Aho–Corasick Algorithm"
1020,HARD,The Number of Good Subsets,2,148.1,74.0,https://leetcode.com/problems/the-number-of-good-subsets,"Array, Hash Table, Math, Dynamic Programming, Bit Manipulation, Counting, Number Theory, Bitmask, Sieve Theory"
1021,HARD,Stickers to Spell Word,4,147.9,37.0,https://leetcode.com/problems/stickers-to-spell-word,"Array, Hash Table, String, Dynamic Programming, Backtracking, Bit Manipulation, Memoization, Bitmask"
1022,HARD,Delete Duplicate Folders in System,6,147.8,24.6,https://leetcode.com/problems/delete-duplicate-folders-in-system,"Array, Hash Table, String, Depth-First Search, Trie, Sorting, Hash Function"
1023,EASY,Find the Distance Value Between Two Arrays,5,147.5,29.5,https://leetcode.com/problems/find-the-distance-value-between-two-arrays,"Array, Two Pointers, Binary Search, Sorting"
1024,MEDIUM,Minimize XOR,5,147.4,29.5,https://leetcode.com/problems/minimize-xor,"Greedy, Bit Manipulation"
1025,MEDIUM,Minimum Moves to Capture The Queen,2,147.4,73.7,https://leetcode.com/problems/minimum-moves-to-capture-the-queen,"Math, Enumeration"
1026,EASY,Delete Characters to Make Fancy String,5,147.3,29.5,https://leetcode.com/problems/delete-characters-to-make-fancy-string,String
1027,EASY,Count Largest Group,5,147.0,29.4,https://leetcode.com/problems/count-largest-group,"Hash Table, Math, Counting"
1028,HARD,Set Intersection Size At Least Two,5,146.9,29.4,https://leetcode.com/problems/set-intersection-size-at-least-two,"Array, Greedy, Sorting"
1029,HARD,Maximum Candies You Can Get from Boxes,4,146.6,36.7,https://leetcode.com/problems/maximum-candies-you-can-get-from-boxes,"Array, Breadth-First Search, Graph Theory"
1030,EASY,Reverse Prefix of Word,5,146.5,29.3,https://leetcode.com/problems/reverse-prefix-of-word,"Two Pointers, String, Stack"
1031,MEDIUM,Lowest Common Ancestor of a Binary Tree II,4,146.2,36.6,https://leetcode.com/problems/lowest-common-ancestor-of-a-binary-tree-ii,"Tree, Depth-First Search, Binary Tree, Binary Lifting, Lowest Common Ancestor"
1032,HARD,Count Array Pairs Divisible by K,3,146.1,48.7,https://leetcode.com/problems/count-array-pairs-divisible-by-k,"Array, Hash Table, Math, Counting, Number Theory, Euclidean Algorithm, Greatest Common Divisor"
1033,EASY,Make The String Great,5,145.9,29.2,https://leetcode.com/problems/make-the-string-great,"String, Stack"
1034,MEDIUM,Count Good Nodes in Binary Tree,5,145.6,29.1,https://leetcode.com/problems/count-good-nodes-in-binary-tree,"Tree, Depth-First Search, Breadth-First Search, Binary Tree"
1035,MEDIUM,Number of Subsequences That Satisfy the Given Sum Condition,6,145.4,24.2,https://leetcode.com/problems/number-of-subsequences-that-satisfy-the-given-sum-condition,"Array, Two Pointers, Binary Search, Sorting"
1036,EASY,Valid Mountain Array,7,145.2,20.7,https://leetcode.com/problems/valid-mountain-array,Array
1037,MEDIUM,Map Sum Pairs,3,145.2,48.4,https://leetcode.com/problems/map-sum-pairs,"Hash Table, String, Design, Trie"
1038,HARD,Rearranging Fruits,8,145.1,18.1,https://leetcode.com/problems/rearranging-fruits,"Array, Hash Table, Greedy, Sort"
1039,MEDIUM,Zigzag Iterator,4,144.8,36.2,https://leetcode.com/problems/zigzag-iterator,"Array, Design, Queue, Iterator"
1040,MEDIUM,Knight Probability in Chessboard,4,144.4,36.1,https://leetcode.com/problems/knight-probability-in-chessboard,Dynamic Programming
1041,EASY,Minimum Operations to Make the Array Increasing,5,144.2,28.8,https://leetcode.com/problems/minimum-operations-to-make-the-array-increasing,"Array, Greedy"
1042,EASY,Find Words Containing Character,5,143.6,28.7,https://leetcode.com/problems/find-words-containing-character,"Array, String"
1043,MEDIUM,Largest Time for Given Digits,3,143.6,47.9,https://leetcode.com/problems/largest-time-for-given-digits,"Array, String, Backtracking, Enumeration"
1044,MEDIUM,Process Tasks Using Servers,4,143.5,35.9,https://leetcode.com/problems/process-tasks-using-servers,"Array, Heap (Priority Queue)"
1045,MEDIUM,Maximum Subarray Sum with One Deletion,5,143.4,28.7,https://leetcode.com/problems/maximum-subarray-sum-with-one-deletion,"Array, Dynamic Programming"
1046,MEDIUM,Next Greater Numerically Balanced Number,5,142.9,28.6,https://leetcode.com/problems/next-greater-numerically-balanced-number,"Hash Table, Math, Backtracking, Counting, Enumeration"
1047,MEDIUM,Find Original Array From Doubled Array,5,142.5,28.5,https://leetcode.com/problems/find-original-array-from-doubled-array,"Array, Hash Table, Greedy, Sorting"
1048,EASY,Sort Integers by The Number of 1 Bits,4,142.4,35.6,https://leetcode.com/problems/sort-integers-by-the-number-of-1-bits,"Array, Bit Manipulation, Sorting, Counting"
1049,EASY,Minimum Time to Type Word Using Special Typewriter,2,142.3,71.2,https://leetcode.com/problems/minimum-time-to-type-word-using-special-typewriter,"String, Greedy"
1050,EASY,Find the Difference of Two Arrays,7,142.2,20.3,https://leetcode.com/problems/find-the-difference-of-two-arrays,"Array, Hash Table"
1051,MEDIUM,Domino and Tromino Tiling,6,142.0,23.7,https://leetcode.com/problems/domino-and-tromino-tiling,Dynamic Programming
1052,EASY,Customer Placing the Largest Number of Orders,4,142.0,35.5,https://leetcode.com/problems/customer-placing-the-largest-number-of-orders,Database
1053,EASY,Lucky Numbers in a Matrix,3,141.9,47.3,https://leetcode.com/problems/lucky-numbers-in-a-matrix,"Array, Matrix"
1054,EASY,Split the Array,4,141.7,35.4,https://leetcode.com/problems/split-the-array,"Array, Hash Table, Counting"
1055,HARD,Count of Range Sum,5,141.6,28.3,https://leetcode.com/problems/count-of-range-sum,"Array, Binary Search, Divide and Conquer, Binary Indexed Tree, Segment Tree, Merge Sort, Ordered Set, Treap"
1056,MEDIUM,Minimum Cost to Connect Sticks,4,141.6,35.4,https://leetcode.com/problems/minimum-cost-to-connect-sticks,"Array, Greedy, Heap (Priority Queue)"
1057,EASY,Find if Path Exists in Graph,5,141.3,28.3,https://leetcode.com/problems/find-if-path-exists-in-graph,"Depth-First Search, Breadth-First Search, Union-Find, Graph Theory"
1058,MEDIUM,UTF-8 Validation,4,140.9,35.2,https://leetcode.com/problems/utf-8-validation,"Array, Bit Manipulation"
1059,HARD,Find in Mountain Array,6,140.8,23.5,https://leetcode.com/problems/find-in-mountain-array,"Array, Binary Search, Interactive, Ternary Search"
1060,HARD,Maximum Good People Based on Statements,3,140.6,46.9,https://leetcode.com/problems/maximum-good-people-based-on-statements,"Array, Backtracking, Bit Manipulation, Enumeration"
1061,HARD,Maximum Number of Events That Can Be Attended II,6,140.4,23.4,https://leetcode.com/problems/maximum-number-of-events-that-can-be-attended-ii,"Array, Binary Search, Dynamic Programming, Sorting"
1062,MEDIUM,Find the Winner of an Array Game,3,139.9,46.6,https://leetcode.com/problems/find-the-winner-of-an-array-game,"Array, Simulation"
1063,MEDIUM,Count Nodes With the Highest Score,3,139.9,46.6,https://leetcode.com/problems/count-nodes-with-the-highest-score,"Array, Tree, Depth-First Search, Binary Tree, DP on Trees"
1064,EASY,Jewels and Stones,5,139.8,28.0,https://leetcode.com/problems/jewels-and-stones,"Hash Table, String"
1065,EASY,Robot Return to Origin,5,139.7,27.9,https://leetcode.com/problems/robot-return-to-origin,"String, Simulation"
1066,HARD,Maximum Employees to Be Invited to a Meeting,5,139.6,27.9,https://leetcode.com/problems/maximum-employees-to-be-invited-to-a-meeting,"Array, Dynamic Programming, Depth-First Search, Graph Theory, Topological Sort, Kosaraju's Algorithm, Tarjan's SCC Algorithm"
1067,MEDIUM,Largest Palindromic Number,3,139.6,46.5,https://leetcode.com/problems/largest-palindromic-number,"Hash Table, String, Greedy, Counting"
1068,EASY,Self Dividing Numbers,5,139.5,27.9,https://leetcode.com/problems/self-dividing-numbers,Math
1069,MEDIUM,Factorial Trailing Zeroes,6,139.4,23.2,https://leetcode.com/problems/factorial-trailing-zeroes,Math
1070,HARD,Count the Number of Arrays with K Matching Adjacent Elements,5,139.4,27.9,https://leetcode.com/problems/count-the-number-of-arrays-with-k-matching-adjacent-elements,"Math, Combinatorics, Fermat's Little Theorem"
1071,MEDIUM,Spiral Matrix III,5,139.2,27.8,https://leetcode.com/problems/spiral-matrix-iii,"Array, Matrix, Simulation"
1072,EASY,Maximum Number of Balloons,6,138.5,23.1,https://leetcode.com/problems/maximum-number-of-balloons,"Hash Table, String, Counting"
1073,MEDIUM,Count the Number of Good Subarrays,7,138.1,19.7,https://leetcode.com/problems/count-the-number-of-good-subarrays,"Array, Hash Table, Sliding Window"
1074,MEDIUM,Maximum Amount of Money Robot Can Earn,5,138.1,27.6,https://leetcode.com/problems/maximum-amount-of-money-robot-can-earn,"Array, Dynamic Programming, Matrix"
1075,HARD,Threshold Majority Queries,4,138.1,34.5,https://leetcode.com/problems/threshold-majority-queries,"Array, Hash Table, Binary Search, Divide and Conquer, Counting, Prefix Sum"
1076,HARD,Divide Nodes Into the Maximum Number of Groups,6,137.8,23.0,https://leetcode.com/problems/divide-nodes-into-the-maximum-number-of-groups,"Depth-First Search, Breadth-First Search, Union-Find, Graph Theory"
1077,MEDIUM,Delete Nodes And Return Forest,4,137.6,34.4,https://leetcode.com/problems/delete-nodes-and-return-forest,"Array, Hash Table, Tree, Depth-First Search, Binary Tree"
1078,EASY,Smallest Divisible Digit Product I,6,137.5,22.9,https://leetcode.com/problems/smallest-divisible-digit-product-i,"Math, Enumeration"
1079,HARD,Distribute Elements Into Two Arrays II,2,137.4,68.7,https://leetcode.com/problems/distribute-elements-into-two-arrays-ii,"Array, Binary Indexed Tree, Segment Tree, Simulation"
1080,EASY,Count Subarrays of Length Three With a Condition,5,137.3,27.5,https://leetcode.com/problems/count-subarrays-of-length-three-with-a-condition,Array
1081,EASY,Design HashSet,5,137.3,27.5,https://leetcode.com/problems/design-hashset,"Array, Hash Table, Linked List, Design, Hash Function"
1082,MEDIUM,Valid Square,3,137.2,45.7,https://leetcode.com/problems/valid-square,"Math, Geometry"
1083,EASY,Delete Columns to Make Sorted,4,137.0,34.2,https://leetcode.com/problems/delete-columns-to-make-sorted,"Array, String, Longest Increasing Subsequence"
1084,HARD,Painting a Grid With Three Different Colors,7,136.8,19.5,https://leetcode.com/problems/painting-a-grid-with-three-different-colors,"Dynamic Programming, Graph Coloring"
1085,MEDIUM,Maximum Candies Allocated to K Children,6,136.8,22.8,https://leetcode.com/problems/maximum-candies-allocated-to-k-children,"Array, Binary Search"
1086,EASY,Check if All Characters Have Equal Number of Occurrences,4,136.8,34.2,https://leetcode.com/problems/check-if-all-characters-have-equal-number-of-occurrences,"Hash Table, String, Counting"
1087,MEDIUM,Maximum Value of an Ordered Triplet II,5,136.6,27.3,https://leetcode.com/problems/maximum-value-of-an-ordered-triplet-ii,"Array, Prefix Sum"
1088,HARD,Kth Smallest Product of Two Sorted Arrays,5,136.6,27.3,https://leetcode.com/problems/kth-smallest-product-of-two-sorted-arrays,"Array, Binary Search"
1089,MEDIUM,Reorder Routes to Make All Paths Lead to the City Zero,5,136.1,27.2,https://leetcode.com/problems/reorder-routes-to-make-all-paths-lead-to-the-city-zero,"Depth-First Search, Breadth-First Search, Graph Theory"
1090,MEDIUM,Longest Well-Performing Interval,3,136.1,45.4,https://leetcode.com/problems/longest-well-performing-interval,"Array, Hash Table, Stack, Monotonic Stack, Prefix Sum"
1091,MEDIUM,Maximum Size Subarray Sum Equals k,7,136.0,19.4,https://leetcode.com/problems/maximum-size-subarray-sum-equals-k,"Array, Hash Table, Prefix Sum"
1092,MEDIUM,Lexicographically Smallest String After Substring Operation,4,136.0,34.0,https://leetcode.com/problems/lexicographically-smallest-string-after-substring-operation,"String, Greedy"
1093,EASY,Minimum Operations to Make Array Values Equal to K,4,135.9,34.0,https://leetcode.com/problems/minimum-operations-to-make-array-values-equal-to-k,"Array, Hash Table"
1094,MEDIUM,Remove Covered Intervals,6,135.8,22.6,https://leetcode.com/problems/remove-covered-intervals,"Array, Sorting"
1095,HARD,Count Subarrays With Score Less Than K,5,135.7,27.1,https://leetcode.com/problems/count-subarrays-with-score-less-than-k,"Array, Binary Search, Sliding Window, Prefix Sum"
1096,MEDIUM,Minimize Result by Adding Parentheses to Expression,2,135.6,67.8,https://leetcode.com/problems/minimize-result-by-adding-parentheses-to-expression,"String, Enumeration"
1097,MEDIUM,Maximum Number of Vowels in a Substring of Given Length,6,135.5,22.6,https://leetcode.com/problems/maximum-number-of-vowels-in-a-substring-of-given-length,"String, Sliding Window"
1098,MEDIUM,Advantage Shuffle,3,135.4,45.1,https://leetcode.com/problems/advantage-shuffle,"Array, Two Pointers, Greedy, Sorting"
1099,MEDIUM,Push Dominoes,6,135.3,22.6,https://leetcode.com/problems/push-dominoes,"Two Pointers, String, Dynamic Programming"
1100,MEDIUM,Sum of Beauty of All Substrings,5,135.3,27.1,https://leetcode.com/problems/sum-of-beauty-of-all-substrings,"Hash Table, String, Counting"
1101,EASY,Type of Triangle,5,135.3,27.1,https://leetcode.com/problems/type-of-triangle,"Array, Math, Sorting, Polygons"
1102,MEDIUM,Non-decreasing Array,5,135.3,27.1,https://leetcode.com/problems/non-decreasing-array,Array
1103,EASY,Can Make Arithmetic Progression From Sequence,5,135.2,27.0,https://leetcode.com/problems/can-make-arithmetic-progression-from-sequence,"Array, Sorting"
1104,HARD,Contain Virus,3,135.2,45.1,https://leetcode.com/problems/contain-virus,"Array, Depth-First Search, Breadth-First Search, Matrix, Simulation"
1105,EASY,Minimum Distance to the Target Element,4,135.1,33.8,https://leetcode.com/problems/minimum-distance-to-the-target-element,Array
1106,HARD,String Compression II,4,135.0,33.8,https://leetcode.com/problems/string-compression-ii,"String, Dynamic Programming"
1107,MEDIUM,Count Ways to Group Overlapping Ranges,2,135.0,67.5,https://leetcode.com/problems/count-ways-to-group-overlapping-ranges,"Array, Sorting"
1108,EASY,Queries Quality and Percentage,5,134.8,27.0,https://leetcode.com/problems/queries-quality-and-percentage,Database
1109,EASY,Check if the Sentence Is Pangram,6,134.7,22.4,https://leetcode.com/problems/check-if-the-sentence-is-pangram,"Hash Table, String"
1110,HARD,Find Minimum Diameter After Merging Two Trees,4,134.6,33.6,https://leetcode.com/problems/find-minimum-diameter-after-merging-two-trees,"Tree, Depth-First Search, Breadth-First Search, Graph Theory"
1111,MEDIUM,Number of Nodes in the Sub-Tree With the Same Label,2,134.6,67.3,https://leetcode.com/problems/number-of-nodes-in-the-sub-tree-with-the-same-label,"Hash Table, Tree, Depth-First Search, Breadth-First Search, Counting, DP on Trees"
1112,MEDIUM,Find Bottom Left Tree Value,6,134.4,22.4,https://leetcode.com/problems/find-bottom-left-tree-value,"Tree, Depth-First Search, Breadth-First Search, Binary Tree"
1113,MEDIUM,Construct the Minimum Bitwise Array II,4,134.3,33.6,https://leetcode.com/problems/construct-the-minimum-bitwise-array-ii,"Array, Bit Manipulation"
1114,MEDIUM,Custom Sort String,5,134.2,26.8,https://leetcode.com/problems/custom-sort-string,"Hash Table, String, Sorting"
1115,HARD,K Inverse Pairs Array,5,133.3,26.7,https://leetcode.com/problems/k-inverse-pairs-array,Dynamic Programming
1116,HARD,Number of Different Subsequences GCDs,3,133.3,44.4,https://leetcode.com/problems/number-of-different-subsequences-gcds,"Array, Math, Counting, Number Theory, Euclidean Algorithm, Greatest Common Divisor"
1117,MEDIUM,Get Biggest Three Rhombus Sums in a Grid,4,133.2,33.3,https://leetcode.com/problems/get-biggest-three-rhombus-sums-in-a-grid,"Array, Math, Sorting, Heap (Priority Queue), Matrix, Prefix Sum"
1118,MEDIUM,Maximum Side Length of a Square with Sum Less than or Equal to Threshold,3,133.2,44.4,https://leetcode.com/problems/maximum-side-length-of-a-square-with-sum-less-than-or-equal-to-threshold,"Array, Binary Search, Matrix, Prefix Sum"
1119,MEDIUM,Minimum Number of Operations to Sort a Binary Tree by Level,3,133.2,44.4,https://leetcode.com/problems/minimum-number-of-operations-to-sort-a-binary-tree-by-level,"Tree, Breadth-First Search, Binary Tree"
1120,MEDIUM,Sum of Distances,5,133.1,26.6,https://leetcode.com/problems/sum-of-distances,"Array, Hash Table, Prefix Sum"
1121,MEDIUM,Largest 1-Bordered Square,3,132.9,44.3,https://leetcode.com/problems/largest-1-bordered-square,"Array, Dynamic Programming, Matrix"
1122,MEDIUM,3Sum Smaller,5,132.8,26.6,https://leetcode.com/problems/3sum-smaller,"Array, Two Pointers, Binary Search, Sorting"
1123,MEDIUM,Maximum Number of Potholes That Can Be Fixed,2,132.8,66.4,https://leetcode.com/problems/maximum-number-of-potholes-that-can-be-fixed,"String, Greedy, Sorting"
1124,EASY,Find Lucky Integer in an Array,6,132.4,22.1,https://leetcode.com/problems/find-lucky-integer-in-an-array,"Array, Hash Table, Counting"
1125,HARD,Find the Maximum Length of a Good Subsequence II,2,132.4,66.2,https://leetcode.com/problems/find-the-maximum-length-of-a-good-subsequence-ii,"Array, Hash Table, Dynamic Programming"
1126,MEDIUM,Market Analysis I,4,132.2,33.0,https://leetcode.com/problems/market-analysis-i,Database
1127,MEDIUM,Count Subarrays Where Max Element Appears at Least K Times,6,132.1,22.0,https://leetcode.com/problems/count-subarrays-where-max-element-appears-at-least-k-times,"Array, Sliding Window"
1128,MEDIUM,Confirmation Rate,5,132.0,26.4,https://leetcode.com/problems/confirmation-rate,Database
1129,HARD,Minimum Difference in Sums After Removal of Elements,7,131.9,18.8,https://leetcode.com/problems/minimum-difference-in-sums-after-removal-of-elements,"Array, Dynamic Programming, Heap (Priority Queue)"
1130,EASY,Fair Candy Swap,6,131.6,21.9,https://leetcode.com/problems/fair-candy-swap,"Array, Hash Table, Binary Search, Sorting"
1131,HARD,Get the Maximum Score,4,131.6,32.9,https://leetcode.com/problems/get-the-maximum-score,"Array, Two Pointers, Dynamic Programming, Greedy"
1132,MEDIUM,First Unique Number,4,131.4,32.9,https://leetcode.com/problems/first-unique-number,"Array, Hash Table, Design, Queue, Data Stream"
1133,HARD,Arithmetic Slices II - Subsequence,5,131.3,26.3,https://leetcode.com/problems/arithmetic-slices-ii-subsequence,"Array, Dynamic Programming"
1134,EASY,Construct the Minimum Bitwise Array I,5,131.3,26.3,https://leetcode.com/problems/construct-the-minimum-bitwise-array-i,"Array, Bit Manipulation"
1135,HARD,Smallest Substring With Identical Characters II,2,131.3,65.7,https://leetcode.com/problems/smallest-substring-with-identical-characters-ii,"String, Binary Search"
1136,MEDIUM,Identify the Largest Outlier in an Array,4,131.3,32.8,https://leetcode.com/problems/identify-the-largest-outlier-in-an-array,"Array, Hash Table, Counting, Enumeration"
1137,MEDIUM,Print Words Vertically,2,131.1,65.5,https://leetcode.com/problems/print-words-vertically,"Array, String, Simulation"
1138,EASY,Cousins in Binary Tree,6,130.9,21.8,https://leetcode.com/problems/cousins-in-binary-tree,"Tree, Depth-First Search, Breadth-First Search, Binary Tree"
1139,MEDIUM,Best Time to Buy and Sell Stock using Strategy,5,130.8,26.2,https://leetcode.com/problems/best-time-to-buy-and-sell-stock-using-strategy,"Array, Sliding Window, Prefix Sum"
1140,MEDIUM,Count Square Submatrices with All Ones,6,130.6,21.8,https://leetcode.com/problems/count-square-submatrices-with-all-ones,"Array, Dynamic Programming, Matrix"
1141,MEDIUM,Number of Ways to Select Buildings,3,130.6,43.5,https://leetcode.com/problems/number-of-ways-to-select-buildings,"String, Dynamic Programming, Prefix Sum"
1142,HARD,Number of Music Playlists,2,130.6,65.3,https://leetcode.com/problems/number-of-music-playlists,"Math, Dynamic Programming, Combinatorics"
1143,MEDIUM,Minimum Moves to Equal Array Elements II,5,130.4,26.1,https://leetcode.com/problems/minimum-moves-to-equal-array-elements-ii,"Array, Math, Sorting"
1144,MEDIUM,Reconstruct Original Digits from English,3,130.4,43.5,https://leetcode.com/problems/reconstruct-original-digits-from-english,"Hash Table, Math, String"
1145,MEDIUM,Query Kth Smallest Trimmed Number,2,130.1,65.0,https://leetcode.com/problems/query-kth-smallest-trimmed-number,"Array, String, Divide and Conquer, Sorting, Heap (Priority Queue), Radix Sort, Quickselect"
1146,MEDIUM,Maximum Tastiness of Candy Basket,4,129.9,32.5,https://leetcode.com/problems/maximum-tastiness-of-candy-basket,"Array, Binary Search, Greedy, Sorting"
1147,MEDIUM,Max Sum of a Pair With Equal Sum of Digits,6,129.4,21.6,https://leetcode.com/problems/max-sum-of-a-pair-with-equal-sum-of-digits,"Array, Hash Table, Sorting, Heap (Priority Queue)"
1148,MEDIUM,Number of Unique Flavors After Sharing K Candies,2,129.3,64.7,https://leetcode.com/problems/number-of-unique-flavors-after-sharing-k-candies,"Array, Hash Table, Sliding Window"
1149,EASY,Build Array from Permutation,5,129.3,25.9,https://leetcode.com/problems/build-array-from-permutation,"Array, Simulation"
1150,HARD,Maximize the Minimum Powered City,4,129.0,32.2,https://leetcode.com/problems/maximize-the-minimum-powered-city,"Array, Binary Search, Greedy, Queue, Sliding Window, Prefix Sum"
1151,EASY,Maximum Count of Positive Integer and Negative Integer,4,128.8,32.2,https://leetcode.com/problems/maximum-count-of-positive-integer-and-negative-integer,"Array, Binary Search, Counting"
1152,MEDIUM,Hand of Straights,6,128.5,21.4,https://leetcode.com/problems/hand-of-straights,"Array, Hash Table, Greedy, Sorting"
1153,MEDIUM,Find if Array Can Be Sorted,4,128.4,32.1,https://leetcode.com/problems/find-if-array-can-be-sorted,"Array, Bit Manipulation, Sorting"
1154,EASY,Minimum Distance Between BST Nodes,4,128.4,32.1,https://leetcode.com/problems/minimum-distance-between-bst-nodes,"Tree, Depth-First Search, Breadth-First Search, Binary Search Tree, Binary Tree"
1155,HARD,Trionic Array II,6,128.3,21.4,https://leetcode.com/problems/trionic-array-ii,"Array, Dynamic Programming"
1156,EASY,Search in a Binary Search Tree,6,128.3,21.4,https://leetcode.com/problems/search-in-a-binary-search-tree,"Tree, Binary Search Tree, Binary Tree"
1157,MEDIUM,Minimum Sensors to Cover Grid,4,128.1,32.0,https://leetcode.com/problems/minimum-sensors-to-cover-grid,Math
1158,EASY,Pascal's Triangle II,6,127.9,21.3,https://leetcode.com/problems/pascals-triangle-ii,"Array, Dynamic Programming"
1159,EASY,Binary Number with Alternating Bits,4,127.8,32.0,https://leetcode.com/problems/binary-number-with-alternating-bits,Bit Manipulation
1160,EASY,Keyboard Row,4,127.8,31.9,https://leetcode.com/problems/keyboard-row,"Array, Hash Table, String"
1161,MEDIUM,Course Schedule IV,5,127.6,25.5,https://leetcode.com/problems/course-schedule-iv,"Depth-First Search, Breadth-First Search, Graph Theory, Topological Sort"
1162,MEDIUM,Design Linked List,6,127.5,21.2,https://leetcode.com/problems/design-linked-list,"Linked List, Design"
1163,MEDIUM,Four Divisors,6,127.4,21.2,https://leetcode.com/problems/four-divisors,"Array, Math, Prime Factorization, Sieve Theory"
1164,HARD,Find Edges in Shortest Paths,2,127.3,63.6,https://leetcode.com/problems/find-edges-in-shortest-paths,"Depth-First Search, Breadth-First Search, Graph Theory, Heap (Priority Queue), Shortest Path"
1165,EASY,Maximum Difference Between Increasing Elements,6,127.0,21.2,https://leetcode.com/problems/maximum-difference-between-increasing-elements,Array
1166,EASY,Count the Number of Consistent Strings,3,127.0,42.3,https://leetcode.com/problems/count-the-number-of-consistent-strings,"Array, Hash Table, String, Bit Manipulation, Counting"
1167,MEDIUM,Find a Peak Element II,6,126.9,21.1,https://leetcode.com/problems/find-a-peak-element-ii,"Array, Binary Search, Matrix"
1168,EASY,Minimum Recolors to Get K Consecutive Black Blocks,4,126.8,31.7,https://leetcode.com/problems/minimum-recolors-to-get-k-consecutive-black-blocks,"String, Sliding Window"
1169,EASY,Project Employees I,6,126.7,21.1,https://leetcode.com/problems/project-employees-i,Database
1170,MEDIUM,Linked List in Binary Tree,5,126.7,25.3,https://leetcode.com/problems/linked-list-in-binary-tree,"Linked List, Tree, Depth-First Search, Binary Tree"
1171,MEDIUM,Detect Squares,5,126.6,25.3,https://leetcode.com/problems/detect-squares,"Array, Hash Table, Design, Counting, Data Stream"
1172,MEDIUM,Find the Largest Area of Square Inside Two Rectangles,5,126.2,25.2,https://leetcode.com/problems/find-the-largest-area-of-square-inside-two-rectangles,"Array, Math, Geometry"
1173,MEDIUM,Count Days Without Meetings,4,126.1,31.5,https://leetcode.com/problems/count-days-without-meetings,"Array, Sorting"
1174,EASY,Minimum Index Sum of Two Lists,4,125.8,31.5,https://leetcode.com/problems/minimum-index-sum-of-two-lists,"Array, Hash Table, String"
1175,MEDIUM,Word Subsets,6,125.5,20.9,https://leetcode.com/problems/word-subsets,"Array, Hash Table, String"
1176,EASY,Find Followers Count,5,125.4,25.1,https://leetcode.com/problems/find-followers-count,Database
1177,MEDIUM,Number of Sub-arrays of Size K and Average Greater than or Equal to Threshold,6,125.2,20.9,https://leetcode.com/problems/number-of-sub-arrays-of-size-k-and-average-greater-than-or-equal-to-threshold,"Array, Sliding Window"
1178,HARD,Minimum Adjacent Swaps for K Consecutive Ones,4,125.2,31.3,https://leetcode.com/problems/minimum-adjacent-swaps-for-k-consecutive-ones,"Array, Greedy, Sliding Window, Prefix Sum"
1179,MEDIUM,Special Array II,4,125.2,31.3,https://leetcode.com/problems/special-array-ii,"Array, Binary Search, Prefix Sum"
1180,HARD,Count Integers in Intervals,4,125.1,31.3,https://leetcode.com/problems/count-integers-in-intervals,"Design, Segment Tree, Ordered Set"
1181,HARD,Maximum Segment Sum After Removals,2,125.1,62.5,https://leetcode.com/problems/maximum-segment-sum-after-removals,"Array, Union-Find, Prefix Sum, Ordered Set"
1182,HARD,Maximum Score with Co-Prime Element,2,124.8,62.4,https://leetcode.com/problems/maximum-score-with-co-prime-element,"Array, Hash Table, Math, Combinatorics, Enumeration, Number Theory"
1183,MEDIUM,Rotate Function,6,124.8,20.8,https://leetcode.com/problems/rotate-function,"Array, Math, Dynamic Programming"
1184,MEDIUM,Corporate Flight Bookings,5,124.7,24.9,https://leetcode.com/problems/corporate-flight-bookings,"Array, Prefix Sum"
1185,MEDIUM,Elimination Game,5,124.6,24.9,https://leetcode.com/problems/elimination-game,"Math, Recursion"
1186,HARD,Maximum Spending After Buying Items,2,124.6,62.3,https://leetcode.com/problems/maximum-spending-after-buying-items,"Array, Greedy, Sorting, Heap (Priority Queue), Matrix"
1187,MEDIUM,Pour Water,2,124.5,62.2,https://leetcode.com/problems/pour-water,"Array, Simulation"
1188,EASY,Number of Unique Subjects Taught by Each Teacher,4,124.3,31.1,https://leetcode.com/problems/number-of-unique-subjects-taught-by-each-teacher,Database
1189,HARD,Find the Number of Subsequences With Equal GCD,6,124.2,20.7,https://leetcode.com/problems/find-the-number-of-subsequences-with-equal-gcd,"Array, Math, Dynamic Programming, Number Theory, Euclidean Algorithm, Greatest Common Divisor"
1190,EASY,Maximum Number of Words You Can Type,4,124.2,31.1,https://leetcode.com/problems/maximum-number-of-words-you-can-type,"Hash Table, String"
1191,MEDIUM,High-Access Employees,2,124.2,62.1,https://leetcode.com/problems/high-access-employees,"Array, Hash Table, String, Sorting"
1192,EASY,Triangle Judgement,5,123.9,24.8,https://leetcode.com/problems/triangle-judgement,Database
1193,MEDIUM,Longest Non-decreasing Subarray From Two Arrays,4,123.9,31.0,https://leetcode.com/problems/longest-non-decreasing-subarray-from-two-arrays,"Array, Dynamic Programming"
1194,EASY,Rectangle Overlap,5,123.9,24.8,https://leetcode.com/problems/rectangle-overlap,"Math, Geometry"
1195,MEDIUM,Serialize and Deserialize BST,4,123.8,30.9,https://leetcode.com/problems/serialize-and-deserialize-bst,"String, Tree, Depth-First Search, Breadth-First Search, Design, Binary Search Tree, Binary Tree"
1196,MEDIUM,Deepest Leaves Sum,3,123.8,41.3,https://leetcode.com/problems/deepest-leaves-sum,"Tree, Depth-First Search, Breadth-First Search, Binary Tree"
1197,HARD,Number of Ships in a Rectangle,2,123.8,61.9,https://leetcode.com/problems/number-of-ships-in-a-rectangle,"Array, Divide and Conquer, Interactive"
1198,MEDIUM,Maximize Area of Square Hole in Grid,4,123.7,30.9,https://leetcode.com/problems/maximize-area-of-square-hole-in-grid,"Array, Sorting"
1199,MEDIUM,Total Cost to Hire K Workers,3,123.4,41.1,https://leetcode.com/problems/total-cost-to-hire-k-workers,"Array, Two Pointers, Heap (Priority Queue), Simulation"
1200,MEDIUM,Better Compression of String,2,123.3,61.7,https://leetcode.com/problems/better-compression-of-string,"Hash Table, String, Sorting, Counting"
1201,MEDIUM,Eliminate Maximum Number of Monsters,3,123.2,41.1,https://leetcode.com/problems/eliminate-maximum-number-of-monsters,"Array, Greedy, Sorting"
1202,EASY,Split a String in Balanced Strings,5,123.0,24.6,https://leetcode.com/problems/split-a-string-in-balanced-strings,"String, Greedy, Counting"
1203,MEDIUM,Operations on Tree,3,123.0,41.0,https://leetcode.com/problems/operations-on-tree,"Array, Hash Table, Tree, Depth-First Search, Breadth-First Search, Design"
1204,MEDIUM,Number of Unique XOR Triplets I,5,123.0,24.6,https://leetcode.com/problems/number-of-unique-xor-triplets-i,"Array, Math, Bit Manipulation"
1205,MEDIUM,K Divisible Elements Subarrays,3,122.9,41.0,https://leetcode.com/problems/k-divisible-elements-subarrays,"Array, Hash Table, Trie, Rolling Hash, Hash Function, Enumeration"
1206,HARD,Maximum Score From Grid Operations,3,122.9,41.0,https://leetcode.com/problems/maximum-score-from-grid-operations,"Array, Dynamic Programming, Matrix, Prefix Sum"
1207,EASY,Palindrome Permutation,5,122.6,24.5,https://leetcode.com/problems/palindrome-permutation,"Hash Table, String, Bit Manipulation"
1208,MEDIUM,Subsequence of Size K With the Largest Even Sum,2,122.6,61.3,https://leetcode.com/problems/subsequence-of-size-k-with-the-largest-even-sum,"Array, Greedy, Sorting"
1209,EASY,Furthest Point From Origin,4,122.3,30.6,https://leetcode.com/problems/furthest-point-from-origin,"String, Counting"
1210,HARD,Shortest Common Supersequence ,5,121.9,24.4,https://leetcode.com/problems/shortest-common-supersequence,"String, Dynamic Programming, Longest Common Subsequence"
1211,MEDIUM,Shuffle an Array,5,121.8,24.4,https://leetcode.com/problems/shuffle-an-array,"Array, Math, Design, Randomized"
1212,EASY,Count Pairs Whose Sum is Less than Target,6,121.8,20.3,https://leetcode.com/problems/count-pairs-whose-sum-is-less-than-target,"Array, Two Pointers, Binary Search, Sorting"
1213,EASY,Remove Letter To Equalize Frequency,3,121.7,40.6,https://leetcode.com/problems/remove-letter-to-equalize-frequency,"Hash Table, String, Counting"
1214,EASY,Sum of All Subset XOR Totals,5,121.6,24.3,https://leetcode.com/problems/sum-of-all-subset-xor-totals,"Array, Math, Backtracking, Bit Manipulation, Combinatorics, Enumeration"
1215,MEDIUM,Minimum Operations to Make a Uni-Value Grid,5,121.5,24.3,https://leetcode.com/problems/minimum-operations-to-make-a-uni-value-grid,"Array, Math, Sorting, Matrix"
1216,MEDIUM,Shortest Subarray With OR at Least K II,4,121.5,30.4,https://leetcode.com/problems/shortest-subarray-with-or-at-least-k-ii,"Array, Bit Manipulation, Sliding Window"
1217,EASY,User Activity for the Past 30 Days II,2,121.5,60.8,https://leetcode.com/problems/user-activity-for-the-past-30-days-ii,Database
1218,MEDIUM,Additive Number,3,121.4,40.5,https://leetcode.com/problems/additive-number,"String, Backtracking"
1219,MEDIUM,Out of Boundary Paths,3,121.4,40.5,https://leetcode.com/problems/out-of-boundary-paths,Dynamic Programming
1220,MEDIUM,Partition Array According to Given Pivot,5,121.2,24.2,https://leetcode.com/problems/partition-array-according-to-given-pivot,"Array, Two Pointers, Simulation"
1221,HARD,Trips and Users,5,121.1,24.2,https://leetcode.com/problems/trips-and-users,Database
1222,EASY,The Employee That Worked on the Longest Task,2,121.1,60.5,https://leetcode.com/problems/the-employee-that-worked-on-the-longest-task,Array
1223,MEDIUM,Maximum Area Rectangle With Point Constraints I,2,120.9,60.5,https://leetcode.com/problems/maximum-area-rectangle-with-point-constraints-i,"Array, Math, Binary Indexed Tree, Segment Tree, Geometry, Sorting, Enumeration"
1224,MEDIUM,Watering Plants,2,120.9,60.5,https://leetcode.com/problems/watering-plants,"Array, Simulation"
1225,MEDIUM,Product Sales Analysis III,5,120.5,24.1,https://leetcode.com/problems/product-sales-analysis-iii,Database
1226,EASY,Check if All the Integers in a Range Are Covered,3,120.4,40.1,https://leetcode.com/problems/check-if-all-the-integers-in-a-range-are-covered,"Array, Hash Table, Prefix Sum"
1227,MEDIUM,Match Alphanumerical Pattern in Matrix I,2,120.3,60.1,https://leetcode.com/problems/match-alphanumerical-pattern-in-matrix-i,"Array, Hash Table, String, Matrix"
1228,EASY,Maximum Population Year,6,120.1,20.0,https://leetcode.com/problems/maximum-population-year,"Array, Counting, Prefix Sum"
1229,EASY,Distribute Candies,3,120.1,40.0,https://leetcode.com/problems/distribute-candies,"Array, Hash Table"
1230,HARD,Rearrange String k Distance Apart,4,119.7,29.9,https://leetcode.com/problems/rearrange-string-k-distance-apart,"Hash Table, String, Greedy, Sorting, Heap (Priority Queue), Counting"
1231,MEDIUM,Friend Requests II: Who Has the Most Friends,5,119.6,23.9,https://leetcode.com/problems/friend-requests-ii-who-has-the-most-friends,Database
1232,MEDIUM,XOR Queries of a Subarray,3,119.6,39.9,https://leetcode.com/problems/xor-queries-of-a-subarray,"Array, Bit Manipulation, Prefix Sum"
1233,HARD,Escape a Large Maze,4,119.5,29.9,https://leetcode.com/problems/escape-a-large-maze,"Array, Hash Table, Depth-First Search, Breadth-First Search, Bidirectional Search"
1234,HARD,Find Beautiful Indices in the Given Array II,2,119.5,59.8,https://leetcode.com/problems/find-beautiful-indices-in-the-given-array-ii,"Two Pointers, String, Binary Search, Rolling Hash, String Matching, Hash Function, Z Algorithm, Knuth–Morris–Pratt Algorithm, Boyer–Moore String-Search Algorithm"
1235,MEDIUM,Design SQL,2,119.2,59.6,https://leetcode.com/problems/design-sql,"Array, Hash Table, String, Design"
1236,MEDIUM,Maximize Amount After Two Days of Conversions,3,119.0,39.7,https://leetcode.com/problems/maximize-amount-after-two-days-of-conversions,"Array, String, Depth-First Search, Breadth-First Search, Graph Theory"
1237,EASY,Divide a String Into Groups of Size k,3,118.9,39.6,https://leetcode.com/problems/divide-a-string-into-groups-of-size-k,"String, Simulation"
1238,HARD,Maximum Height by Stacking Cuboids ,4,118.8,29.7,https://leetcode.com/problems/maximum-height-by-stacking-cuboids,"Array, Dynamic Programming, Sorting"
1239,EASY,Number of Students Unable to Eat Lunch,5,118.8,23.8,https://leetcode.com/problems/number-of-students-unable-to-eat-lunch,"Array, Stack, Queue, Simulation"
1240,HARD,Largest Color Value in a Directed Graph,5,118.6,23.7,https://leetcode.com/problems/largest-color-value-in-a-directed-graph,"Hash Table, String, Dynamic Programming, Graph Theory, Topological Sort, Memoization, Counting, Directed Acyclic Graph"
1241,EASY,Tenth Line,4,118.5,29.6,https://leetcode.com/problems/tenth-line,Shell
1242,MEDIUM,Largest Magic Square,3,118.4,39.5,https://leetcode.com/problems/largest-magic-square,"Array, Matrix, Prefix Sum"
1243,MEDIUM,Event Emitter,3,118.3,39.4,https://leetcode.com/problems/event-emitter,
1244,MEDIUM,Maximize the Confusion of an Exam,4,118.1,29.5,https://leetcode.com/problems/maximize-the-confusion-of-an-exam,"String, Binary Search, Sliding Window, Prefix Sum"
1245,EASY,Number Complement,4,118.1,29.5,https://leetcode.com/problems/number-complement,Bit Manipulation
1246,MEDIUM,Partition Array for Maximum Sum,5,117.9,23.6,https://leetcode.com/problems/partition-array-for-maximum-sum,"Array, Dynamic Programming"
1247,MEDIUM,Check if Strings Can be Made Equal With Operations II,4,117.8,29.4,https://leetcode.com/problems/check-if-strings-can-be-made-equal-with-operations-ii,"Hash Table, String, Sorting"
1248,EASY,Second Largest Digit in a String,4,117.8,29.4,https://leetcode.com/problems/second-largest-digit-in-a-string,"Hash Table, String"
1249,MEDIUM,Maximum Distance in Arrays,3,117.7,39.2,https://leetcode.com/problems/maximum-distance-in-arrays,"Array, Greedy"
1250,MEDIUM,Lowest Common Ancestor of a Binary Tree IV,4,117.6,29.4,https://leetcode.com/problems/lowest-common-ancestor-of-a-binary-tree-iv,"Hash Table, Tree, Depth-First Search, Binary Tree, Binary Lifting, Lowest Common Ancestor"
1251,HARD,Basic Calculator IV,3,117.6,39.2,https://leetcode.com/problems/basic-calculator-iv,"Hash Table, Math, String, Stack, Recursion"
1252,MEDIUM,Minimum Number of Flips to Make the Binary String Alternating,5,117.4,23.5,https://leetcode.com/problems/minimum-number-of-flips-to-make-the-binary-string-alternating,"String, Dynamic Programming, Sliding Window"
1253,MEDIUM,Nested List Weight Sum II,3,117.3,39.1,https://leetcode.com/problems/nested-list-weight-sum-ii,"Stack, Depth-First Search, Breadth-First Search"
1254,MEDIUM,Count Number of Ways to Place Houses,4,117.3,29.3,https://leetcode.com/problems/count-number-of-ways-to-place-houses,Dynamic Programming
1255,MEDIUM,Number of Subarrays with Bounded Maximum,4,117.3,29.3,https://leetcode.com/problems/number-of-subarrays-with-bounded-maximum,"Array, Two Pointers"
1256,MEDIUM,Path With Maximum Minimum Value,3,117.2,39.1,https://leetcode.com/problems/path-with-maximum-minimum-value,"Array, Binary Search, Depth-First Search, Breadth-First Search, Union-Find, Heap (Priority Queue), Matrix, Dijkstra's Algorithm"
1257,EASY,Two Furthest Houses With Different Colors,5,117.1,23.4,https://leetcode.com/problems/two-furthest-houses-with-different-colors,"Array, Greedy"
1258,EASY,Check if One String Swap Can Make Strings Equal,5,117.0,23.4,https://leetcode.com/problems/check-if-one-string-swap-can-make-strings-equal,"Hash Table, String, Counting"
1259,MEDIUM,Maximum Absolute Sum of Any Subarray,6,116.9,19.5,https://leetcode.com/problems/maximum-absolute-sum-of-any-subarray,"Array, Dynamic Programming"
1260,MEDIUM,Minimum Operations to Make Binary Array Elements Equal to One I,6,116.9,19.5,https://leetcode.com/problems/minimum-operations-to-make-binary-array-elements-equal-to-one-i,"Array, Bit Manipulation, Queue, Sliding Window, Prefix Sum"
1261,HARD,Number of Paths with Max Score,4,116.8,29.2,https://leetcode.com/problems/number-of-paths-with-max-score,"Array, Dynamic Programming, Matrix"
1262,EASY,Remove Digit From Number to Maximize Result,6,116.8,19.5,https://leetcode.com/problems/remove-digit-from-number-to-maximize-result,"String, Greedy, Enumeration"
1263,EASY,Day of the Year,3,116.7,38.9,https://leetcode.com/problems/day-of-the-year,"Math, String"
1264,HARD,Smallest Divisible Digit Product II,5,116.5,23.3,https://leetcode.com/problems/smallest-divisible-digit-product-ii,"Math, String, Backtracking, Greedy, Number Theory"
1265,MEDIUM,Minimum Area Rectangle II,2,116.5,58.2,https://leetcode.com/problems/minimum-area-rectangle-ii,"Array, Hash Table, Math, Geometry"
1266,MEDIUM,Count Nice Pairs in an Array,5,116.1,23.2,https://leetcode.com/problems/count-nice-pairs-in-an-array,"Array, Hash Table, Math, Counting"
1267,EASY,Flipping an Image,6,115.8,19.3,https://leetcode.com/problems/flipping-an-image,"Array, Two Pointers, Bit Manipulation, Matrix, Simulation"
1268,MEDIUM,Time Needed to Inform All Employees,4,115.8,28.9,https://leetcode.com/problems/time-needed-to-inform-all-employees,"Tree, Depth-First Search, Breadth-First Search"
1269,HARD,Jump Game IV,5,115.7,23.1,https://leetcode.com/problems/jump-game-iv,"Array, Hash Table, Breadth-First Search"
1270,MEDIUM,Maximum Length of Subarray With Positive Product,2,115.7,57.9,https://leetcode.com/problems/maximum-length-of-subarray-with-positive-product,"Array, Dynamic Programming, Greedy"
1271,HARD,Number of Ways to Divide a Long Corridor,3,115.5,38.5,https://leetcode.com/problems/number-of-ways-to-divide-a-long-corridor,"Math, String, Dynamic Programming"
1272,MEDIUM,Number of Unique XOR Triplets II,3,115.4,38.5,https://leetcode.com/problems/number-of-unique-xor-triplets-ii,"Array, Math, Bit Manipulation, Enumeration"
1273,MEDIUM,String Without AAA or BBB,3,115.3,38.4,https://leetcode.com/problems/string-without-aaa-or-bbb,"String, Greedy"
1274,HARD,Tallest Billboard,5,115.2,23.0,https://leetcode.com/problems/tallest-billboard,"Array, Dynamic Programming, Meet in the Middle, Knapsack Problem, 0-1 Knapsack"
1275,HARD,Maximum Number of Tasks You Can Assign,5,115.1,23.0,https://leetcode.com/problems/maximum-number-of-tasks-you-can-assign,"Array, Two Pointers, Binary Search, Greedy, Queue, Sorting, Monotonic Queue"
1276,MEDIUM,Convert Binary Search Tree to Sorted Doubly Linked List,4,115.1,28.8,https://leetcode.com/problems/convert-binary-search-tree-to-sorted-doubly-linked-list,"Linked List, Stack, Tree, Depth-First Search, Binary Search Tree, Binary Tree, Doubly-Linked List"
1277,MEDIUM,Tree Node,4,114.9,28.7,https://leetcode.com/problems/tree-node,Database
1278,MEDIUM,3Sum With Multiplicity,4,114.8,28.7,https://leetcode.com/problems/3sum-with-multiplicity,"Array, Hash Table, Two Pointers, Sorting, Counting"
1279,MEDIUM,Wiggle Sort,4,114.5,28.6,https://leetcode.com/problems/wiggle-sort,"Array, Greedy, Sorting"
1280,MEDIUM,Non-decreasing Subsequences,4,114.2,28.6,https://leetcode.com/problems/non-decreasing-subsequences,"Array, Hash Table, Backtracking, Bit Manipulation"
1281,MEDIUM,Find the Minimum Area to Cover All Ones I,5,114.1,22.8,https://leetcode.com/problems/find-the-minimum-area-to-cover-all-ones-i,"Array, Matrix"
1282,HARD,Find Maximum Non-decreasing Array Length,4,114.1,28.5,https://leetcode.com/problems/find-maximum-non-decreasing-array-length,"Array, Binary Search, Dynamic Programming, Stack, Queue, Monotonic Stack, Prefix Sum, Monotonic Queue"
1283,MEDIUM,Minimum Number of Operations to Move All Balls to Each Box,6,114.0,19.0,https://leetcode.com/problems/minimum-number-of-operations-to-move-all-balls-to-each-box,"Array, String, Prefix Sum"
1284,MEDIUM,All Possible Full Binary Trees,5,114.0,22.8,https://leetcode.com/problems/all-possible-full-binary-trees,"Dynamic Programming, Tree, Recursion, Memoization, Binary Tree"
1285,MEDIUM,Unique Binary Search Trees II,5,114.0,22.8,https://leetcode.com/problems/unique-binary-search-trees-ii,"Dynamic Programming, Backtracking, Tree, Binary Search Tree, Binary Tree"
1286,MEDIUM,Memoize,6,113.8,19.0,https://leetcode.com/problems/memoize,
1287,MEDIUM,K Radius Subarray Averages,4,113.5,28.4,https://leetcode.com/problems/k-radius-subarray-averages,"Array, Sliding Window"
1288,EASY,Minimum Number of Chairs in a Waiting Room,3,113.5,37.8,https://leetcode.com/problems/minimum-number-of-chairs-in-a-waiting-room,"String, Simulation"
1289,MEDIUM,Maximum White Tiles Covered by a Carpet,3,113.4,37.8,https://leetcode.com/problems/maximum-white-tiles-covered-by-a-carpet,"Array, Binary Search, Greedy, Sliding Window, Sorting, Prefix Sum"
1290,MEDIUM,Find the Minimum Amount of Time to Brew Potions,6,113.3,18.9,https://leetcode.com/problems/find-the-minimum-amount-of-time-to-brew-potions,"Array, Simulation, Prefix Sum"
1291,MEDIUM,Champagne Tower,6,113.2,18.9,https://leetcode.com/problems/champagne-tower,Dynamic Programming
1292,EASY,Range Addition II,3,113.2,37.7,https://leetcode.com/problems/range-addition-ii,"Array, Math"
1293,MEDIUM,Longest Repeating Substring,4,113.2,28.3,https://leetcode.com/problems/longest-repeating-substring,"String, Binary Search, Dynamic Programming, Rolling Hash, Suffix Array, Hash Function, Suffix Automaton, Suffix Tree"
1294,MEDIUM,Closest Leaf in a Binary Tree,3,113.2,37.7,https://leetcode.com/problems/closest-leaf-in-a-binary-tree,"Tree, Depth-First Search, Breadth-First Search, Binary Tree"
1295,MEDIUM,New 21 Game,5,113.1,22.6,https://leetcode.com/problems/new-21-game,"Math, Dynamic Programming, Sliding Window, Probability and Statistics"
1296,EASY,Remove One Element to Make the Array Strictly Increasing,3,113.0,37.7,https://leetcode.com/problems/remove-one-element-to-make-the-array-strictly-increasing,Array
1297,MEDIUM,Apply Operations to Make All Array Elements Equal to Zero,3,112.9,37.6,https://leetcode.com/problems/apply-operations-to-make-all-array-elements-equal-to-zero,"Array, Prefix Sum"
1298,EASY,To Be Or Not To Be,5,112.8,22.6,https://leetcode.com/problems/to-be-or-not-to-be,
1299,EASY,Check if Strings Can be Made Equal With Operations I,3,112.8,37.6,https://leetcode.com/problems/check-if-strings-can-be-made-equal-with-operations-i,String
1300,HARD,Non-negative Integers without Consecutive Ones,3,112.7,37.6,https://leetcode.com/problems/non-negative-integers-without-consecutive-ones,Dynamic Programming
1301,MEDIUM,Score After Flipping Matrix,3,112.7,37.6,https://leetcode.com/problems/score-after-flipping-matrix,"Array, Greedy, Bit Manipulation, Matrix"
1302,MEDIUM,Missing Element in Sorted Array,4,112.7,28.2,https://leetcode.com/problems/missing-element-in-sorted-array,"Array, Binary Search"
1303,EASY,Binary Tree Preorder Traversal,5,112.6,22.5,https://leetcode.com/problems/binary-tree-preorder-traversal,"Stack, Tree, Depth-First Search, Binary Tree"
1304,MEDIUM,Seat Reservation Manager,4,112.5,28.1,https://leetcode.com/problems/seat-reservation-manager,"Design, Heap (Priority Queue)"
1305,MEDIUM,Tweet Counts Per Frequency,3,112.4,37.5,https://leetcode.com/problems/tweet-counts-per-frequency,"Hash Table, String, Binary Search, Design, Sorting, Ordered Set"
1306,HARD,Minimize Malware Spread II,2,112.4,56.2,https://leetcode.com/problems/minimize-malware-spread-ii,"Array, Hash Table, Depth-First Search, Breadth-First Search, Union-Find, Graph Theory"
1307,MEDIUM,Jump Game IX,4,112.3,28.1,https://leetcode.com/problems/jump-game-ix,"Array, Dynamic Programming"
1308,EASY,Fill Missing Data,3,112.3,37.4,https://leetcode.com/problems/fill-missing-data,
1309,HARD,Count the Number of Powerful Integers,3,112.2,37.4,https://leetcode.com/problems/count-the-number-of-powerful-integers,"Math, String, Dynamic Programming"
1310,HARD,Count Different Palindromic Subsequences,4,112.1,28.0,https://leetcode.com/problems/count-different-palindromic-subsequences,"String, Dynamic Programming"
1311,MEDIUM,Maximum Star Sum of a Graph,3,112.1,37.4,https://leetcode.com/problems/maximum-star-sum-of-a-graph,"Array, Greedy, Graph Theory, Sorting, Heap (Priority Queue)"
1312,MEDIUM,Swapping Nodes in a Linked List,6,112.0,18.7,https://leetcode.com/problems/swapping-nodes-in-a-linked-list,"Linked List, Two Pointers"
1313,EASY,Check If a Word Occurs As a Prefix of Any Word in a Sentence,4,112.0,28.0,https://leetcode.com/problems/check-if-a-word-occurs-as-a-prefix-of-any-word-in-a-sentence,"Two Pointers, String, String Matching"
1314,EASY,Trionic Array I,4,112.0,28.0,https://leetcode.com/problems/trionic-array-i,Array
1315,MEDIUM,Count Nodes Equal to Average of Subtree,4,111.8,28.0,https://leetcode.com/problems/count-nodes-equal-to-average-of-subtree,"Tree, Depth-First Search, Binary Tree"
1316,MEDIUM,Split BST,2,111.8,55.9,https://leetcode.com/problems/split-bst,"Tree, Binary Search Tree, Recursion, Binary Tree"
1317,HARD,Maximum Students Taking Exam,3,111.7,37.2,https://leetcode.com/problems/maximum-students-taking-exam,"Array, Dynamic Programming, Bit Manipulation, Matrix, Bitmask, Maximum Flow, Maximum Matching, Bipartite Graph, Edmonds–Karp Algorithm, MPM Algorithm, Push-Relabel Algorithm, Minimum Cut, Matching (Graph), Flow Network, Dinic's Algorithm"
1318,MEDIUM,Minimize Hamming Distance After Swap Operations,3,111.7,37.2,https://leetcode.com/problems/minimize-hamming-distance-after-swap-operations,"Array, Depth-First Search, Union-Find"
1319,HARD,Maximize Subarrays After Removing One Conflicting Pair,5,111.6,22.3,https://leetcode.com/problems/maximize-subarrays-after-removing-one-conflicting-pair,"Array, Segment Tree, Enumeration, Prefix Sum"
1320,MEDIUM,Check If a String Contains All Binary Codes of Size K,5,111.4,22.3,https://leetcode.com/problems/check-if-a-string-contains-all-binary-codes-of-size-k,"Hash Table, String, Bit Manipulation, Rolling Hash, Hash Function, Directed Acyclic Graph"
1321,HARD,Check if an Original String Exists Given Two Encoded Strings,2,111.4,55.7,https://leetcode.com/problems/check-if-an-original-string-exists-given-two-encoded-strings,"String, Dynamic Programming"
1322,EASY,Decrypt String from Alphabet to Integer Mapping,5,111.3,22.3,https://leetcode.com/problems/decrypt-string-from-alphabet-to-integer-mapping,String
1323,HARD,Sum of k-Mirror Numbers,5,111.3,22.3,https://leetcode.com/problems/sum-of-k-mirror-numbers,"Math, Enumeration"
1324,HARD,Find Minimum Time to Finish All Jobs,5,111.2,22.2,https://leetcode.com/problems/find-minimum-time-to-finish-all-jobs,"Array, Dynamic Programming, Backtracking, Bit Manipulation, Bitmask"
1325,MEDIUM,The Maze II,5,111.2,22.2,https://leetcode.com/problems/the-maze-ii,"Array, Depth-First Search, Breadth-First Search, Graph Theory, Heap (Priority Queue), Matrix, Shortest Path, Dijkstra's Algorithm, Heuristic Search, A* Search"
1326,HARD,Maximum Fruits Harvested After at Most K Steps,4,111.1,27.8,https://leetcode.com/problems/maximum-fruits-harvested-after-at-most-k-steps,"Array, Binary Search, Sliding Window, Prefix Sum"
1327,MEDIUM,Find Closest Node to Given Two Nodes,4,111.0,27.8,https://leetcode.com/problems/find-closest-node-to-given-two-nodes,"Depth-First Search, Graph Theory"
1328,EASY,Goat Latin,4,110.7,27.7,https://leetcode.com/problems/goat-latin,String
1329,MEDIUM,Longest Word in Dictionary through Deleting,2,110.7,55.3,https://leetcode.com/problems/longest-word-in-dictionary-through-deleting,"Array, Two Pointers, String, Sorting"
1330,MEDIUM,Maximize the Number of Target Nodes After Connecting Trees I,2,110.5,55.2,https://leetcode.com/problems/maximize-the-number-of-target-nodes-after-connecting-trees-i,"Tree, Depth-First Search, Breadth-First Search"
1331,MEDIUM,Number of Ways to Split Array,6,110.4,18.4,https://leetcode.com/problems/number-of-ways-to-split-array,"Array, Prefix Sum"
1332,MEDIUM,Implement Rand10() Using Rand7(),5,110.4,22.1,https://leetcode.com/problems/implement-rand10-using-rand7,"Math, Rejection Sampling, Randomized, Probability and Statistics"
1333,MEDIUM,Lexicographically Smallest Equivalent String,5,110.4,22.1,https://leetcode.com/problems/lexicographically-smallest-equivalent-string,"String, Union-Find"
1334,HARD,Encrypt and Decrypt Strings,3,110.0,36.7,https://leetcode.com/problems/encrypt-and-decrypt-strings,"Array, Hash Table, String, Design, Trie"
1335,MEDIUM,Find Mirror Score of a String,3,110.0,36.7,https://leetcode.com/problems/find-mirror-score-of-a-string,"Hash Table, String, Stack, Simulation"
1336,MEDIUM,Minimum Moves to Reach Target Score,3,110.0,36.7,https://leetcode.com/problems/minimum-moves-to-reach-target-score,"Math, Greedy"
1337,MEDIUM,Number of Subarrays With LCM Equal to K,3,110.0,36.7,https://leetcode.com/problems/number-of-subarrays-with-lcm-equal-to-k,"Array, Math, Number Theory"
1338,EASY,Long Pressed Name,7,109.9,15.7,https://leetcode.com/problems/long-pressed-name,"Two Pointers, String"
1339,MEDIUM,Minimum Number of People to Teach,4,109.9,27.5,https://leetcode.com/problems/minimum-number-of-people-to-teach,"Array, Hash Table, Greedy"
1340,MEDIUM,Equal Row and Column Pairs,5,109.7,21.9,https://leetcode.com/problems/equal-row-and-column-pairs,"Array, Hash Table, Matrix, Simulation"
1341,MEDIUM,Range Frequency Queries,3,109.7,36.6,https://leetcode.com/problems/range-frequency-queries,"Array, Hash Table, Binary Search, Design, Segment Tree"
1342,MEDIUM,Path with Maximum Gold,5,109.6,21.9,https://leetcode.com/problems/path-with-maximum-gold,"Array, Backtracking, Matrix"
1343,EASY,Binary Tree Tilt,3,109.5,36.5,https://leetcode.com/problems/binary-tree-tilt,"Tree, Depth-First Search, Binary Tree, DP on Trees"
1344,EASY,Maximum Value of an Ordered Triplet I,5,109.2,21.8,https://leetcode.com/problems/maximum-value-of-an-ordered-triplet-i,"Array, Prefix Sum"
1345,MEDIUM,Longest Palindrome by Concatenating Two Letter Words,6,109.1,18.2,https://leetcode.com/problems/longest-palindrome-by-concatenating-two-letter-words,"Array, Hash Table, String, Greedy, Counting"
1346,HARD,Minimum Cost to Merge Stones,4,108.8,27.2,https://leetcode.com/problems/minimum-cost-to-merge-stones,"Array, Dynamic Programming, Prefix Sum"
1347,EASY,Crawler Log Folder,2,108.8,54.4,https://leetcode.com/problems/crawler-log-folder,"Array, String, Stack"
1348,MEDIUM,The k-th Lexicographical String of All Happy Strings of Length n,5,108.7,21.7,https://leetcode.com/problems/the-k-th-lexicographical-string-of-all-happy-strings-of-length-n,"String, Backtracking"
1349,MEDIUM,Count the Number of Square-Free Subsets,2,108.7,54.3,https://leetcode.com/problems/count-the-number-of-square-free-subsets,"Array, Math, Dynamic Programming, Bit Manipulation, Number Theory, Bitmask"
1350,MEDIUM,Generate Binary Strings Without Adjacent Zeros,5,108.6,21.7,https://leetcode.com/problems/generate-binary-strings-without-adjacent-zeros,"String, Backtracking, Bit Manipulation"
1351,EASY,Richest Customer Wealth,5,108.4,21.7,https://leetcode.com/problems/richest-customer-wealth,"Array, Matrix"
1352,MEDIUM,Random Pick Index,4,108.3,27.1,https://leetcode.com/problems/random-pick-index,"Hash Table, Math, Reservoir Sampling, Randomized"
1353,MEDIUM,Sequential Digits,5,108.1,21.6,https://leetcode.com/problems/sequential-digits,Enumeration
1354,HARD,Maximize the Number of Target Nodes After Connecting Trees II,2,108.1,54.0,https://leetcode.com/problems/maximize-the-number-of-target-nodes-after-connecting-trees-ii,"Tree, Depth-First Search, Breadth-First Search"
1355,MEDIUM,Number of Longest Increasing Subsequence,5,108.0,21.6,https://leetcode.com/problems/number-of-longest-increasing-subsequence,"Array, Dynamic Programming, Binary Indexed Tree, Segment Tree, Longest Increasing Subsequence"
1356,MEDIUM,Count Collisions on a Road,3,108.0,36.0,https://leetcode.com/problems/count-collisions-on-a-road,"String, Stack, Simulation"
1357,EASY,Reverse Words in a String III,6,107.9,18.0,https://leetcode.com/problems/reverse-words-in-a-string-iii,"Two Pointers, String"
1358,HARD,Paint House III,3,107.8,35.9,https://leetcode.com/problems/paint-house-iii,"Array, Dynamic Programming"
1359,EASY,Alternating Groups I,2,107.8,53.9,https://leetcode.com/problems/alternating-groups-i,"Array, Sliding Window"
1360,MEDIUM,Find Players With Zero or One Losses,2,107.8,53.9,https://leetcode.com/problems/find-players-with-zero-or-one-losses,"Array, Hash Table, Sorting, Counting"
1361,EASY,Sort the People,6,107.7,17.9,https://leetcode.com/problems/sort-the-people,"Array, Hash Table, String, Sorting"
1362,EASY,Minimum Subsequence in Non-Increasing Order,2,107.7,53.9,https://leetcode.com/problems/minimum-subsequence-in-non-increasing-order,"Array, Greedy, Sorting"
1363,HARD,Odd Even Jump,3,107.6,35.9,https://leetcode.com/problems/odd-even-jump,"Array, Dynamic Programming, Stack, Sorting, Monotonic Stack, Ordered Set"
1364,MEDIUM,Longest Ideal Subsequence,2,107.3,53.6,https://leetcode.com/problems/longest-ideal-subsequence,"Hash Table, String, Dynamic Programming"
1365,MEDIUM,Zero Array Transformation II,5,107.2,21.4,https://leetcode.com/problems/zero-array-transformation-ii,"Array, Two Pointers, Binary Search, Prefix Sum"
1366,MEDIUM,Ugly Number III,2,107.2,53.6,https://leetcode.com/problems/ugly-number-iii,"Math, Binary Search, Combinatorics, Number Theory, Least Common Multiple, Euclidean Algorithm, Greatest Common Divisor, Inclusion-Exclusion Principle"
1367,EASY,Minimum Number of Pushes to Type Word I,4,107.1,26.8,https://leetcode.com/problems/minimum-number-of-pushes-to-type-word-i,"Math, String, Greedy"
1368,EASY,Largest Positive Integer That Exists With Its Negative,5,106.9,21.4,https://leetcode.com/problems/largest-positive-integer-that-exists-with-its-negative,"Array, Hash Table, Two Pointers, Sorting"
1369,MEDIUM,Department Highest Salary,5,106.8,21.4,https://leetcode.com/problems/department-highest-salary,Database
1370,MEDIUM,Regions Cut By Slashes,4,106.7,26.7,https://leetcode.com/problems/regions-cut-by-slashes,"Array, Hash Table, Depth-First Search, Breadth-First Search, Union-Find, Matrix, Planar Graph"
1371,MEDIUM,Inorder Successor in BST II,3,106.7,35.6,https://leetcode.com/problems/inorder-successor-in-bst-ii,"Tree, Binary Search Tree, Binary Tree"
1372,HARD,Allocate Mailboxes,4,106.6,26.6,https://leetcode.com/problems/allocate-mailboxes,"Array, Math, Dynamic Programming, Sorting"
1373,EASY,Partition Array Into Three Parts With Equal Sum,5,106.4,21.3,https://leetcode.com/problems/partition-array-into-three-parts-with-equal-sum,"Array, Greedy"
1374,MEDIUM,Delete Leaves With a Given Value,4,106.4,26.6,https://leetcode.com/problems/delete-leaves-with-a-given-value,"Tree, Depth-First Search, Binary Tree"
1375,HARD,Reducing Dishes,4,106.1,26.5,https://leetcode.com/problems/reducing-dishes,"Array, Dynamic Programming, Greedy, Sorting"
1376,MEDIUM,Best Team With No Conflicts,3,106.1,35.4,https://leetcode.com/problems/best-team-with-no-conflicts,"Array, Dynamic Programming, Sorting, Longest Increasing Subsequence"
1377,MEDIUM,Taking Maximum Energy From the Mystic Dungeon,4,105.9,26.5,https://leetcode.com/problems/taking-maximum-energy-from-the-mystic-dungeon,"Array, Dynamic Programming, Prefix Sum"
1378,HARD,Count the Number of Incremovable Subarrays II,2,105.8,52.9,https://leetcode.com/problems/count-the-number-of-incremovable-subarrays-ii,"Array, Two Pointers, Binary Search"
1379,EASY,Longest Continuous Increasing Subsequence,5,105.8,21.2,https://leetcode.com/problems/longest-continuous-increasing-subsequence,Array
1380,EASY,The Number of Employees Which Report to Each Employee,5,105.7,21.1,https://leetcode.com/problems/the-number-of-employees-which-report-to-each-employee,Database
1381,MEDIUM,First Completely Painted Row or Column,3,105.7,35.2,https://leetcode.com/problems/first-completely-painted-row-or-column,"Array, Hash Table, Matrix"
1382,MEDIUM,Minimum Array Sum,5,105.6,21.1,https://leetcode.com/problems/minimum-array-sum,"Array, Dynamic Programming"
1383,MEDIUM,Bitwise XOR of All Pairings,2,105.5,52.8,https://leetcode.com/problems/bitwise-xor-of-all-pairings,"Array, Bit Manipulation, Brainteaser"
1384,HARD,Build Array Where You Can Find The Maximum Exactly K Comparisons,2,105.5,52.8,https://leetcode.com/problems/build-array-where-you-can-find-the-maximum-exactly-k-comparisons,"Dynamic Programming, Prefix Sum"
1385,HARD,Make Array Non-decreasing or Non-increasing,2,105.5,52.8,https://leetcode.com/problems/make-array-non-decreasing-or-non-increasing,"Array, Dynamic Programming, Greedy, Heap (Priority Queue)"
1386,HARD,Maximum Area Rectangle With Point Constraints II,2,105.5,52.8,https://leetcode.com/problems/maximum-area-rectangle-with-point-constraints-ii,"Array, Math, Binary Indexed Tree, Segment Tree, Geometry, Sorting"
1387,MEDIUM,Stone Game VII,2,105.5,52.8,https://leetcode.com/problems/stone-game-vii,"Array, Math, Dynamic Programming, Minimax, Game Theory, Zero-Sum Game"
1388,MEDIUM,Swap For Longest Repeated Character Substring,2,105.5,52.8,https://leetcode.com/problems/swap-for-longest-repeated-character-substring,"Hash Table, String, Sliding Window"
1389,EASY,Top Travellers,2,105.5,52.8,https://leetcode.com/problems/top-travellers,Database
1390,MEDIUM,Unique Substrings in Wraparound String,2,105.5,52.8,https://leetcode.com/problems/unique-substrings-in-wraparound-string,"String, Dynamic Programming"
1391,MEDIUM,Find Minimum Cost to Remove Array Elements,4,105.2,26.3,https://leetcode.com/problems/find-minimum-cost-to-remove-array-elements,"Array, Dynamic Programming"
1392,HARD,Constrained Subsequence Sum,2,105.1,52.5,https://leetcode.com/problems/constrained-subsequence-sum,"Array, Dynamic Programming, Queue, Sliding Window, Heap (Priority Queue), Monotonic Queue"
1393,MEDIUM,Factor Combinations,2,105.0,52.5,https://leetcode.com/problems/factor-combinations,"Backtracking, Prime Factorization"
1394,MEDIUM,Find All Groups of Farmland,2,105.0,52.5,https://leetcode.com/problems/find-all-groups-of-farmland,"Array, Depth-First Search, Breadth-First Search, Matrix"
1395,MEDIUM,Find the Number of Good Pairs II,2,105.0,52.5,https://leetcode.com/problems/find-the-number-of-good-pairs-ii,"Array, Hash Table"
1396,EASY,Game Play Analysis II,2,105.0,52.5,https://leetcode.com/problems/game-play-analysis-ii,Database
1397,HARD,Largest Palindrome Product,2,105.0,52.5,https://leetcode.com/problems/largest-palindrome-product,"Math, Enumeration"
1398,MEDIUM,Longest Unequal Adjacent Groups Subsequence II,2,105.0,52.5,https://leetcode.com/problems/longest-unequal-adjacent-groups-subsequence-ii,"Array, String, Dynamic Programming"
1399,HARD,Market Analysis II,2,105.0,52.5,https://leetcode.com/problems/market-analysis-ii,Database
1400,MEDIUM,Maximum Product of First and Last Elements of a Subsequence,2,105.0,52.5,https://leetcode.com/problems/maximum-product-of-first-and-last-elements-of-a-subsequence,"Array, Two Pointers"
1401,MEDIUM,Minimum Number of Swaps to Make the Binary String Alternating,2,105.0,52.5,https://leetcode.com/problems/minimum-number-of-swaps-to-make-the-binary-string-alternating,"String, Greedy"
1402,HARD,Minimum Total Cost to Make Arrays Unequal,2,105.0,52.5,https://leetcode.com/problems/minimum-total-cost-to-make-arrays-unequal,"Array, Hash Table, Greedy, Counting"
1403,EASY,Missing Number In Arithmetic Progression,2,105.0,52.5,https://leetcode.com/problems/missing-number-in-arithmetic-progression,"Array, Math"
1404,MEDIUM,Reachable Nodes With Restrictions,2,105.0,52.5,https://leetcode.com/problems/reachable-nodes-with-restrictions,"Array, Hash Table, Tree, Depth-First Search, Breadth-First Search, Union-Find, Graph Theory"
1405,EASY,Replace Elements with Greatest Element on Right Side,4,104.9,26.2,https://leetcode.com/problems/replace-elements-with-greatest-element-on-right-side,Array
1406,MEDIUM,Number of Good Leaf Nodes Pairs,3,104.9,35.0,https://leetcode.com/problems/number-of-good-leaf-nodes-pairs,"Tree, Depth-First Search, Binary Tree, DP on Trees"
1407,MEDIUM,Closest Equal Element Queries,4,104.7,26.2,https://leetcode.com/problems/closest-equal-element-queries,"Array, Hash Table, Binary Search"
1408,MEDIUM,Repeated String Match,6,104.2,17.4,https://leetcode.com/problems/repeated-string-match,"String, String Matching, Z Algorithm, Knuth–Morris–Pratt Algorithm, Boyer–Moore String-Search Algorithm"
1409,HARD,Super Egg Drop,5,104.2,20.8,https://leetcode.com/problems/super-egg-drop,"Math, Binary Search, Dynamic Programming"
1410,MEDIUM,Minimum Suffix Flips,4,103.9,26.0,https://leetcode.com/problems/minimum-suffix-flips,"String, Greedy"
1411,MEDIUM,Rearrange Words in a Sentence,3,103.7,34.6,https://leetcode.com/problems/rearrange-words-in-a-sentence,"String, Sorting"
1412,MEDIUM,Minimum Operations to Reduce X to Zero,3,103.4,34.5,https://leetcode.com/problems/minimum-operations-to-reduce-x-to-zero,"Array, Hash Table, Binary Search, Sliding Window, Prefix Sum"
1413,MEDIUM,Gray Code,5,103.3,20.7,https://leetcode.com/problems/gray-code,"Math, Backtracking, Bit Manipulation"
1414,MEDIUM,Shortest Way to Form String,3,103.1,34.4,https://leetcode.com/problems/shortest-way-to-form-string,"Two Pointers, String, Binary Search, Greedy"
1415,EASY,Construct Uniform Parity Array I,2,103.1,51.5,https://leetcode.com/problems/construct-uniform-parity-array-i,"Array, Math"
1416,MEDIUM,Report Spam Message,2,103.1,51.5,https://leetcode.com/problems/report-spam-message,"Array, Hash Table, String"
1417,HARD,Minimum Total Distance Traveled,5,103.0,20.6,https://leetcode.com/problems/minimum-total-distance-traveled,"Array, Dynamic Programming, Sorting"
1418,MEDIUM,Design Circular Deque,5,102.8,20.6,https://leetcode.com/problems/design-circular-deque,"Array, Linked List, Design, Queue"
1419,MEDIUM,Highest Grade For Each Student,2,102.8,51.4,https://leetcode.com/problems/highest-grade-for-each-student,Database
1420,MEDIUM,Separate Black and White Balls,4,102.7,25.7,https://leetcode.com/problems/separate-black-and-white-balls,"Two Pointers, String, Greedy"
1421,MEDIUM,Magic Squares In Grid,5,102.6,20.5,https://leetcode.com/problems/magic-squares-in-grid,"Array, Hash Table, Math, Matrix"
1422,EASY,Maximum Ascending Subarray Sum,5,102.6,20.5,https://leetcode.com/problems/maximum-ascending-subarray-sum,Array
1423,HARD,Longest Happy Prefix,6,102.5,17.1,https://leetcode.com/problems/longest-happy-prefix,"String, Rolling Hash, String Matching, Hash Function, Z Algorithm, Knuth–Morris–Pratt Algorithm"
1424,EASY,Not Boring Movies,5,102.5,20.5,https://leetcode.com/problems/not-boring-movies,Database
1425,MEDIUM,Maximum Subarray Min-Product,4,102.4,25.6,https://leetcode.com/problems/maximum-subarray-min-product,"Array, Stack, Monotonic Stack, Prefix Sum, Cartesian Tree"
1426,MEDIUM,Optimal Partition of String,4,102.2,25.6,https://leetcode.com/problems/optimal-partition-of-string,"Hash Table, String, Greedy"
1427,MEDIUM,Count Unreachable Pairs of Nodes in an Undirected Graph,4,102.2,25.5,https://leetcode.com/problems/count-unreachable-pairs-of-nodes-in-an-undirected-graph,"Depth-First Search, Breadth-First Search, Union-Find, Graph Theory"
1428,MEDIUM,Move Pieces to Obtain a String,5,102.1,20.4,https://leetcode.com/problems/move-pieces-to-obtain-a-string,"Two Pointers, String"
1429,HARD,Count Good Triplets in an Array,4,102.1,25.5,https://leetcode.com/problems/count-good-triplets-in-an-array,"Array, Binary Search, Divide and Conquer, Binary Indexed Tree, Segment Tree, Merge Sort, Ordered Set"
1430,MEDIUM,Pyramid Transition Matrix,3,102.0,34.0,https://leetcode.com/problems/pyramid-transition-matrix,"Hash Table, String, Backtracking, Bit Manipulation"
1431,HARD,Dice Roll Simulation,2,102.0,51.0,https://leetcode.com/problems/dice-roll-simulation,"Array, Dynamic Programming"
1432,EASY,Increasing Decreasing String,2,102.0,51.0,https://leetcode.com/problems/increasing-decreasing-string,"Hash Table, String, Counting"
1433,MEDIUM,Minimum Sum of Squared Difference,3,101.9,34.0,https://leetcode.com/problems/minimum-sum-of-squared-difference,"Array, Binary Search, Greedy, Sorting, Heap (Priority Queue)"
1434,HARD,Sum of Perfect Square Ancestors,3,101.9,34.0,https://leetcode.com/problems/sum-of-perfect-square-ancestors,"Array, Hash Table, Math, Tree, Depth-First Search, Counting, Number Theory"
1435,MEDIUM,Maximum XOR After Operations ,2,101.9,51.0,https://leetcode.com/problems/maximum-xor-after-operations,"Array, Math, Bit Manipulation"
1436,MEDIUM,Throne Inheritance,2,101.8,50.9,https://leetcode.com/problems/throne-inheritance,"Hash Table, Tree, Depth-First Search, Design"
1437,MEDIUM,Minimum Number of Frogs Croaking,2,101.7,50.8,https://leetcode.com/problems/minimum-number-of-frogs-croaking,"String, Counting"
1438,MEDIUM,Trim a Binary Search Tree,4,101.6,25.4,https://leetcode.com/problems/trim-a-binary-search-tree,"Tree, Depth-First Search, Binary Search Tree, Binary Tree"
1439,EASY,Pass the Pillow,3,101.3,33.8,https://leetcode.com/problems/pass-the-pillow,"Math, Simulation"
1440,MEDIUM,Number of Closed Islands,5,101.2,20.2,https://leetcode.com/problems/number-of-closed-islands,"Array, Depth-First Search, Breadth-First Search, Union-Find, Matrix"
1441,EASY,Find Subarrays With Equal Sum,3,100.9,33.6,https://leetcode.com/problems/find-subarrays-with-equal-sum,"Array, Hash Table"
1442,MEDIUM,Finding the Users Active Minutes,2,100.9,50.5,https://leetcode.com/problems/finding-the-users-active-minutes,"Array, Hash Table"
1443,MEDIUM,Reordered Power of 2,5,100.6,20.1,https://leetcode.com/problems/reordered-power-of-2,"Hash Table, Math, Sorting, Counting, Enumeration"
1444,MEDIUM,Bag of Tokens,4,100.6,25.1,https://leetcode.com/problems/bag-of-tokens,"Array, Two Pointers, Greedy, Sorting"
1445,MEDIUM,Maximum Sum of Two Non-Overlapping Subarrays,3,100.5,33.5,https://leetcode.com/problems/maximum-sum-of-two-non-overlapping-subarrays,"Array, Dynamic Programming, Sliding Window"
1446,MEDIUM,Group the People Given the Group Size They Belong To,6,100.4,16.7,https://leetcode.com/problems/group-the-people-given-the-group-size-they-belong-to,"Array, Hash Table, Greedy"
1447,HARD,Maximum Score of Non-overlapping Intervals,2,100.3,50.1,https://leetcode.com/problems/maximum-score-of-non-overlapping-intervals,"Array, Binary Search, Dynamic Programming, Sorting"
1448,MEDIUM,Find Minimum Time to Reach Last Room I,4,100.2,25.1,https://leetcode.com/problems/find-minimum-time-to-reach-last-room-i,"Array, Graph Theory, Heap (Priority Queue), Matrix, Shortest Path"
1449,MEDIUM,Minimum Number of Coins to be Added,4,100.2,25.1,https://leetcode.com/problems/minimum-number-of-coins-to-be-added,"Array, Greedy, Sorting"
1450,MEDIUM,Closest Prime Numbers in Range,6,100.1,16.7,https://leetcode.com/problems/closest-prime-numbers-in-range,"Math, Number Theory, Primality Test, Sieve Theory, Prime Number Sieve"
1451,MEDIUM,Minimum Removals to Balance Array,4,100.1,25.0,https://leetcode.com/problems/minimum-removals-to-balance-array,"Array, Binary Search, Sliding Window, Sorting"
1452,EASY,Number of Valid Words in a Sentence,3,100.1,33.4,https://leetcode.com/problems/number-of-valid-words-in-a-sentence,String
1453,HARD,Abbreviating the Product of a Range,1,100.0,100.0,https://leetcode.com/problems/abbreviating-the-product-of-a-range,"Math, Number Theory"
1454,MEDIUM,Active Users,1,100.0,100.0,https://leetcode.com/problems/active-users,Database
1455,MEDIUM,Adding Two Negabinary Numbers,1,100.0,100.0,https://leetcode.com/problems/adding-two-negabinary-numbers,"Array, Math"
1456,MEDIUM,Apply Operations to Make String Empty,1,100.0,100.0,https://leetcode.com/problems/apply-operations-to-make-string-empty,"Array, Hash Table, Sorting, Counting"
1457,MEDIUM,Apply Operations to Make Two Strings Equal,1,100.0,100.0,https://leetcode.com/problems/apply-operations-to-make-two-strings-equal,"String, Dynamic Programming"
1458,EASY,Array Transformation,1,100.0,100.0,https://leetcode.com/problems/array-transformation,"Array, Simulation"
1459,EASY,Average Salary Excluding the Minimum and Maximum Salary,1,100.0,100.0,https://leetcode.com/problems/average-salary-excluding-the-minimum-and-maximum-salary,"Array, Sorting"
1460,MEDIUM,Bank Account Summary,1,100.0,100.0,https://leetcode.com/problems/bank-account-summary,Database
1461,MEDIUM,Bitwise OR of All Subsequence Sums,1,100.0,100.0,https://leetcode.com/problems/bitwise-or-of-all-subsequence-sums,"Array, Math, Bit Manipulation, Brainteaser, Prefix Sum"
1462,MEDIUM,Can Make Palindrome from Substring,1,100.0,100.0,https://leetcode.com/problems/can-make-palindrome-from-substring,"Array, Hash Table, String, Bit Manipulation, Prefix Sum"
1463,EASY,Categorize Box According to Criteria,1,100.0,100.0,https://leetcode.com/problems/categorize-box-according-to-criteria,Math
1464,MEDIUM,Check If Word Is Valid After Substitutions,1,100.0,100.0,https://leetcode.com/problems/check-if-word-is-valid-after-substitutions,"String, Stack"
1465,HARD,Construct Target Array With Multiple Sums,1,100.0,100.0,https://leetcode.com/problems/construct-target-array-with-multiple-sums,"Array, Heap (Priority Queue)"
1466,EASY,Count Common Words With One Occurrence,1,100.0,100.0,https://leetcode.com/problems/count-common-words-with-one-occurrence,"Array, Hash Table, String, Counting"
1467,EASY,Count Integers With Even Digit Sum,1,100.0,100.0,https://leetcode.com/problems/count-integers-with-even-digit-sum,"Math, Simulation"
1468,HARD,Count Non Decreasing Arrays With Given Digit Sums,1,100.0,100.0,https://leetcode.com/problems/count-non-decreasing-arrays-with-given-digit-sums,"Array, Dynamic Programming, Prefix Sum"
1469,HARD,Count Pairs With XOR in a Range,1,100.0,100.0,https://leetcode.com/problems/count-pairs-with-xor-in-a-range,"Array, Bit Manipulation, Trie"
1470,MEDIUM,Count Strictly Increasing Subarrays,1,100.0,100.0,https://leetcode.com/problems/count-strictly-increasing-subarrays,"Array, Math, Dynamic Programming"
1471,HARD,Count Visited Nodes in a Directed Graph,1,100.0,100.0,https://leetcode.com/problems/count-visited-nodes-in-a-directed-graph,"Dynamic Programming, Depth-First Search, Graph Theory, Topological Sort, Memoization, Kosaraju's Algorithm, Tarjan's SCC Algorithm"
1472,HARD,Create Components With Same Value,1,100.0,100.0,https://leetcode.com/problems/create-components-with-same-value,"Array, Math, Tree, Depth-First Search, Enumeration"
1473,EASY,Create a Session Bar Chart,1,100.0,100.0,https://leetcode.com/problems/create-a-session-bar-chart,Database
1474,HARD,Delivering Boxes from Storage to Ports,1,100.0,100.0,https://leetcode.com/problems/delivering-boxes-from-storage-to-ports,"Array, Dynamic Programming, Segment Tree, Queue, Heap (Priority Queue), Prefix Sum, Monotonic Queue"
1475,MEDIUM,Design a 3D Binary Matrix with Efficient Layer Tracking,1,100.0,100.0,https://leetcode.com/problems/design-a-3d-binary-matrix-with-efficient-layer-tracking,"Array, Hash Table, Design, Heap (Priority Queue), Matrix, Ordered Set"
1476,MEDIUM,Design a File Sharing System,1,100.0,100.0,https://leetcode.com/problems/design-a-file-sharing-system,"Hash Table, Design, Sorting, Heap (Priority Queue), Data Stream"
1477,EASY,Detect Pattern of Length M Repeated K or More Times,1,100.0,100.0,https://leetcode.com/problems/detect-pattern-of-length-m-repeated-k-or-more-times,"Array, Enumeration"
1478,MEDIUM,Evaluate Boolean Expression,1,100.0,100.0,https://leetcode.com/problems/evaluate-boolean-expression,Database
1479,EASY,Filter Characters by Frequency,1,100.0,100.0,https://leetcode.com/problems/filter-characters-by-frequency,"Hash Table, String, Counting"
1480,HARD,Find All Good Strings,1,100.0,100.0,https://leetcode.com/problems/find-all-good-strings,"String, Dynamic Programming, String Matching"
1481,HARD,Find Array Given Subset Sums,1,100.0,100.0,https://leetcode.com/problems/find-array-given-subset-sums,"Array, Hash Table, Sorting, Counting"
1482,EASY,Find Candidates for Data Scientist Position,1,100.0,100.0,https://leetcode.com/problems/find-candidates-for-data-scientist-position,Database
1483,MEDIUM,Find Consecutive Integers from a Data Stream,1,100.0,100.0,https://leetcode.com/problems/find-consecutive-integers-from-a-data-stream,"Hash Table, Design, Queue, Counting, Data Stream"
1484,HARD,Find Longest Awesome Substring,1,100.0,100.0,https://leetcode.com/problems/find-longest-awesome-substring,"Hash Table, String, Bit Manipulation"
1485,MEDIUM,Find Palindrome With Fixed Length,1,100.0,100.0,https://leetcode.com/problems/find-palindrome-with-fixed-length,"Array, Math"
1486,MEDIUM,Find Polygon With the Largest Perimeter,1,100.0,100.0,https://leetcode.com/problems/find-polygon-with-the-largest-perimeter,"Array, Greedy, Sorting, Prefix Sum, Polygons"
1487,MEDIUM,Find Three Consecutive Integers That Sum to a Given Number,1,100.0,100.0,https://leetcode.com/problems/find-three-consecutive-integers-that-sum-to-a-given-number,"Math, Simulation"
1488,MEDIUM,Find the Maximum Factor Score of Array,1,100.0,100.0,https://leetcode.com/problems/find-the-maximum-factor-score-of-array,"Array, Math, Number Theory, Least Common Multiple"
1489,EASY,Find the Sum of Encrypted Integers,1,100.0,100.0,https://leetcode.com/problems/find-the-sum-of-encrypted-integers,"Array, Math"
1490,HARD,Frequencies of Shortest Supersequences,1,100.0,100.0,https://leetcode.com/problems/frequencies-of-shortest-supersequences,"Array, String, Bit Manipulation, Graph Theory, Topological Sort, Enumeration"
1491,MEDIUM,Friday Purchases I,1,100.0,100.0,https://leetcode.com/problems/friday-purchases-i,Database
1492,MEDIUM,Game Play Analysis III,1,100.0,100.0,https://leetcode.com/problems/game-play-analysis-iii,Database
1493,HARD,Game Play Analysis V,1,100.0,100.0,https://leetcode.com/problems/game-play-analysis-v,Database
1494,MEDIUM,Group Employees of the Same Salary,1,100.0,100.0,https://leetcode.com/problems/group-employees-of-the-same-salary,Database
1495,HARD,Handling Sum Queries After Update,1,100.0,100.0,https://leetcode.com/problems/handling-sum-queries-after-update,"Array, Segment Tree"
1496,MEDIUM,Intervals Between Identical Elements,1,100.0,100.0,https://leetcode.com/problems/intervals-between-identical-elements,"Array, Hash Table, Prefix Sum"
1497,MEDIUM,K-th Smallest Prime Fraction,1,100.0,100.0,https://leetcode.com/problems/k-th-smallest-prime-fraction,"Array, Two Pointers, Binary Search, Sorting, Heap (Priority Queue)"
1498,MEDIUM,Leetflex Banned Accounts,1,100.0,100.0,https://leetcode.com/problems/leetflex-banned-accounts,Database
1499,EASY,Longest Unequal Adjacent Groups Subsequence I,1,100.0,100.0,https://leetcode.com/problems/longest-unequal-adjacent-groups-subsequence-i,"Array, String, Dynamic Programming, Greedy"
1500,HARD,Maximize Items,1,100.0,100.0,https://leetcode.com/problems/maximize-items,Database
1501,MEDIUM,Maximize Score After Pair Deletions,1,100.0,100.0,https://leetcode.com/problems/maximize-score-after-pair-deletions,"Array, Greedy"
1502,HARD,Maximize the Number of Partitions After Operations,1,100.0,100.0,https://leetcode.com/problems/maximize-the-number-of-partitions-after-operations,"String, Dynamic Programming, Bit Manipulation, Bitmask"
1503,MEDIUM,Maximum Array Hopping Score I,1,100.0,100.0,https://leetcode.com/problems/maximum-array-hopping-score-i,"Array, Dynamic Programming, Stack, Greedy, Monotonic Stack"
1504,MEDIUM,Maximum Array Hopping Score II,1,100.0,100.0,https://leetcode.com/problems/maximum-array-hopping-score-ii,"Array, Stack, Greedy, Monotonic Stack"
1505,MEDIUM,Maximum Binary String After Change,1,100.0,100.0,https://leetcode.com/problems/maximum-binary-string-after-change,"String, Greedy"
1506,HARD,Maximum Equal Frequency,1,100.0,100.0,https://leetcode.com/problems/maximum-equal-frequency,"Array, Hash Table"
1507,EASY,Maximum Number of Pairs in Array,1,100.0,100.0,https://leetcode.com/problems/maximum-number-of-pairs-in-array,"Array, Hash Table, Counting"
1508,MEDIUM,Maximum Points After Enemy Battles,1,100.0,100.0,https://leetcode.com/problems/maximum-points-after-enemy-battles,"Array, Greedy"
1509,MEDIUM,Maximum Points in an Archery Competition,1,100.0,100.0,https://leetcode.com/problems/maximum-points-in-an-archery-competition,"Array, Backtracking, Bit Manipulation, Enumeration"
1510,MEDIUM,Maximum Profit of Operating a Centennial Wheel,1,100.0,100.0,https://leetcode.com/problems/maximum-profit-of-operating-a-centennial-wheel,"Array, Simulation"
1511,MEDIUM,Maximum Sum of an Hourglass,1,100.0,100.0,https://leetcode.com/problems/maximum-sum-of-an-hourglass,"Array, Matrix, Prefix Sum"
1512,HARD,Minimum Moves to Reach Target with Rotations,1,100.0,100.0,https://leetcode.com/problems/minimum-moves-to-reach-target-with-rotations,"Array, Breadth-First Search, Matrix"
1513,MEDIUM,Minimum Number of Operations to Make X and Y Equal,1,100.0,100.0,https://leetcode.com/problems/minimum-number-of-operations-to-make-x-and-y-equal,"Dynamic Programming, Breadth-First Search, Memoization"
1514,MEDIUM,Minimum Number of Steps to Make Two Strings Anagram II,1,100.0,100.0,https://leetcode.com/problems/minimum-number-of-steps-to-make-two-strings-anagram-ii,"Hash Table, String, Counting"
1515,MEDIUM,Minimum Time to Break Locks I,1,100.0,100.0,https://leetcode.com/problems/minimum-time-to-break-locks-i,"Array, Dynamic Programming, Backtracking, Bit Manipulation, Breadth-First Search, Bitmask"
1516,HARD,Minimum Time to Break Locks II,1,100.0,100.0,https://leetcode.com/problems/minimum-time-to-break-locks-ii,"Array, Breadth-First Search, Graph Theory"
1517,HARD,Minimum Time to Kill All Monsters,1,100.0,100.0,https://leetcode.com/problems/minimum-time-to-kill-all-monsters,"Array, Dynamic Programming, Bit Manipulation, Bitmask"
1518,EASY,Modify the Matrix,1,100.0,100.0,https://leetcode.com/problems/modify-the-matrix,"Array, Matrix"
1519,MEDIUM,Monthly Transactions II,1,100.0,100.0,https://leetcode.com/problems/monthly-transactions-ii,Database
1520,MEDIUM,Number of Accounts That Did Not Stream,1,100.0,100.0,https://leetcode.com/problems/number-of-accounts-that-did-not-stream,Database
1521,HARD,Number of Transactions per Visit,1,100.0,100.0,https://leetcode.com/problems/number-of-transactions-per-visit,Database
1522,HARD,Number of Valid Subarrays,1,100.0,100.0,https://leetcode.com/problems/number-of-valid-subarrays,"Array, Stack, Monotonic Stack"
1523,MEDIUM,Number of Ways to Buy Pens and Pencils,1,100.0,100.0,https://leetcode.com/problems/number-of-ways-to-buy-pens-and-pencils,"Math, Enumeration"
1524,HARD,Number of Ways to Earn Points,1,100.0,100.0,https://leetcode.com/problems/number-of-ways-to-earn-points,"Array, Dynamic Programming, Knapsack Problem, Multiple Knapsack"
1525,HARD,Online Majority Element In Subarray,1,100.0,100.0,https://leetcode.com/problems/online-majority-element-in-subarray,"Array, Binary Search, Design, Binary Indexed Tree, Segment Tree, Sqrt Decomposition, Boyer–Moore Majority Vote Algorithm"
1526,MEDIUM,Path Sum IV,1,100.0,100.0,https://leetcode.com/problems/path-sum-iv,"Array, Hash Table, Tree, Depth-First Search, Binary Tree"
1527,HARD,Peaks in Array,1,100.0,100.0,https://leetcode.com/problems/peaks-in-array,"Array, Binary Indexed Tree, Segment Tree"
1528,MEDIUM,Reconstruct a 2-Row Binary Matrix,1,100.0,100.0,https://leetcode.com/problems/reconstruct-a-2-row-binary-matrix,"Array, Greedy, Matrix"
1529,EASY,Redistribute Characters to Make All Strings Equal,1,100.0,100.0,https://leetcode.com/problems/redistribute-characters-to-make-all-strings-equal,"Hash Table, String, Counting"
1530,EASY,Reformat Phone Number,1,100.0,100.0,https://leetcode.com/problems/reformat-phone-number,String
1531,HARD,Remove 9,1,100.0,100.0,https://leetcode.com/problems/remove-9,Math
1532,MEDIUM,Replace the Substring for Balanced String,1,100.0,100.0,https://leetcode.com/problems/replace-the-substring-for-balanced-string,"String, Sliding Window"
1533,MEDIUM,Reward Top K Students,1,100.0,100.0,https://leetcode.com/problems/reward-top-k-students,"Array, Hash Table, String, Sorting, Heap (Priority Queue)"
1534,HARD,Smallest K-Length Subsequence With Occurrences of a Letter,1,100.0,100.0,https://leetcode.com/problems/smallest-k-length-subsequence-with-occurrences-of-a-letter,"String, Stack, Greedy, Monotonic Stack"
1535,EASY,Smallest Pair With Different Frequencies,1,100.0,100.0,https://leetcode.com/problems/smallest-pair-with-different-frequencies,"Array, Hash Table, Counting"
1536,MEDIUM,Smallest String With A Given Numeric Value,1,100.0,100.0,https://leetcode.com/problems/smallest-string-with-a-given-numeric-value,"String, Greedy"
1537,HARD,Split Array with Equal Sum,1,100.0,100.0,https://leetcode.com/problems/split-array-with-equal-sum,"Array, Hash Table, Prefix Sum"
1538,MEDIUM,Split Concatenated Strings,1,100.0,100.0,https://leetcode.com/problems/split-concatenated-strings,"Array, String, Greedy"
1539,HARD,Split the Array to Make Coprime Products,1,100.0,100.0,https://leetcode.com/problems/split-the-array-to-make-coprime-products,"Array, Hash Table, Math, Number Theory, Prime Factorization"
1540,MEDIUM,Substring XOR Queries,1,100.0,100.0,https://leetcode.com/problems/substring-xor-queries,"Array, Hash Table, String, Bit Manipulation"
1541,HARD,Subtree Removal Game with Fibonacci Tree,1,100.0,100.0,https://leetcode.com/problems/subtree-removal-game-with-fibonacci-tree,"Math, Dynamic Programming, Tree, Binary Tree, Game Theory, Sprague–Grundy Theorem"
1542,HARD,Sum Of Special Evenly-Spaced Elements In Array,1,100.0,100.0,https://leetcode.com/problems/sum-of-special-evenly-spaced-elements-in-array,"Array, Dynamic Programming, Sqrt Decomposition"
1543,MEDIUM,Sum of Even Numbers After Queries,1,100.0,100.0,https://leetcode.com/problems/sum-of-even-numbers-after-queries,"Array, Simulation"
1544,HARD,Sum of Subsequence Widths,1,100.0,100.0,https://leetcode.com/problems/sum-of-subsequence-widths,"Array, Math, Sorting"
1545,MEDIUM,Symmetric Coordinates,1,100.0,100.0,https://leetcode.com/problems/symmetric-coordinates,Database
1546,EASY,The Number of Rich Customers,1,100.0,100.0,https://leetcode.com/problems/the-number-of-rich-customers,Database
1547,EASY,The Number of Users That Are Eligible for Discount,1,100.0,100.0,https://leetcode.com/problems/the-number-of-users-that-are-eligible-for-discount,Database
1548,EASY,The Users That Are Eligible for Discount,1,100.0,100.0,https://leetcode.com/problems/the-users-that-are-eligible-for-discount,Database
1549,MEDIUM,Toss Strange Coins,1,100.0,100.0,https://leetcode.com/problems/toss-strange-coins,"Array, Math, Dynamic Programming, Probability and Statistics"
1550,EASY,Weather Type in Each Country,1,100.0,100.0,https://leetcode.com/problems/weather-type-in-each-country,Database
1551,EASY,High Five,2,99.9,50.0,https://leetcode.com/problems/high-five,"Array, Hash Table, Sorting, Heap (Priority Queue)"
1552,MEDIUM,Maximum Subtree of the Same Color,2,99.9,49.9,https://leetcode.com/problems/maximum-subtree-of-the-same-color,"Array, Dynamic Programming, Tree, Depth-First Search"
1553,MEDIUM,Letter Tile Possibilities,5,99.8,20.0,https://leetcode.com/problems/letter-tile-possibilities,"Hash Table, String, Backtracking, Counting"
1554,MEDIUM,Capital Gain/Loss,2,99.7,49.9,https://leetcode.com/problems/capital-gainloss,Database
1555,HARD,Frog Position After T Seconds,2,99.7,49.8,https://leetcode.com/problems/frog-position-after-t-seconds,"Tree, Depth-First Search, Breadth-First Search, Graph Theory"
1556,MEDIUM,Smallest Range II,3,99.6,33.2,https://leetcode.com/problems/smallest-range-ii,"Array, Math, Greedy, Sorting"
1557,HARD,Remove Max Number of Edges to Keep Graph Fully Traversable,5,99.5,19.9,https://leetcode.com/problems/remove-max-number-of-edges-to-keep-graph-fully-traversable,"Union-Find, Graph Theory"
1558,MEDIUM,Super Ugly Number,5,99.4,19.9,https://leetcode.com/problems/super-ugly-number,"Array, Math, Dynamic Programming"
1559,HARD,Number of Submatrices That Sum to Target,4,99.4,24.9,https://leetcode.com/problems/number-of-submatrices-that-sum-to-target,"Array, Hash Table, Matrix, Prefix Sum"
1560,MEDIUM,Find Triangular Sum of an Array,4,99.4,24.8,https://leetcode.com/problems/find-triangular-sum-of-an-array,"Array, Math, Simulation, Combinatorics, Number Theory"
1561,HARD,Lexicographically Smallest String After Deleting Duplicate Characters,2,99.3,49.6,https://leetcode.com/problems/lexicographically-smallest-string-after-deleting-duplicate-characters,"Hash Table, String, Stack, Greedy, Monotonic Stack"
1562,EASY,Final Value of Variable After Performing Operations,5,99.0,19.8,https://leetcode.com/problems/final-value-of-variable-after-performing-operations,"Array, String, Simulation"
1563,MEDIUM,Minimum Number of Vertices to Reach All Nodes,3,99.0,33.0,https://leetcode.com/problems/minimum-number-of-vertices-to-reach-all-nodes,"Graph Theory, Directed Acyclic Graph"
1564,EASY,Find the K-th Character in String Game I,5,98.9,19.8,https://leetcode.com/problems/find-the-k-th-character-in-string-game-i,"Math, Bit Manipulation, Recursion, Simulation"
1565,EASY,Decode the Message,4,98.9,24.7,https://leetcode.com/problems/decode-the-message,"Hash Table, String"
1566,MEDIUM,Alice and Bob Playing Flower Game,5,98.8,19.8,https://leetcode.com/problems/alice-and-bob-playing-flower-game,Math
1567,MEDIUM,Minimum Operations to Make All Array Elements Equal,3,98.8,32.9,https://leetcode.com/problems/minimum-operations-to-make-all-array-elements-equal,"Array, Binary Search, Sorting, Prefix Sum"
1568,MEDIUM,Masking Personal Information,2,98.7,49.4,https://leetcode.com/problems/masking-personal-information,String
1569,EASY,Ant on the Boundary,3,98.6,32.9,https://leetcode.com/problems/ant-on-the-boundary,"Array, Simulation, Prefix Sum"
1570,HARD,Smallest Good Base,4,98.5,24.6,https://leetcode.com/problems/smallest-good-base,"Math, Binary Search"
1571,MEDIUM,Number of Enclaves,6,98.4,16.4,https://leetcode.com/problems/number-of-enclaves,"Array, Depth-First Search, Breadth-First Search, Union-Find, Matrix"
1572,HARD,Maximum Partition Factor,2,98.2,49.1,https://leetcode.com/problems/maximum-partition-factor,"Array, Binary Search, Depth-First Search, Breadth-First Search, Union-Find, Graph Theory"
1573,MEDIUM,Minimum Cost to Set Cooking Time,2,98.0,49.0,https://leetcode.com/problems/minimum-cost-to-set-cooking-time,"Math, Enumeration"
1574,EASY,Check If N and Its Double Exist,5,97.9,19.6,https://leetcode.com/problems/check-if-n-and-its-double-exist,"Array, Hash Table, Two Pointers, Binary Search, Sorting"
1575,EASY,Primary Department for Each Employee,5,97.9,19.6,https://leetcode.com/problems/primary-department-for-each-employee,Database
1576,HARD,Count Subarrays With Median K,3,97.9,32.6,https://leetcode.com/problems/count-subarrays-with-median-k,"Array, Hash Table, Prefix Sum"
1577,HARD,Tag Validator,2,97.9,48.9,https://leetcode.com/problems/tag-validator,"String, Stack"
1578,HARD,Find Building Where Alice and Bob Can Meet,5,97.8,19.6,https://leetcode.com/problems/find-building-where-alice-and-bob-can-meet,"Array, Binary Search, Stack, Binary Indexed Tree, Segment Tree, Heap (Priority Queue), Monotonic Stack"
1579,MEDIUM,Shortest Path with Alternating Colors,4,97.8,24.4,https://leetcode.com/problems/shortest-path-with-alternating-colors,"Breadth-First Search, Graph Theory"
1580,EASY,Unique Morse Code Words,3,97.8,32.6,https://leetcode.com/problems/unique-morse-code-words,"Array, Hash Table, String"
1581,MEDIUM,Longest Substring with At Most Two Distinct Characters,5,97.6,19.5,https://leetcode.com/problems/longest-substring-with-at-most-two-distinct-characters,"Hash Table, String, Sliding Window"
1582,MEDIUM,Count Almost Equal Pairs I,1,97.6,97.6,https://leetcode.com/problems/count-almost-equal-pairs-i,"Array, Hash Table, Sorting, Counting, Enumeration"
1583,MEDIUM,Number of Ways to Arrive at Destination,5,97.5,19.5,https://leetcode.com/problems/number-of-ways-to-arrive-at-destination,"Dynamic Programming, Graph Theory, Topological Sort, Shortest Path, Dijkstra's Algorithm"
1584,MEDIUM,All Ancestors of a Node in a Directed Acyclic Graph,4,97.5,24.4,https://leetcode.com/problems/all-ancestors-of-a-node-in-a-directed-acyclic-graph,"Depth-First Search, Breadth-First Search, Graph Theory, Topological Sort, Directed Acyclic Graph"
1585,EASY,How Many Apples Can You Put into the Basket,1,97.5,97.5,https://leetcode.com/problems/how-many-apples-can-you-put-into-the-basket,"Array, Greedy, Sorting"
1586,MEDIUM,Right Triangles,1,97.5,97.5,https://leetcode.com/problems/right-triangles,"Array, Hash Table, Math, Combinatorics, Counting"
1587,MEDIUM,Replace Words,4,97.4,24.4,https://leetcode.com/problems/replace-words,"Array, Hash Table, String, Trie"
1588,HARD,Stream of Characters,4,97.4,24.4,https://leetcode.com/problems/stream-of-characters,"Array, String, Design, Trie, Data Stream, Aho–Corasick Algorithm"
1589,EASY,Find the Number of Good Pairs I,1,97.4,97.4,https://leetcode.com/problems/find-the-number-of-good-pairs-i,"Array, Hash Table"
1590,MEDIUM,Minimum Array Changes to Make Differences Equal,1,97.4,97.4,https://leetcode.com/problems/minimum-array-changes-to-make-differences-equal,"Array, Hash Table, Prefix Sum"
1591,EASY,Distribute Elements Into Two Arrays I,1,97.3,97.3,https://leetcode.com/problems/distribute-elements-into-two-arrays-i,"Array, Simulation"
1592,MEDIUM,"Filter Restaurants by Vegan-Friendly, Price and Distance",1,97.3,97.3,https://leetcode.com/problems/filter-restaurants-by-vegan-friendly-price-and-distance,"Array, Sorting"
1593,MEDIUM,Maximum Points Inside the Square,1,97.3,97.3,https://leetcode.com/problems/maximum-points-inside-the-square,"Array, Hash Table, String, Binary Search, Sorting"
1594,HARD,Minimum Cost to Split an Array,1,97.3,97.3,https://leetcode.com/problems/minimum-cost-to-split-an-array,"Array, Hash Table, Dynamic Programming, Counting"
1595,MEDIUM,Sorting Three Groups,1,97.2,97.2,https://leetcode.com/problems/sorting-three-groups,"Array, Binary Search, Dynamic Programming"
1596,EASY,Minimum Pair Removal to Sort Array I,5,97.2,19.4,https://leetcode.com/problems/minimum-pair-removal-to-sort-array-i,"Array, Hash Table, Linked List, Heap (Priority Queue), Simulation, Doubly-Linked List, Ordered Set"
1597,MEDIUM,Paint Fence,4,97.2,24.3,https://leetcode.com/problems/paint-fence,Dynamic Programming
1598,HARD,Add Edges to Make Degrees of All Nodes Even,1,97.1,97.1,https://leetcode.com/problems/add-edges-to-make-degrees-of-all-nodes-even,"Hash Table, Graph Theory"
1599,EASY,Maximum Strong Pair XOR I,1,97.1,97.1,https://leetcode.com/problems/maximum-strong-pair-xor-i,"Array, Hash Table, Bit Manipulation, Trie, Sliding Window"
1600,HARD,Maximum Strong Pair XOR II,1,97.1,97.1,https://leetcode.com/problems/maximum-strong-pair-xor-ii,"Array, Hash Table, Bit Manipulation, Trie, Sliding Window"
1601,MEDIUM,Maximum Total Importance of Roads,1,97.1,97.1,https://leetcode.com/problems/maximum-total-importance-of-roads,"Greedy, Graph Theory, Sorting, Heap (Priority Queue)"
1602,EASY,Matrix Diagonal Sum,5,97.0,19.4,https://leetcode.com/problems/matrix-diagonal-sum,"Array, Matrix"
1603,EASY,Create Target Array in the Given Order,4,97.0,24.2,https://leetcode.com/problems/create-target-array-in-the-given-order,"Array, Simulation"
1604,MEDIUM,Minimum Cost to Reach City With Discounts,2,97.0,48.5,https://leetcode.com/problems/minimum-cost-to-reach-city-with-discounts,"Graph Theory, Heap (Priority Queue), Shortest Path, Dijkstra's Algorithm"
1605,HARD,Create Sorted Array through Instructions,1,97.0,97.0,https://leetcode.com/problems/create-sorted-array-through-instructions,"Array, Binary Search, Divide and Conquer, Binary Indexed Tree, Segment Tree, Merge Sort, Ordered Set"
1606,MEDIUM,Maximum Coins Heroes Can Collect,1,97.0,97.0,https://leetcode.com/problems/maximum-coins-heroes-can-collect,"Array, Two Pointers, Binary Search, Sorting, Prefix Sum"
1607,EASY,Minimum Operations to Collect Elements,1,97.0,97.0,https://leetcode.com/problems/minimum-operations-to-collect-elements,"Array, Hash Table, Bit Manipulation"
1608,MEDIUM,Pour Water Between Buckets to Make Water Levels Equal,1,97.0,97.0,https://leetcode.com/problems/pour-water-between-buckets-to-make-water-levels-equal,"Array, Binary Search"
1609,MEDIUM,Reduce Array Size to The Half,1,97.0,97.0,https://leetcode.com/problems/reduce-array-size-to-the-half,"Array, Hash Table, Greedy, Sorting, Heap (Priority Queue)"
1610,MEDIUM,Team Scores in Football Tournament,1,97.0,97.0,https://leetcode.com/problems/team-scores-in-football-tournament,Database
1611,HARD,Tournament Winners,1,97.0,97.0,https://leetcode.com/problems/tournament-winners,Database
1612,MEDIUM,Design Exam Scores Tracker,2,96.9,48.5,https://leetcode.com/problems/design-exam-scores-tracker,"Array, Binary Search, Design, Prefix Sum"
1613,MEDIUM,Equal Sum Arrays With Minimum Number of Operations,1,96.9,96.9,https://leetcode.com/problems/equal-sum-arrays-with-minimum-number-of-operations,"Array, Hash Table, Greedy, Counting"
1614,HARD,Find a Value of a Mysterious Function Closest to Target,1,96.9,96.9,https://leetcode.com/problems/find-a-value-of-a-mysterious-function-closest-to-target,"Array, Binary Search, Bit Manipulation, Segment Tree, Sparse Table"
1615,EASY,Matrix Cells in Distance Order,1,96.9,96.9,https://leetcode.com/problems/matrix-cells-in-distance-order,"Array, Math, Geometry, Sorting, Matrix"
1616,MEDIUM,Maximize the Topmost Element After K Moves,1,96.9,96.9,https://leetcode.com/problems/maximize-the-topmost-element-after-k-moves,"Array, Greedy"
1617,EASY,Percentage of Letter in String,1,96.9,96.9,https://leetcode.com/problems/percentage-of-letter-in-string,String
1618,MEDIUM,Kill Process,4,96.8,24.2,https://leetcode.com/problems/kill-process,"Array, Hash Table, Tree, Depth-First Search, Breadth-First Search"
1619,HARD,Minimum Number of Removals to Make Mountain Array,6,96.6,16.1,https://leetcode.com/problems/minimum-number-of-removals-to-make-mountain-array,"Array, Binary Search, Dynamic Programming, Greedy"
1620,MEDIUM,Guess Number Higher or Lower II,3,96.6,32.2,https://leetcode.com/problems/guess-number-higher-or-lower-ii,"Math, Dynamic Programming, Minimax, Game Theory"
1621,MEDIUM,Transform Array to All Equal Elements,3,96.6,32.2,https://leetcode.com/problems/transform-array-to-all-equal-elements,"Array, Greedy"
1622,MEDIUM,Count Number of Homogenous Substrings,2,96.6,48.3,https://leetcode.com/problems/count-number-of-homogenous-substrings,"Math, String"
1623,EASY,Widest Vertical Area Between Two Points Containing No Points,4,96.4,24.1,https://leetcode.com/problems/widest-vertical-area-between-two-points-containing-no-points,"Array, Sorting"
1624,MEDIUM,Uncrossed Lines,4,96.3,24.1,https://leetcode.com/problems/uncrossed-lines,"Array, Dynamic Programming, Longest Common Subsequence"
1625,MEDIUM,Construct the Longest New String,2,96.2,48.1,https://leetcode.com/problems/construct-the-longest-new-string,"Math, Dynamic Programming, Greedy, Brainteaser"
1626,EASY,Number of Days Between Two Dates,4,96.0,24.0,https://leetcode.com/problems/number-of-days-between-two-dates,"Math, String"
1627,MEDIUM,Sort Transformed Array,3,95.9,32.0,https://leetcode.com/problems/sort-transformed-array,"Array, Math, Two Pointers, Sorting"
1628,EASY,Number of Strings That Appear as Substrings in Word,6,95.8,16.0,https://leetcode.com/problems/number-of-strings-that-appear-as-substrings-in-word,"Array, String"
1629,MEDIUM,Minimize Maximum Component Cost,4,95.8,23.9,https://leetcode.com/problems/minimize-maximum-component-cost,"Binary Search, Union-Find, Graph Theory, Sorting"
1630,MEDIUM,Zero Array Transformation I,4,95.8,23.9,https://leetcode.com/problems/zero-array-transformation-i,"Array, Prefix Sum"
1631,EASY,Design an Ordered Stream,3,95.7,31.9,https://leetcode.com/problems/design-an-ordered-stream,"Array, Hash Table, Design, Data Stream"
1632,MEDIUM,Removing Stars From a String,4,95.7,23.9,https://leetcode.com/problems/removing-stars-from-a-string,"String, Stack, Simulation"
1633,MEDIUM,Pancake Sorting,2,95.4,47.7,https://leetcode.com/problems/pancake-sorting,"Array, Two Pointers, Greedy, Sorting"
1634,MEDIUM,Mini Parser,4,95.3,23.8,https://leetcode.com/problems/mini-parser,"String, Stack, Depth-First Search"
1635,MEDIUM,Find Maximum Value in a Constrained Sequence,2,95.3,47.6,https://leetcode.com/problems/find-maximum-value-in-a-constrained-sequence,"Array, Greedy"
1636,HARD,Minimize Deviation in Array,2,95.3,47.6,https://leetcode.com/problems/minimize-deviation-in-array,"Array, Greedy, Heap (Priority Queue), Ordered Set"
1637,EASY,Counting Elements,1,95.3,95.3,https://leetcode.com/problems/counting-elements,"Array, Hash Table"
1638,HARD,Minimum Time to Make Array Sum At Most x,1,95.3,95.3,https://leetcode.com/problems/minimum-time-to-make-array-sum-at-most-x,"Array, Dynamic Programming, Sorting"
1639,EASY,Number of Bit Changes to Make Two Integers Equal,1,95.3,95.3,https://leetcode.com/problems/number-of-bit-changes-to-make-two-integers-equal,Bit Manipulation
1640,MEDIUM,Number of Dice Rolls With Target Sum,4,95.2,23.8,https://leetcode.com/problems/number-of-dice-rolls-with-target-sum,Dynamic Programming
1641,HARD,Groups of Strings,1,95.2,95.2,https://leetcode.com/problems/groups-of-strings,"Array, Hash Table, String, Bit Manipulation, Union-Find"
1642,HARD,Minimum Time to Visit a Cell In a Grid,4,95.0,23.8,https://leetcode.com/problems/minimum-time-to-visit-a-cell-in-a-grid,"Array, Breadth-First Search, Graph Theory, Heap (Priority Queue), Matrix, Shortest Path"
1643,MEDIUM,Construct Uniform Parity Array II,1,95.0,95.0,https://leetcode.com/problems/construct-uniform-parity-array-ii,"Array, Math"
1644,MEDIUM,Maximum Product of Splitted Binary Tree,5,94.9,19.0,https://leetcode.com/problems/maximum-product-of-splitted-binary-tree,"Tree, Depth-First Search, Binary Tree"
1645,MEDIUM,Maximum Team Size with Overlapping Intervals,2,94.9,47.5,https://leetcode.com/problems/maximum-team-size-with-overlapping-intervals,
1646,MEDIUM,Maximum Average Pass Ratio,5,94.7,18.9,https://leetcode.com/problems/maximum-average-pass-ratio,"Array, Greedy, Heap (Priority Queue)"
1647,EASY,Reverse Degree of a String,2,94.7,47.4,https://leetcode.com/problems/reverse-degree-of-a-string,"String, Simulation"
1648,HARD,Construct String with Minimum Cost,1,94.7,94.7,https://leetcode.com/problems/construct-string-with-minimum-cost,"Array, String, Dynamic Programming, Suffix Array"
1649,MEDIUM,Delayed Count of Equal Elements,1,94.7,94.7,https://leetcode.com/problems/delayed-count-of-equal-elements,"Array, Hash Table, Counting"
1650,EASY,Find the Integer Added to Array I,1,94.7,94.7,https://leetcode.com/problems/find-the-integer-added-to-array-i,Array
1651,MEDIUM,Find the Integer Added to Array II,1,94.7,94.7,https://leetcode.com/problems/find-the-integer-added-to-array-ii,"Array, Two Pointers, Sorting, Enumeration"
1652,MEDIUM,Maximum Total Reward Using Operations I,1,94.7,94.7,https://leetcode.com/problems/maximum-total-reward-using-operations-i,"Array, Dynamic Programming, Bit Manipulation, Sorting"
1653,HARD,Maximum Total Reward Using Operations II,1,94.7,94.7,https://leetcode.com/problems/maximum-total-reward-using-operations-ii,"Array, Dynamic Programming, Bit Manipulation, Sorting"
1654,EASY,Shortest Subarray With OR at Least K I,1,94.7,94.7,https://leetcode.com/problems/shortest-subarray-with-or-at-least-k-i,"Array, Bit Manipulation, Sliding Window"
1655,HARD,Count the Number of Ideal Arrays,4,94.7,23.7,https://leetcode.com/problems/count-the-number-of-ideal-arrays,"Math, Dynamic Programming, Combinatorics, Number Theory, Prime Factorization, Fermat's Little Theorem"
1656,MEDIUM,Design Task Manager,5,94.6,18.9,https://leetcode.com/problems/design-task-manager,"Hash Table, Design, Heap (Priority Queue), Ordered Set"
1657,MEDIUM,Collecting Chocolates,2,94.6,47.3,https://leetcode.com/problems/collecting-chocolates,"Array, Enumeration"
1658,MEDIUM,Number of Same-End Substrings,2,94.6,47.3,https://leetcode.com/problems/number-of-same-end-substrings,"Array, Hash Table, String, Counting, Prefix Sum"
1659,HARD,Cycle Length Queries in a Tree,1,94.6,94.6,https://leetcode.com/problems/cycle-length-queries-in-a-tree,"Array, Tree, Binary Tree, Binary Lifting, Lowest Common Ancestor"
1660,EASY,Array Partition,5,94.5,18.9,https://leetcode.com/problems/array-partition,"Array, Greedy, Sorting, Counting Sort"
1661,MEDIUM,Can I Win,5,94.5,18.9,https://leetcode.com/problems/can-i-win,"Math, Dynamic Programming, Bit Manipulation, Memoization, Game Theory, Bitmask"
1662,MEDIUM,Encode Number,1,94.5,94.5,https://leetcode.com/problems/encode-number,"Math, String, Bit Manipulation"
1663,MEDIUM,Sentence Similarity II,4,94.3,23.6,https://leetcode.com/problems/sentence-similarity-ii,"Array, Hash Table, String, Depth-First Search, Breadth-First Search, Union-Find"
1664,EASY,Find Indices With Index and Value Difference I,1,94.3,94.3,https://leetcode.com/problems/find-indices-with-index-and-value-difference-i,"Array, Two Pointers"
1665,MEDIUM,Find Indices With Index and Value Difference II,1,94.3,94.3,https://leetcode.com/problems/find-indices-with-index-and-value-difference-ii,"Array, Two Pointers"
1666,MEDIUM,Maximum Transactions Without Negative Balance,1,94.3,94.3,https://leetcode.com/problems/maximum-transactions-without-negative-balance,"Array, Greedy, Heap (Priority Queue)"
1667,EASY,Number of Unequal Triplets in Array,1,94.3,94.3,https://leetcode.com/problems/number-of-unequal-triplets-in-array,"Array, Hash Table, Sorting"
1668,MEDIUM,Active Businesses,1,94.2,94.2,https://leetcode.com/problems/active-businesses,Database
1669,MEDIUM,Max Increase to Keep City Skyline,3,94.2,31.4,https://leetcode.com/problems/max-increase-to-keep-city-skyline,"Array, Greedy, Matrix"
1670,MEDIUM,Number of Ways to Build Sturdy Brick Wall,2,94.2,47.1,https://leetcode.com/problems/number-of-ways-to-build-sturdy-brick-wall,"Array, Dynamic Programming, Bit Manipulation, Bitmask"
1671,EASY,Minimum Right Shifts to Sort the Array,2,94.1,47.0,https://leetcode.com/problems/minimum-right-shifts-to-sort-the-array,Array
1672,MEDIUM,Smallest Number in Infinite Set,6,94.0,15.7,https://leetcode.com/problems/smallest-number-in-infinite-set,"Hash Table, Design, Heap (Priority Queue), Ordered Set"
1673,HARD,Maximum Number of Ones,1,94.0,94.0,https://leetcode.com/problems/maximum-number-of-ones,"Math, Greedy, Sorting, Heap (Priority Queue)"
1674,MEDIUM,Kth Largest Sum in a Binary Tree,5,93.8,18.8,https://leetcode.com/problems/kth-largest-sum-in-a-binary-tree,"Tree, Breadth-First Search, Sorting, Binary Tree"
1675,EASY,Total Distance Traveled,3,93.8,31.3,https://leetcode.com/problems/total-distance-traveled,"Math, Simulation"
1676,EASY,Form Smallest Number From Two Digit Arrays,1,93.8,93.8,https://leetcode.com/problems/form-smallest-number-from-two-digit-arrays,"Array, Hash Table, Enumeration"
1677,EASY,Merge Two 2D Arrays by Summing Values,6,93.8,15.6,https://leetcode.com/problems/merge-two-2d-arrays-by-summing-values,"Array, Hash Table, Two Pointers"
1678,MEDIUM,Count Student Number in Departments,1,93.7,93.7,https://leetcode.com/problems/count-student-number-in-departments,Database
1679,MEDIUM,Minimum Elements to Add to Form a Given Sum,1,93.7,93.7,https://leetcode.com/problems/minimum-elements-to-add-to-form-a-given-sum,"Array, Greedy"
1680,MEDIUM,Rectangles Area,1,93.7,93.7,https://leetcode.com/problems/rectangles-area,Database
1681,MEDIUM,Stone Game,5,93.7,18.7,https://leetcode.com/problems/stone-game,"Array, Math, Dynamic Programming, Minimax, Game Theory, Zero-Sum Game"
1682,EASY,Sort Even and Odd Indices Independently,3,93.5,31.2,https://leetcode.com/problems/sort-even-and-odd-indices-independently,"Array, Sorting"
1683,HARD,Check if Point Is Reachable,1,93.5,93.5,https://leetcode.com/problems/check-if-point-is-reachable,"Math, Number Theory, Euclidean Algorithm, Greatest Common Divisor"
1684,HARD,Number of Increasing Paths in a Grid,2,93.4,46.7,https://leetcode.com/problems/number-of-increasing-paths-in-a-grid,"Array, Dynamic Programming, Depth-First Search, Breadth-First Search, Graph Theory, Topological Sort, Memoization, Matrix"
1685,MEDIUM,Maximum XOR of Two Numbers in an Array,5,93.3,18.7,https://leetcode.com/problems/maximum-xor-of-two-numbers-in-an-array,"Array, Hash Table, Bit Manipulation, Trie"
1686,MEDIUM,Find the Maximum Length of Valid Subsequence II,6,93.2,15.5,https://leetcode.com/problems/find-the-maximum-length-of-valid-subsequence-ii,"Array, Dynamic Programming"
1687,HARD,Maximum Number of Robots Within Budget,2,93.2,46.6,https://leetcode.com/problems/maximum-number-of-robots-within-budget,"Array, Binary Search, Queue, Sliding Window, Heap (Priority Queue), Prefix Sum, Monotonic Queue"
1688,HARD,Count Anagrams,2,93.1,46.5,https://leetcode.com/problems/count-anagrams,"Hash Table, Math, String, Combinatorics, Counting, Fermat's Little Theorem"
1689,HARD,Earliest Second to Mark Indices II,2,93.1,46.5,https://leetcode.com/problems/earliest-second-to-mark-indices-ii,"Array, Binary Search, Greedy, Heap (Priority Queue)"
1690,MEDIUM,Binary Search Tree to Greater Sum Tree,3,93.0,31.0,https://leetcode.com/problems/binary-search-tree-to-greater-sum-tree,"Tree, Depth-First Search, Binary Search Tree, Binary Tree"
1691,MEDIUM,Remove Comments,5,93.0,18.6,https://leetcode.com/problems/remove-comments,"Array, String"
1692,MEDIUM,Movement of Robots,2,92.9,46.5,https://leetcode.com/problems/movement-of-robots,"Array, Brainteaser, Sorting, Prefix Sum"
1693,EASY,Count Substrings with Only One Distinct Letter,1,92.9,92.9,https://leetcode.com/problems/count-substrings-with-only-one-distinct-letter,"Math, String"
1694,EASY,Hexspeak,1,92.9,92.9,https://leetcode.com/problems/hexspeak,"Math, String"
1695,MEDIUM,Evaluate the Bracket Pairs of a String,2,92.8,46.4,https://leetcode.com/problems/evaluate-the-bracket-pairs-of-a-string,"Array, Hash Table, String"
1696,MEDIUM,Length of the Longest Alphabetical Continuous Substring,3,92.8,30.9,https://leetcode.com/problems/length-of-the-longest-alphabetical-continuous-substring,String
1697,HARD,Find the Minimum Area to Cover All Ones II,4,92.6,23.1,https://leetcode.com/problems/find-the-minimum-area-to-cover-all-ones-ii,"Array, Matrix, Enumeration"
1698,MEDIUM,Campus Bikes,3,92.6,30.9,https://leetcode.com/problems/campus-bikes,"Array, Sorting, Heap (Priority Queue)"
1699,MEDIUM,Find Maximum Area of a Triangle,2,92.6,46.3,https://leetcode.com/problems/find-maximum-area-of-a-triangle,"Array, Hash Table, Math, Greedy, Geometry, Enumeration"
1700,EASY,Maximum Area of Longest Diagonal Rectangle,4,92.5,23.1,https://leetcode.com/problems/maximum-area-of-longest-diagonal-rectangle,Array
1701,MEDIUM,Coloring A Border,3,92.5,30.8,https://leetcode.com/problems/coloring-a-border,"Array, Depth-First Search, Breadth-First Search, Matrix"
1702,MEDIUM,Matrix Block Sum,4,92.4,23.1,https://leetcode.com/problems/matrix-block-sum,"Array, Matrix, Prefix Sum"
1703,EASY,Take Gifts From the Richest Pile,4,92.2,23.0,https://leetcode.com/problems/take-gifts-from-the-richest-pile,"Array, Heap (Priority Queue), Simulation"
1704,HARD,Grid Illumination,1,92.1,92.1,https://leetcode.com/problems/grid-illumination,"Array, Hash Table"
1705,HARD,Number of Valid Words for Each Puzzle,1,92.1,92.1,https://leetcode.com/problems/number-of-valid-words-for-each-puzzle,"Array, Hash Table, String, Bit Manipulation, Trie"
1706,HARD,Make the XOR of All Segments Equal to Zero,2,91.9,46.0,https://leetcode.com/problems/make-the-xor-of-all-segments-equal-to-zero,"Array, Hash Table, Dynamic Programming, Bit Manipulation, Counting"
1707,HARD,Count Complete Substrings,1,91.9,91.9,https://leetcode.com/problems/count-complete-substrings,"Hash Table, String, Sliding Window"
1708,MEDIUM,Number of Strings Which Can Be Rearranged to Contain Substring,1,91.9,91.9,https://leetcode.com/problems/number-of-strings-which-can-be-rearranged-to-contain-substring,"Math, Dynamic Programming, Combinatorics"
1709,MEDIUM,Number of Pairs of Strings With Concatenation Equal to Target,2,91.8,45.9,https://leetcode.com/problems/number-of-pairs-of-strings-with-concatenation-equal-to-target,"Array, Hash Table, String, Counting"
1710,MEDIUM,Delete Nodes From Linked List Present in Array,5,91.7,18.3,https://leetcode.com/problems/delete-nodes-from-linked-list-present-in-array,"Array, Hash Table, Linked List"
1711,EASY,Count Hills and Valleys in an Array,5,91.7,18.3,https://leetcode.com/problems/count-hills-and-valleys-in-an-array,Array
1712,EASY,Count Number of Pairs With Absolute Difference K,4,91.6,22.9,https://leetcode.com/problems/count-number-of-pairs-with-absolute-difference-k,"Array, Hash Table, Counting"
1713,MEDIUM,RLE Iterator,2,91.5,45.8,https://leetcode.com/problems/rle-iterator,"Array, Design, Counting, Iterator"
1714,MEDIUM,Lexicographically Smallest String After Operations With Constraint,1,91.5,91.5,https://leetcode.com/problems/lexicographically-smallest-string-after-operations-with-constraint,"String, Greedy"
1715,HARD,Number of Distinct Roll Sequences,1,91.5,91.5,https://leetcode.com/problems/number-of-distinct-roll-sequences,"Dynamic Programming, Memoization"
1716,MEDIUM,Queens That Can Attack the King,2,91.4,45.7,https://leetcode.com/problems/queens-that-can-attack-the-king,"Array, Matrix, Simulation"
1717,EASY,Most Visited Sector in  a Circular Track,1,91.4,91.4,https://leetcode.com/problems/most-visited-sector-in-a-circular-track,"Array, Simulation"
1718,MEDIUM,Number of Good Binary Strings,1,91.4,91.4,https://leetcode.com/problems/number-of-good-binary-strings,Dynamic Programming
1719,MEDIUM,Unique Substrings With Equal Digit Frequency,1,91.4,91.4,https://leetcode.com/problems/unique-substrings-with-equal-digit-frequency,"Hash Table, String, Rolling Hash, Counting, Hash Function"
1720,MEDIUM,Escape The Ghosts,2,91.3,45.7,https://leetcode.com/problems/escape-the-ghosts,"Array, Math"
1721,MEDIUM,Avoid Flood in The City,5,91.2,18.2,https://leetcode.com/problems/avoid-flood-in-the-city,"Array, Hash Table, Binary Search, Greedy, Heap (Priority Queue)"
1722,MEDIUM,Balance a Binary Search Tree,5,91.2,18.2,https://leetcode.com/problems/balance-a-binary-search-tree,"Divide and Conquer, Greedy, Tree, Depth-First Search, Binary Search Tree, Binary Tree"
1723,MEDIUM,Largest Plus Sign,2,91.2,45.6,https://leetcode.com/problems/largest-plus-sign,"Array, Dynamic Programming"
1724,EASY,Finding 3-Digit Even Numbers,5,91.1,18.2,https://leetcode.com/problems/finding-3-digit-even-numbers,"Array, Hash Table, Recursion, Sorting, Enumeration"
1725,MEDIUM,Camelcase Matching,2,90.8,45.4,https://leetcode.com/problems/camelcase-matching,"Array, Two Pointers, String, Trie, String Matching"
1726,MEDIUM,Separate Squares I,4,90.7,22.7,https://leetcode.com/problems/separate-squares-i,"Array, Binary Search"
1727,HARD,Human Traffic of Stadium,6,90.6,15.1,https://leetcode.com/problems/human-traffic-of-stadium,Database
1728,MEDIUM,Longest Balanced Subarray I,4,90.5,22.6,https://leetcode.com/problems/longest-balanced-subarray-i,"Array, Hash Table, Divide and Conquer, Segment Tree, Prefix Sum"
1729,MEDIUM,Convert to Base -2,3,90.5,30.2,https://leetcode.com/problems/convert-to-base-2,Math
1730,MEDIUM,Sum of Nodes with Even-Valued Grandparent,3,90.5,30.2,https://leetcode.com/problems/sum-of-nodes-with-even-valued-grandparent,"Tree, Depth-First Search, Breadth-First Search, Binary Tree"
1731,MEDIUM,Length of the Longest Subsequence That Sums to Target,3,90.4,30.1,https://leetcode.com/problems/length-of-the-longest-subsequence-that-sums-to-target,"Array, Dynamic Programming, Knapsack Problem, 0-1 Knapsack"
1732,MEDIUM,Minimum Cost of a Path With Special Roads,1,90.3,90.3,https://leetcode.com/problems/minimum-cost-of-a-path-with-special-roads,"Array, Graph Theory, Heap (Priority Queue), Shortest Path"
1733,MEDIUM,Line Reflection,2,90.2,45.1,https://leetcode.com/problems/line-reflection,"Array, Hash Table, Math"
1734,EASY,Maximum Depth of N-ary Tree,2,90.2,45.1,https://leetcode.com/problems/maximum-depth-of-n-ary-tree,"Tree, Depth-First Search, Breadth-First Search"
1735,HARD,Smallest Sufficient Team,2,90.2,45.1,https://leetcode.com/problems/smallest-sufficient-team,"Array, Dynamic Programming, Bit Manipulation, Bitmask"
1736,MEDIUM,Minimum Factorization,1,90.2,90.2,https://leetcode.com/problems/minimum-factorization,"Math, Greedy, Prime Factorization"
1737,HARD,Maximum Sum BST in Binary Tree,5,90.2,18.0,https://leetcode.com/problems/maximum-sum-bst-in-binary-tree,"Dynamic Programming, Tree, Depth-First Search, Binary Search Tree, Binary Tree, DP on Trees"
1738,EASY,Count Odd Numbers in an Interval Range,5,90.1,18.0,https://leetcode.com/problems/count-odd-numbers-in-an-interval-range,Math
1739,MEDIUM,Count Submatrices with Top-Left Element and Sum Less Than k,2,89.9,44.9,https://leetcode.com/problems/count-submatrices-with-top-left-element-and-sum-less-than-k,"Array, Matrix, Prefix Sum"
1740,EASY,Binary Tree Postorder Traversal,5,89.8,18.0,https://leetcode.com/problems/binary-tree-postorder-traversal,"Stack, Tree, Depth-First Search, Binary Tree"
1741,MEDIUM,Split Array into Consecutive Subsequences,3,89.8,29.9,https://leetcode.com/problems/split-array-into-consecutive-subsequences,"Array, Hash Table, Greedy, Heap (Priority Queue)"
1742,MEDIUM,Minimum Operations to Make Binary Palindrome,1,89.8,89.8,https://leetcode.com/problems/minimum-operations-to-make-binary-palindrome,"Array, Two Pointers, Binary Search, Bit Manipulation"
1743,MEDIUM,Delete Operation for Two Strings,4,89.7,22.4,https://leetcode.com/problems/delete-operation-for-two-strings,"String, Dynamic Programming, Longest Common Subsequence"
1744,MEDIUM,Apply Bitwise Operations to Make Strings Equal,1,89.6,89.6,https://leetcode.com/problems/apply-bitwise-operations-to-make-strings-equal,"String, Bit Manipulation"
1745,HARD,Apply Operations on Array to Maximize Sum of Squares,1,89.6,89.6,https://leetcode.com/problems/apply-operations-on-array-to-maximize-sum-of-squares,"Array, Hash Table, Greedy, Bit Manipulation"
1746,MEDIUM,Choose Edges to Maximize Score in a Tree,1,89.6,89.6,https://leetcode.com/problems/choose-edges-to-maximize-score-in-a-tree,"Dynamic Programming, Tree, Depth-First Search"
1747,MEDIUM,Maximum Subarray Sum After One Operation,1,89.6,89.6,https://leetcode.com/problems/maximum-subarray-sum-after-one-operation,"Array, Dynamic Programming"
1748,HARD,Minimum Edge Weight Equilibrium Queries in a Tree,1,89.6,89.6,https://leetcode.com/problems/minimum-edge-weight-equilibrium-queries-in-a-tree,"Array, Dynamic Programming, Bit Manipulation, Tree, Depth-First Search"
1749,MEDIUM,Minimum Time to Revert Word to Initial State I,1,89.6,89.6,https://leetcode.com/problems/minimum-time-to-revert-word-to-initial-state-i,"String, Rolling Hash, String Matching, Hash Function"
1750,HARD,Minimum Time to Revert Word to Initial State II,1,89.6,89.6,https://leetcode.com/problems/minimum-time-to-revert-word-to-initial-state-ii,"String, Rolling Hash, String Matching, Hash Function"
1751,MEDIUM,Minimum Total Space Wasted With K Resizing Operations,1,89.3,89.3,https://leetcode.com/problems/minimum-total-space-wasted-with-k-resizing-operations,"Array, Dynamic Programming, Prefix Sum"
1752,EASY,Array Prototype Last,5,89.2,17.8,https://leetcode.com/problems/array-prototype-last,
1753,MEDIUM,Maximum Area of Two Non-Overlapping Square Submatrices,1,89.2,89.2,https://leetcode.com/problems/maximum-area-of-two-non-overlapping-square-submatrices,
1754,HARD,Rank Transform of a Matrix,3,89.1,29.7,https://leetcode.com/problems/rank-transform-of-a-matrix,"Array, Union-Find, Graph Theory, Topological Sort, Sorting, Matrix"
1755,MEDIUM,Spiral Matrix IV,4,89.0,22.2,https://leetcode.com/problems/spiral-matrix-iv,"Array, Linked List, Matrix, Simulation"
1756,MEDIUM,Implement Router,4,88.8,22.2,https://leetcode.com/problems/implement-router,"Array, Hash Table, Binary Search, Design, Queue, Ordered Set"
1757,HARD,Student Attendance Record II,3,88.8,29.6,https://leetcode.com/problems/student-attendance-record-ii,Dynamic Programming
1758,HARD,Minimum Cost Path with Teleportations,4,88.5,22.1,https://leetcode.com/problems/minimum-cost-path-with-teleportations,"Array, Dynamic Programming, Matrix"
1759,HARD,Minimum Degree of a Connected Trio in a Graph,2,88.5,44.2,https://leetcode.com/problems/minimum-degree-of-a-connected-trio-in-a-graph,"Graph Theory, Enumeration"
1760,EASY,Classifying Triangles by Lengths,1,88.5,88.5,https://leetcode.com/problems/classifying-triangles-by-lengths,"Database, Polygons"
1761,HARD,Minimize OR of Remaining Elements Using Operations,1,88.5,88.5,https://leetcode.com/problems/minimize-or-of-remaining-elements-using-operations,"Array, Greedy, Bit Manipulation"
1762,MEDIUM,Construct K Palindrome Strings,6,88.4,14.7,https://leetcode.com/problems/construct-k-palindrome-strings,"Hash Table, String, Greedy, Counting"
1763,MEDIUM,Last Stone Weight II,5,88.4,17.7,https://leetcode.com/problems/last-stone-weight-ii,"Array, Dynamic Programming, Knapsack Problem, 0-1 Knapsack"
1764,HARD,Similar String Groups,5,88.3,17.7,https://leetcode.com/problems/similar-string-groups,"Array, Hash Table, String, Depth-First Search, Breadth-First Search, Union-Find"
1765,HARD,Find Minimum in Rotated Sorted Array II,5,88.1,17.6,https://leetcode.com/problems/find-minimum-in-rotated-sorted-array-ii,"Array, Binary Search"
1766,MEDIUM,Earliest Second to Mark Indices I,1,88.1,88.1,https://leetcode.com/problems/earliest-second-to-mark-indices-i,"Array, Binary Search"
1767,MEDIUM,Ones and Zeroes,5,88.0,17.6,https://leetcode.com/problems/ones-and-zeroes,"Array, String, Dynamic Programming, Knapsack Problem, 0-1 Knapsack"
1768,MEDIUM,Design Order Management System,1,88.0,88.0,https://leetcode.com/problems/design-order-management-system,"Hash Table, Design"
1769,HARD,Minimum Time to Eat All Grains,1,87.9,87.9,https://leetcode.com/problems/minimum-time-to-eat-all-grains,"Array, Two Pointers, Binary Search, Sorting"
1770,MEDIUM,Customers Who Bought All Products,4,87.8,21.9,https://leetcode.com/problems/customers-who-bought-all-products,Database
1771,HARD,Find the K-Sum of an Array,4,87.8,21.9,https://leetcode.com/problems/find-the-k-sum-of-an-array,"Array, Sorting, Heap (Priority Queue)"
1772,HARD,Best Position for a Service Centre,1,87.8,87.8,https://leetcode.com/problems/best-position-for-a-service-centre,"Array, Math, Geometry, Randomized"
1773,HARD,Find the Longest Valid Obstacle Course at Each Position,1,87.7,87.7,https://leetcode.com/problems/find-the-longest-valid-obstacle-course-at-each-position,"Array, Binary Search, Binary Indexed Tree, Longest Increasing Subsequence"
1774,MEDIUM,Minimum Number of Lines to Cover Points,1,87.7,87.7,https://leetcode.com/problems/minimum-number-of-lines-to-cover-points,"Array, Hash Table, Math, Dynamic Programming, Backtracking, Bit Manipulation, Geometry, Bitmask"
1775,MEDIUM,Split Linked List in Parts,5,87.6,17.5,https://leetcode.com/problems/split-linked-list-in-parts,Linked List
1776,MEDIUM,Rotate Non Negative Elements,1,87.5,87.5,https://leetcode.com/problems/rotate-non-negative-elements,"Array, Simulation"
1777,MEDIUM,Longest Subsequence With Decreasing Adjacent Difference,2,87.4,43.7,https://leetcode.com/problems/longest-subsequence-with-decreasing-adjacent-difference,"Array, Dynamic Programming"
1778,MEDIUM,Number of Spaces Cleaning Robot Cleaned,2,87.2,43.6,https://leetcode.com/problems/number-of-spaces-cleaning-robot-cleaned,"Array, Matrix, Simulation"
1779,MEDIUM,Smallest Value of the Rearranged Number,2,87.2,43.6,https://leetcode.com/problems/smallest-value-of-the-rearranged-number,"Math, Sorting"
1780,MEDIUM,Minimum Operations to Halve Array Sum,2,87.1,43.5,https://leetcode.com/problems/minimum-operations-to-halve-array-sum,"Array, Greedy, Heap (Priority Queue)"
1781,EASY,Faulty Keyboard,1,87.1,87.1,https://leetcode.com/problems/faulty-keyboard,"String, Simulation"
1782,HARD,Minimum Number of Operations to Make String Sorted,1,87.1,87.1,https://leetcode.com/problems/minimum-number-of-operations-to-make-string-sorted,"Hash Table, Math, String, Combinatorics, Counting, Fermat's Little Theorem"
1783,MEDIUM,Stone Game IX,1,87.1,87.1,https://leetcode.com/problems/stone-game-ix,"Array, Math, Greedy, Minimax, Counting, Game Theory, Nim Game, Zero-Sum Game"
1784,MEDIUM,Smallest Integer Divisible by K,6,86.9,14.5,https://leetcode.com/problems/smallest-integer-divisible-by-k,"Hash Table, Math, Pigeonhole Principle"
1785,HARD,Closest Binary Search Tree Value II,3,86.8,28.9,https://leetcode.com/problems/closest-binary-search-tree-value-ii,"Two Pointers, Stack, Tree, Depth-First Search, Binary Search Tree, Heap (Priority Queue), Binary Tree"
1786,MEDIUM,Divide Array in Sets of K Consecutive Numbers,2,86.5,43.2,https://leetcode.com/problems/divide-array-in-sets-of-k-consecutive-numbers,"Array, Hash Table, Greedy, Sorting"
1787,MEDIUM,Product of Two Run-Length Encoded Arrays,2,86.5,43.2,https://leetcode.com/problems/product-of-two-run-length-encoded-arrays,"Array, Two Pointers"
1788,MEDIUM,Double Modular Exponentiation,1,86.5,86.5,https://leetcode.com/problems/double-modular-exponentiation,"Array, Math, Simulation"
1789,HARD,Maximum Genetic Difference Query,1,86.4,86.4,https://leetcode.com/problems/maximum-genetic-difference-query,"Array, Hash Table, Bit Manipulation, Depth-First Search, Trie"
1790,HARD,Minimum Operations to Form Subsequence With Target Sum,1,86.4,86.4,https://leetcode.com/problems/minimum-operations-to-form-subsequence-with-target-sum,"Array, Greedy, Bit Manipulation"
1791,HARD,Minimum XOR Sum of Two Arrays,1,86.4,86.4,https://leetcode.com/problems/minimum-xor-sum-of-two-arrays,"Array, Dynamic Programming, Bit Manipulation, Bitmask, Hungarian Algorithm, Bipartite Graph, Successive Shortest Path Algorithm"
1792,MEDIUM,Sum of Remoteness of All Cells,1,86.4,86.4,https://leetcode.com/problems/sum-of-remoteness-of-all-cells,"Array, Hash Table, Depth-First Search, Breadth-First Search, Union-Find, Matrix"
1793,MEDIUM,Find the Derangement of An Array,1,86.2,86.2,https://leetcode.com/problems/find-the-derangement-of-an-array,"Math, Dynamic Programming, Combinatorics"
1794,MEDIUM,Minimum Deletions to Make String K-Special,3,86.0,28.7,https://leetcode.com/problems/minimum-deletions-to-make-string-k-special,"Hash Table, String, Greedy, Sorting, Counting"
1795,EASY,Count Partitions with Even Sum Difference,5,85.8,17.2,https://leetcode.com/problems/count-partitions-with-even-sum-difference,"Array, Math, Prefix Sum"
1796,HARD,Last Day Where You Can Still Cross,4,85.8,21.4,https://leetcode.com/problems/last-day-where-you-can-still-cross,"Array, Binary Search, Depth-First Search, Breadth-First Search, Union-Find, Matrix"
1797,EASY,Find the Longest Balanced Substring of a Binary String,1,85.7,85.7,https://leetcode.com/problems/find-the-longest-balanced-substring-of-a-binary-string,String
1798,MEDIUM,Find the Longest Substring Containing Vowels in Even Counts,6,85.6,14.3,https://leetcode.com/problems/find-the-longest-substring-containing-vowels-in-even-counts,"Hash Table, String, Bit Manipulation, Prefix Sum"
1799,MEDIUM,People Whose List of Favorite Companies Is Not a Subset of Another List,2,85.3,42.7,https://leetcode.com/problems/people-whose-list-of-favorite-companies-is-not-a-subset-of-another-list,"Array, Hash Table, String"
1800,MEDIUM,Count Complete Subarrays in an Array,4,85.2,21.3,https://leetcode.com/problems/count-complete-subarrays-in-an-array,"Array, Hash Table, Sliding Window"
1801,MEDIUM,Sort Integers by The Power Value,2,85.0,42.5,https://leetcode.com/problems/sort-integers-by-the-power-value,"Dynamic Programming, Memoization, Sorting"
1802,MEDIUM,Find Kth Bit in Nth Binary String,5,84.9,17.0,https://leetcode.com/problems/find-kth-bit-in-nth-binary-string,"String, Recursion, Simulation"
1803,MEDIUM,Continuous Subarrays,5,84.8,17.0,https://leetcode.com/problems/continuous-subarrays,"Array, Queue, Sliding Window, Heap (Priority Queue), Ordered Set, Monotonic Queue"
1804,MEDIUM,Next Greater Node In Linked List,4,84.8,21.2,https://leetcode.com/problems/next-greater-node-in-linked-list,"Array, Linked List, Stack, Monotonic Stack"
1805,HARD,Maximum Walls Destroyed by Robots,4,84.7,21.2,https://leetcode.com/problems/maximum-walls-destroyed-by-robots,"Array, Binary Search, Dynamic Programming, Sorting"
1806,MEDIUM,Find the City With the Smallest Number of Neighbors at a Threshold Distance,4,84.6,21.1,https://leetcode.com/problems/find-the-city-with-the-smallest-number-of-neighbors-at-a-threshold-distance,"Dynamic Programming, Graph Theory, Shortest Path, Dijkstra's Algorithm, Bellman–Ford Algorithm, Floyd–Warshall Algorithm"
1807,EASY,Minimum Cuts to Divide a Circle,5,84.4,16.9,https://leetcode.com/problems/minimum-cuts-to-divide-a-circle,"Math, Geometry"
1808,HARD,Design Movie Rental System,2,84.4,42.2,https://leetcode.com/problems/design-movie-rental-system,"Array, Hash Table, Design, Heap (Priority Queue), Ordered Set"
1809,MEDIUM,Reverse Odd Levels of Binary Tree,2,84.3,42.1,https://leetcode.com/problems/reverse-odd-levels-of-binary-tree,"Tree, Depth-First Search, Breadth-First Search, Binary Tree"
1810,MEDIUM,Maximum Number of Integers to Choose From a Range I,2,84.2,42.1,https://leetcode.com/problems/maximum-number-of-integers-to-choose-from-a-range-i,"Array, Hash Table, Binary Search, Greedy, Sorting"
1811,MEDIUM,Count Islands With Total Value Divisible by K,2,84.0,42.0,https://leetcode.com/problems/count-islands-with-total-value-divisible-by-k,"Array, Depth-First Search, Breadth-First Search, Union-Find, Matrix"
1812,EASY,XOR Operation in an Array,2,83.9,42.0,https://leetcode.com/problems/xor-operation-in-an-array,"Math, Bit Manipulation"
1813,MEDIUM,Find Diameter Endpoints of a Tree,1,83.9,83.9,https://leetcode.com/problems/find-diameter-endpoints-of-a-tree,"Tree, Breadth-First Search, Graph Theory"
1814,HARD,Stone Game IV,4,83.8,20.9,https://leetcode.com/problems/stone-game-iv,"Math, Dynamic Programming, Minimax, Game Theory, Nim Game, Sprague–Grundy Theorem, Zero-Sum Game"
1815,EASY,Smallest Range I,2,83.8,41.9,https://leetcode.com/problems/smallest-range-i,"Array, Math"
1816,MEDIUM,Minimum Score Triangulation of Polygon,5,83.6,16.7,https://leetcode.com/problems/minimum-score-triangulation-of-polygon,"Array, Dynamic Programming, Triangulation, Polygons"
1817,HARD,Cut Off Trees for Golf Event,2,83.4,41.7,https://leetcode.com/problems/cut-off-trees-for-golf-event,"Array, Breadth-First Search, Heap (Priority Queue), Matrix"
1818,HARD,Minimum Number of Operations to Make Arrays Similar,2,83.4,41.7,https://leetcode.com/problems/minimum-number-of-operations-to-make-arrays-similar,"Array, Greedy, Sorting"
1819,MEDIUM,Maximum Level Sum of a Binary Tree,4,83.3,20.8,https://leetcode.com/problems/maximum-level-sum-of-a-binary-tree,"Tree, Depth-First Search, Breadth-First Search, Binary Tree"
1820,EASY,Largest Local Values in a Matrix,4,83.2,20.8,https://leetcode.com/problems/largest-local-values-in-a-matrix,"Array, Matrix"
1821,EASY,Split Strings by Separator,3,83.1,27.7,https://leetcode.com/problems/split-strings-by-separator,"Array, String"
1822,MEDIUM,Maximum Number of Subsequences After One Inserting,1,83.1,83.1,https://leetcode.com/problems/maximum-number-of-subsequences-after-one-inserting,"String, Dynamic Programming, Greedy, Prefix Sum"
1823,MEDIUM,Combination Sum III,4,83.0,20.8,https://leetcode.com/problems/combination-sum-iii,"Array, Backtracking"
1824,EASY,Return Length of Arguments Passed,4,82.8,20.7,https://leetcode.com/problems/return-length-of-arguments-passed,
1825,HARD,Minimum Costs Using the Train Line,1,82.8,82.8,https://leetcode.com/problems/minimum-costs-using-the-train-line,"Array, Dynamic Programming"
1826,HARD,Minimum Operations to Make Numbers Non-positive,1,82.8,82.8,https://leetcode.com/problems/minimum-operations-to-make-numbers-non-positive,"Array, Binary Search"
1827,MEDIUM,Display Table of Food Orders in a Restaurant,1,82.7,82.7,https://leetcode.com/problems/display-table-of-food-orders-in-a-restaurant,"Array, Hash Table, String, Sorting, Ordered Set"
1828,MEDIUM,Diameter of N-Ary Tree,3,82.7,27.6,https://leetcode.com/problems/diameter-of-n-ary-tree,"Tree, Depth-First Search, DP on Trees"
1829,HARD,Valid Palindrome III,2,82.4,41.2,https://leetcode.com/problems/valid-palindrome-iii,"String, Dynamic Programming"
1830,MEDIUM,Smallest Common Region,1,82.4,82.4,https://leetcode.com/problems/smallest-common-region,"Array, Hash Table, String, Tree, Depth-First Search, Breadth-First Search, Binary Lifting, Lowest Common Ancestor"
1831,MEDIUM,Total Characters in String After Transformations I,4,82.3,20.6,https://leetcode.com/problems/total-characters-in-string-after-transformations-i,"Hash Table, Math, String, Dynamic Programming, Counting"
1832,MEDIUM,Change Null Values in a Table to the Previous Value,1,82.3,82.3,https://leetcode.com/problems/change-null-values-in-a-table-to-the-previous-value,Database
1833,EASY,Consecutive Characters,4,82.1,20.5,https://leetcode.com/problems/consecutive-characters,String
1834,MEDIUM,Count Univalue Subtrees,3,82.1,27.4,https://leetcode.com/problems/count-univalue-subtrees,"Tree, Depth-First Search, Binary Tree, DP on Trees"
1835,EASY,Score of a String,4,82.0,20.5,https://leetcode.com/problems/score-of-a-string,String
1836,EASY,Find Resultant Array After Removing Anagrams,5,81.9,16.4,https://leetcode.com/problems/find-resultant-array-after-removing-anagrams,"Array, Hash Table, String, Sorting"
1837,EASY,Fix Names in a Table,5,81.9,16.4,https://leetcode.com/problems/fix-names-in-a-table,Database
1838,MEDIUM,Minimum Rounds to Complete All Tasks,2,81.9,41.0,https://leetcode.com/problems/minimum-rounds-to-complete-all-tasks,"Array, Hash Table, Greedy, Counting"
1839,HARD,Sort Items by Groups Respecting Dependencies,5,81.9,16.4,https://leetcode.com/problems/sort-items-by-groups-respecting-dependencies,"Depth-First Search, Breadth-First Search, Graph Theory, Topological Sort, Directed Acyclic Graph"
1840,EASY,Find Missing Elements,5,81.4,16.3,https://leetcode.com/problems/find-missing-elements,"Array, Hash Table, Sorting"
1841,HARD,Replace Non-Coprime Numbers in Array,5,81.4,16.3,https://leetcode.com/problems/replace-non-coprime-numbers-in-array,"Array, Math, Stack, Number Theory, Least Common Multiple, Greatest Common Divisor"
1842,MEDIUM,Binary Tree Longest Consecutive Sequence,4,81.3,20.3,https://leetcode.com/problems/binary-tree-longest-consecutive-sequence,"Tree, Depth-First Search, Binary Tree, DP on Trees"
1843,HARD,Manhattan Distances of All Arrangements of Pieces,3,81.2,27.1,https://leetcode.com/problems/manhattan-distances-of-all-arrangements-of-pieces,"Math, Combinatorics"
1844,HARD,Maximize Subarray Sum After Removing All Occurrences of One Element,2,81.2,40.6,https://leetcode.com/problems/maximize-subarray-sum-after-removing-all-occurrences-of-one-element,"Array, Hash Table, Divide and Conquer, Dynamic Programming, Segment Tree, Prefix Sum"
1845,EASY,Find the Child Who Has the Ball After K Seconds,1,81.2,81.2,https://leetcode.com/problems/find-the-child-who-has-the-ball-after-k-seconds,"Math, Simulation"
1846,MEDIUM,Binary Tree Level Order Traversal II,6,81.1,13.5,https://leetcode.com/problems/binary-tree-level-order-traversal-ii,"Tree, Breadth-First Search, Binary Tree"
1847,EASY,Fruits Into Baskets II,4,81.1,20.3,https://leetcode.com/problems/fruits-into-baskets-ii,"Array, Binary Search, Segment Tree, Simulation, Ordered Set"
1848,HARD,Erect the Fence,3,81.1,27.0,https://leetcode.com/problems/erect-the-fence,"Array, Math, Geometry, Convex Hull, Polygons"
1849,EASY,Missing Ranges,2,81.0,40.5,https://leetcode.com/problems/missing-ranges,Array
1850,EASY,Leaf-Similar Trees,5,80.9,16.2,https://leetcode.com/problems/leaf-similar-trees,"Tree, Depth-First Search, Binary Tree"
1851,MEDIUM,The Number of Beautiful Subsets,4,80.7,20.2,https://leetcode.com/problems/the-number-of-beautiful-subsets,"Array, Hash Table, Math, Dynamic Programming, Backtracking, Sorting, Combinatorics"
1852,HARD,Count the Number of Inversions,5,80.6,16.1,https://leetcode.com/problems/count-the-number-of-inversions,"Array, Dynamic Programming"
1853,EASY,Convert a Number to Hexadecimal,5,80.4,16.1,https://leetcode.com/problems/convert-a-number-to-hexadecimal,"Math, String, Bit Manipulation"
1854,EASY,Maximum Number of Words Found in Sentences,4,80.3,20.1,https://leetcode.com/problems/maximum-number-of-words-found-in-sentences,"Array, String"
1855,MEDIUM,Construct Binary Tree from Preorder and Postorder Traversal,6,80.1,13.3,https://leetcode.com/problems/construct-binary-tree-from-preorder-and-postorder-traversal,"Array, Hash Table, Divide and Conquer, Tree, Binary Tree"
1856,MEDIUM,Longest Balanced Substring II,6,80.0,13.3,https://leetcode.com/problems/longest-balanced-substring-ii,"Hash Table, String, Prefix Sum"
1857,HARD,Time Taken to Cross the Door,3,80.0,26.7,https://leetcode.com/problems/time-taken-to-cross-the-door,"Array, Queue, Simulation"
1858,HARD,Maximum Vacation Days,3,79.9,26.6,https://leetcode.com/problems/maximum-vacation-days,"Array, Dynamic Programming, Matrix"
1859,MEDIUM,Find Valid Matrix Given Row and Column Sums,2,79.9,40.0,https://leetcode.com/problems/find-valid-matrix-given-row-and-column-sums,"Array, Greedy, Matrix, Flow Network"
1860,MEDIUM,First Day Where You Have Been in All the Rooms,1,79.9,79.9,https://leetcode.com/problems/first-day-where-you-have-been-in-all-the-rooms,"Array, Dynamic Programming"
1861,EASY,Sort Array By Absolute Value,1,79.9,79.9,https://leetcode.com/problems/sort-array-by-absolute-value,"Array, Math, Two Pointers, Sorting"
1862,EASY,Largest Number At Least Twice of Others,4,79.8,19.9,https://leetcode.com/problems/largest-number-at-least-twice-of-others,"Array, Sorting"
1863,MEDIUM,Minimum Operations to Exceed Threshold Value II,4,79.7,19.9,https://leetcode.com/problems/minimum-operations-to-exceed-threshold-value-ii,"Array, Heap (Priority Queue), Simulation"
1864,EASY,Check if Binary String Has at Most One Segment of Ones,3,79.7,26.6,https://leetcode.com/problems/check-if-binary-string-has-at-most-one-segment-of-ones,String
1865,HARD,Convert JSON String to Object,1,79.7,79.7,https://leetcode.com/problems/convert-json-string-to-object,
1866,MEDIUM,K Highest Ranked Items Within a Price Range,1,79.7,79.7,https://leetcode.com/problems/k-highest-ranked-items-within-a-price-range,"Array, Breadth-First Search, Sorting, Heap (Priority Queue), Matrix"
1867,MEDIUM,Order Two Columns Independently,1,79.7,79.7,https://leetcode.com/problems/order-two-columns-independently,Database
1868,MEDIUM,Largest Merge Of Two Strings,1,79.6,79.6,https://leetcode.com/problems/largest-merge-of-two-strings,"Two Pointers, String, Greedy"
1869,HARD,Least Operators to Express Number,1,79.6,79.6,https://leetcode.com/problems/least-operators-to-express-number,"Math, Dynamic Programming, Memoization"
1870,MEDIUM,Minimum Number of Operations to Have Distinct Elements,1,79.6,79.6,https://leetcode.com/problems/minimum-number-of-operations-to-have-distinct-elements,"Array, Hash Table"
1871,MEDIUM,Ternary Expression Parser,1,79.6,79.6,https://leetcode.com/problems/ternary-expression-parser,"String, Stack, Recursion"
1872,MEDIUM,Queries on Number of Points Inside a Circle,2,79.5,39.8,https://leetcode.com/problems/queries-on-number-of-points-inside-a-circle,"Array, Math, Geometry"
1873,HARD,Make Array Empty,2,79.3,39.6,https://leetcode.com/problems/make-array-empty,"Array, Binary Search, Greedy, Binary Indexed Tree, Segment Tree, Sorting, Ordered Set"
1874,MEDIUM,Count Number of Texts,3,79.2,26.4,https://leetcode.com/problems/count-number-of-texts,"Hash Table, Math, String, Dynamic Programming"
1875,HARD,Find K-th Smallest Pair Distance,5,79.0,15.8,https://leetcode.com/problems/find-k-th-smallest-pair-distance,"Array, Two Pointers, Binary Search, Sorting"
1876,MEDIUM,Find Score of an Array After Marking All Elements,5,78.8,15.8,https://leetcode.com/problems/find-score-of-an-array-after-marking-all-elements,"Array, Hash Table, Sorting, Heap (Priority Queue), Simulation"
1877,MEDIUM,Count Number of Teams,4,78.8,19.7,https://leetcode.com/problems/count-number-of-teams,"Array, Dynamic Programming, Binary Indexed Tree, Segment Tree"
1878,MEDIUM,Find Longest Special Substring That Occurs Thrice II,2,78.8,39.4,https://leetcode.com/problems/find-longest-special-substring-that-occurs-thrice-ii,"Hash Table, String, Binary Search, Sliding Window, Counting"
1879,EASY,Binary Watch,5,78.7,15.7,https://leetcode.com/problems/binary-watch,"Backtracking, Bit Manipulation"
1880,MEDIUM,Stepping Numbers,1,78.5,78.5,https://leetcode.com/problems/stepping-numbers,"Math, Backtracking, Breadth-First Search"
1881,EASY,Find the Maximum Achievable Number,4,78.4,19.6,https://leetcode.com/problems/find-the-maximum-achievable-number,Math
1882,MEDIUM,Circular Permutation in Binary Representation,1,78.4,78.4,https://leetcode.com/problems/circular-permutation-in-binary-representation,"Math, Backtracking, Bit Manipulation"
1883,MEDIUM,Find the N-th Value After K Seconds,1,78.4,78.4,https://leetcode.com/problems/find-the-n-th-value-after-k-seconds,"Array, Math, Simulation, Combinatorics, Prefix Sum"
1884,EASY,Maximum Distance Between Unequal Words in Array I,1,78.4,78.4,https://leetcode.com/problems/maximum-distance-between-unequal-words-in-array-i,"Array, String"
1885,MEDIUM,Minimum Operations to Make Array Equal II,1,78.4,78.4,https://leetcode.com/problems/minimum-operations-to-make-array-equal-ii,"Array, Math, Greedy"
1886,HARD,Number of Ways to Separate Numbers,1,78.4,78.4,https://leetcode.com/problems/number-of-ways-to-separate-numbers,"String, Dynamic Programming, Prefix Sum"
1887,MEDIUM,Pythagorean Distance Nodes in a Tree,1,78.4,78.4,https://leetcode.com/problems/pythagorean-distance-nodes-in-a-tree,"Tree, Breadth-First Search"
1888,EASY,The Winner University,1,78.4,78.4,https://leetcode.com/problems/the-winner-university,Database
1889,EASY,Bitwise OR of Adjacent Elements,1,78.3,78.3,https://leetcode.com/problems/bitwise-or-of-adjacent-elements,"Array, Bit Manipulation"
1890,HARD,Choose Numbers From Two Arrays in Range,1,78.3,78.3,https://leetcode.com/problems/choose-numbers-from-two-arrays-in-range,"Array, Dynamic Programming"
1891,HARD,Count Ways to Build Rooms in an Ant Colony,1,78.3,78.3,https://leetcode.com/problems/count-ways-to-build-rooms-in-an-ant-colony,"Array, Math, Dynamic Programming, Tree, Depth-First Search, Graph Theory, Topological Sort, Combinatorics, DP on Trees, Fermat's Little Theorem"
1892,EASY,Hexadecimal and Hexatrigesimal Conversion,1,78.3,78.3,https://leetcode.com/problems/hexadecimal-and-hexatrigesimal-conversion,"Math, String"
1893,MEDIUM,Minimizing Array After Replacing Pairs With Their Product,1,78.3,78.3,https://leetcode.com/problems/minimizing-array-after-replacing-pairs-with-their-product,"Array, Dynamic Programming, Greedy"
1894,EASY,Minimum Moves to Equal Array Elements III,1,78.3,78.3,https://leetcode.com/problems/minimum-moves-to-equal-array-elements-iii,"Array, Math"
1895,HARD,Preimage Size of Factorial Zeroes Function,1,78.3,78.3,https://leetcode.com/problems/preimage-size-of-factorial-zeroes-function,"Math, Binary Search"
1896,MEDIUM,Flower Planting With No Adjacent,2,78.2,39.1,https://leetcode.com/problems/flower-planting-with-no-adjacent,"Depth-First Search, Breadth-First Search, Graph Theory, Graph Coloring"
1897,MEDIUM,Maximum Sum Obtained of Any Permutation,2,78.2,39.1,https://leetcode.com/problems/maximum-sum-obtained-of-any-permutation,"Array, Greedy, Sorting, Prefix Sum"
1898,MEDIUM,Minimum Non-Zero Product of the Array Elements,2,78.2,39.1,https://leetcode.com/problems/minimum-non-zero-product-of-the-array-elements,"Math, Greedy, Recursion"
1899,HARD,Number of Valid Move Combinations On Chessboard,2,78.2,39.1,https://leetcode.com/problems/number-of-valid-move-combinations-on-chessboard,"Array, String, Backtracking, Simulation"
1900,HARD,Parallel Courses II,3,78.0,26.0,https://leetcode.com/problems/parallel-courses-ii,"Dynamic Programming, Bit Manipulation, Graph Theory, Bitmask, Directed Acyclic Graph"
1901,MEDIUM,Minimum Fuel Cost to Report to the Capital,5,77.6,15.5,https://leetcode.com/problems/minimum-fuel-cost-to-report-to-the-capital,"Tree, Depth-First Search, Breadth-First Search, Graph Theory"
1902,HARD,Concatenated Words,2,77.6,38.8,https://leetcode.com/problems/concatenated-words,"Array, String, Dynamic Programming, Depth-First Search, Trie, Sorting"
1903,EASY,Matrix Similarity After Cyclic Shifts,5,77.4,15.5,https://leetcode.com/problems/matrix-similarity-after-cyclic-shifts,"Array, Math, Matrix, Simulation"
1904,MEDIUM,Put Boxes Into the Warehouse I,3,77.4,25.8,https://leetcode.com/problems/put-boxes-into-the-warehouse-i,"Array, Greedy, Sorting"
1905,MEDIUM,Design an ATM Machine,2,77.3,38.6,https://leetcode.com/problems/design-an-atm-machine,"Array, Greedy, Design"
1906,MEDIUM,Maximum Frequency After Subarray Operation,4,77.2,19.3,https://leetcode.com/problems/maximum-frequency-after-subarray-operation,"Array, Hash Table, Dynamic Programming, Greedy, Enumeration, Prefix Sum"
1907,EASY,Second Minimum Node In a Binary Tree,3,77.1,25.7,https://leetcode.com/problems/second-minimum-node-in-a-binary-tree,"Tree, Depth-First Search, Binary Tree"
1908,MEDIUM,Find the Maximum Number of Elements in Subset,5,77.1,15.4,https://leetcode.com/problems/find-the-maximum-number-of-elements-in-subset,"Array, Hash Table, Enumeration"
1909,EASY,Add to Array-Form of Integer,4,77.1,19.3,https://leetcode.com/problems/add-to-array-form-of-integer,"Array, Math"
1910,EASY,Distribute Candies Among Children I,2,77.0,38.5,https://leetcode.com/problems/distribute-candies-among-children-i,"Math, Combinatorics, Enumeration"
1911,HARD,Distribute Candies Among Children III,2,77.0,38.5,https://leetcode.com/problems/distribute-candies-among-children-iii,"Math, Combinatorics"
1912,EASY,Permutation Difference between Two Strings,1,77.0,77.0,https://leetcode.com/problems/permutation-difference-between-two-strings,"Hash Table, String"
1913,EASY,Sum of Values at Indices With K Set Bits,1,77.0,77.0,https://leetcode.com/problems/sum-of-values-at-indices-with-k-set-bits,"Array, Bit Manipulation"
1914,MEDIUM,Construct Smallest Number From DI String,3,76.9,25.6,https://leetcode.com/problems/construct-smallest-number-from-di-string,"String, Backtracking, Stack, Greedy"
1915,MEDIUM,Maximum Difference Score in a Grid,1,76.9,76.9,https://leetcode.com/problems/maximum-difference-score-in-a-grid,"Array, Dynamic Programming, Matrix"
1916,EASY,Find Nearest Point That Has the Same X or Y Coordinate,3,76.8,25.6,https://leetcode.com/problems/find-nearest-point-that-has-the-same-x-or-y-coordinate,Array
1917,HARD,Leetcodify Friends Recommendations,1,76.7,76.7,https://leetcode.com/problems/leetcodify-friends-recommendations,Database
1918,HARD,Leetcodify Similar Friends,1,76.7,76.7,https://leetcode.com/problems/leetcodify-similar-friends,Database
1919,MEDIUM,Minimum Size Subarray in Infinite Array,1,76.7,76.7,https://leetcode.com/problems/minimum-size-subarray-in-infinite-array,"Array, Hash Table, Sliding Window, Prefix Sum"
1920,MEDIUM,Count Servers that Communicate,5,76.7,15.3,https://leetcode.com/problems/count-servers-that-communicate,"Array, Depth-First Search, Breadth-First Search, Union-Find, Matrix, Counting"
1921,HARD,Minimum Cost to Convert String II,4,76.6,19.1,https://leetcode.com/problems/minimum-cost-to-convert-string-ii,"Array, String, Dynamic Programming, Graph Theory, Trie, Shortest Path"
1922,HARD,Find the Number of Ways to Place People II,3,76.6,25.5,https://leetcode.com/problems/find-the-number-of-ways-to-place-people-ii,"Array, Math, Geometry, Sorting, Enumeration"
1923,EASY,Find The Least Frequent Digit,1,76.6,76.6,https://leetcode.com/problems/find-the-least-frequent-digit,"Array, Hash Table, Math, Counting"
1924,HARD,The Score of Students Solving Math Expression,1,76.6,76.6,https://leetcode.com/problems/the-score-of-students-solving-math-expression,"Array, Hash Table, Math, String, Dynamic Programming, Stack, Memoization"
1925,HARD,Triples with Bitwise AND Equal To Zero,1,76.6,76.6,https://leetcode.com/problems/triples-with-bitwise-and-equal-to-zero,"Array, Hash Table, Bit Manipulation"
1926,HARD,Smallest Substring With Identical Characters I,2,76.5,38.2,https://leetcode.com/problems/smallest-substring-with-identical-characters-i,"Array, Binary Search, Enumeration"
1927,HARD,Numbers At Most N Given Digit Set,4,76.3,19.1,https://leetcode.com/problems/numbers-at-most-n-given-digit-set,"Array, Math, String, Binary Search, Dynamic Programming"
1928,HARD,Max Dot Product of Two Subsequences,5,76.1,15.2,https://leetcode.com/problems/max-dot-product-of-two-subsequences,"Array, Dynamic Programming, Longest Common Subsequence"
1929,MEDIUM,Longest Word in Dictionary,3,76.1,25.4,https://leetcode.com/problems/longest-word-in-dictionary,"Array, Hash Table, String, Trie, Sorting"
1930,MEDIUM,Minimum Length of String After Deleting Similar Ends,3,76.0,25.3,https://leetcode.com/problems/minimum-length-of-string-after-deleting-similar-ends,"Two Pointers, String"
1931,HARD,Maximum Frequency Score of a Subarray,1,76.0,76.0,https://leetcode.com/problems/maximum-frequency-score-of-a-subarray,"Array, Hash Table, Math, Stack, Sliding Window"
1932,MEDIUM,Sort Vowels in a String,4,75.9,19.0,https://leetcode.com/problems/sort-vowels-in-a-string,"String, Sorting"
1933,MEDIUM,Binary Tree Upside Down,2,75.9,38.0,https://leetcode.com/problems/binary-tree-upside-down,"Tree, Depth-First Search, Binary Tree"
1934,MEDIUM,Node With Highest Edge Score,1,75.8,75.8,https://leetcode.com/problems/node-with-highest-edge-score,"Hash Table, Graph Theory"
1935,EASY,Toggle Light Bulbs,1,75.8,75.8,https://leetcode.com/problems/toggle-light-bulbs,"Array, Hash Table, Sorting, Simulation"
1936,EASY,Smallest Missing Integer Greater Than Sequential Prefix Sum,4,75.7,18.9,https://leetcode.com/problems/smallest-missing-integer-greater-than-sequential-prefix-sum,"Array, Hash Table, Sorting"
1937,EASY,Count Monobit Integers,1,75.7,75.7,https://leetcode.com/problems/count-monobit-integers,"Bit Manipulation, Enumeration"
1938,MEDIUM,Maximum Number of Upgradable Servers,1,75.4,75.4,https://leetcode.com/problems/maximum-number-of-upgradable-servers,"Array, Math, Binary Search"
1939,MEDIUM,Design Bounded Blocking Queue,3,75.2,25.1,https://leetcode.com/problems/design-bounded-blocking-queue,Concurrency
1940,MEDIUM,Minimum Cost to Convert String I,3,75.1,25.0,https://leetcode.com/problems/minimum-cost-to-convert-string-i,"Array, String, Graph Theory, Shortest Path"
1941,HARD,Maximum Sum of Subsequence With Non-adjacent Elements,2,75.1,37.5,https://leetcode.com/problems/maximum-sum-of-subsequence-with-non-adjacent-elements,"Array, Divide and Conquer, Dynamic Programming, Segment Tree"
1942,HARD,Maximum Points After Collecting Coins From All Nodes,1,74.7,74.7,https://leetcode.com/problems/maximum-points-after-collecting-coins-from-all-nodes,"Array, Dynamic Programming, Bit Manipulation, Tree, Depth-First Search, Memoization, DP on Trees"
1943,MEDIUM,Maximum Points Tourist Can Earn,1,74.7,74.7,https://leetcode.com/problems/maximum-points-tourist-can-earn,"Array, Dynamic Programming, Matrix"
1944,MEDIUM,Smallest Subarrays With Maximum Bitwise OR,5,74.7,14.9,https://leetcode.com/problems/smallest-subarrays-with-maximum-bitwise-or,"Array, Binary Search, Bit Manipulation, Sliding Window"
1945,HARD,Freedom Trail,2,74.6,37.3,https://leetcode.com/problems/freedom-trail,"String, Dynamic Programming, Depth-First Search, Breadth-First Search"
1946,MEDIUM,Sentence Similarity III,4,74.4,18.6,https://leetcode.com/problems/sentence-similarity-iii,"Array, Two Pointers, String"
1947,HARD,Max Chunks To Make Sorted II,5,74.4,14.9,https://leetcode.com/problems/max-chunks-to-make-sorted-ii,"Array, Stack, Greedy, Sorting, Monotonic Stack"
1948,MEDIUM,Zero Array Transformation III,5,74.2,14.8,https://leetcode.com/problems/zero-array-transformation-iii,"Array, Two Pointers, Greedy, Sorting, Heap (Priority Queue), Prefix Sum"
1949,EASY,Swap Sex of Employees,5,74.1,14.8,https://leetcode.com/problems/swap-sex-of-employees,Database
1950,EASY,Count Tested Devices After Test Operations,1,74.1,74.1,https://leetcode.com/problems/count-tested-devices-after-test-operations,"Array, Simulation, Counting"
1951,MEDIUM,Decode the Slanted Ciphertext,3,73.8,24.6,https://leetcode.com/problems/decode-the-slanted-ciphertext,"String, Simulation"
1952,MEDIUM,Linked List Random Node,3,73.8,24.6,https://leetcode.com/problems/linked-list-random-node,"Linked List, Math, Reservoir Sampling, Randomized"
1953,MEDIUM,Score of Parentheses,5,73.7,14.7,https://leetcode.com/problems/score-of-parentheses,"String, Stack, Bracket Sequences"
1954,HARD,Height of Binary Tree After Subtree Removal Queries,3,73.6,24.5,https://leetcode.com/problems/height-of-binary-tree-after-subtree-removal-queries,"Array, Tree, Depth-First Search, Breadth-First Search, Binary Tree"
1955,EASY,Find Center of Star Graph,4,73.5,18.4,https://leetcode.com/problems/find-center-of-star-graph,Graph Theory
1956,MEDIUM,Grid Teleportation Traversal,3,73.4,24.5,https://leetcode.com/problems/grid-teleportation-traversal,"Array, Hash Table, Breadth-First Search, Matrix"
1957,MEDIUM,Even Odd Tree,3,73.3,24.4,https://leetcode.com/problems/even-odd-tree,"Tree, Breadth-First Search, Binary Tree"
1958,EASY,Count the Number of Vowel Strings in Range,1,73.2,73.2,https://leetcode.com/problems/count-the-number-of-vowel-strings-in-range,"Array, String, Counting"
1959,MEDIUM,Maximum Number of Integers to Choose From a Range II,1,73.2,73.2,https://leetcode.com/problems/maximum-number-of-integers-to-choose-from-a-range-ii,"Array, Binary Search, Greedy, Sorting"
1960,MEDIUM,Smallest Greater Multiple Made of Two Digits,1,73.2,73.2,https://leetcode.com/problems/smallest-greater-multiple-made-of-two-digits,"Math, Enumeration"
1961,MEDIUM,Shortest String That Contains Three Strings,2,73.1,36.5,https://leetcode.com/problems/shortest-string-that-contains-three-strings,"String, Greedy, Enumeration"
1962,EASY,  Count Symmetric Integers,5,72.8,14.6,https://leetcode.com/problems/count-symmetric-integers,"Math, Enumeration"
1963,EASY,Find All K-Distant Indices in an Array,4,72.8,18.2,https://leetcode.com/problems/find-all-k-distant-indices-in-an-array,"Array, Two Pointers"
1964,MEDIUM,XOR After Range Multiplication Queries I,2,72.8,36.4,https://leetcode.com/problems/xor-after-range-multiplication-queries-i,"Array, Divide and Conquer, Simulation, Prefix Sum"
1965,HARD,Earliest Possible Day of Full Bloom,1,72.8,72.8,https://leetcode.com/problems/earliest-possible-day-of-full-bloom,"Array, Greedy, Sorting"
1966,HARD,Maximum Sum of Alternating Subsequence With Distance at Least K,1,72.8,72.8,https://leetcode.com/problems/maximum-sum-of-alternating-subsequence-with-distance-at-least-k,"Array, Dynamic Programming, Segment Tree"
1967,MEDIUM,Merge Close Characters,1,72.8,72.8,https://leetcode.com/problems/merge-close-characters,"Hash Table, String"
1968,MEDIUM,Total Hamming Distance,3,72.7,24.2,https://leetcode.com/problems/total-hamming-distance,"Array, Math, Bit Manipulation"
1969,HARD,Find the Sum of the Power of All Subsequences,2,72.6,36.3,https://leetcode.com/problems/find-the-sum-of-the-power-of-all-subsequences,"Array, Dynamic Programming, Knapsack Problem, 0-1 Knapsack"
1970,HARD,Good Subsequence Queries,2,72.6,36.3,https://leetcode.com/problems/good-subsequence-queries,"Array, Math, Segment Tree, Number Theory"
1971,HARD,Maximum Strength of K Disjoint Subarrays,2,72.6,36.3,https://leetcode.com/problems/maximum-strength-of-k-disjoint-subarrays,"Array, Dynamic Programming, Prefix Sum"
1972,MEDIUM,Find Peak Calling Hours for Each City,1,72.6,72.6,https://leetcode.com/problems/find-peak-calling-hours-for-each-city,Database
1973,MEDIUM,Minimize Connected Groups by Inserting Interval,1,72.6,72.6,https://leetcode.com/problems/minimize-connected-groups-by-inserting-interval,"Array, Binary Search, Sliding Window, Sorting"
1974,HARD,Minimum Runes to Add to Cast Spell,1,72.6,72.6,https://leetcode.com/problems/minimum-runes-to-add-to-cast-spell,"Array, Depth-First Search, Breadth-First Search, Graph Theory, Topological Sort"
1975,MEDIUM,Minimum Addition to Make Integer Beautiful,3,72.5,24.2,https://leetcode.com/problems/minimum-addition-to-make-integer-beautiful,"Math, Greedy"
1976,MEDIUM,Put Boxes Into the Warehouse II,2,72.4,36.2,https://leetcode.com/problems/put-boxes-into-the-warehouse-ii,"Array, Greedy, Sorting"
1977,EASY,Divide Array Into Equal Pairs,5,72.3,14.5,https://leetcode.com/problems/divide-array-into-equal-pairs,"Array, Hash Table, Bit Manipulation, Counting"
1978,MEDIUM,Design a Food Rating System,4,72.3,18.1,https://leetcode.com/problems/design-a-food-rating-system,"Array, Hash Table, String, Design, Heap (Priority Queue), Ordered Set"
1979,MEDIUM,Sort the Students by Their Kth Score,2,72.2,36.1,https://leetcode.com/problems/sort-the-students-by-their-kth-score,"Array, Sorting, Matrix"
1980,EASY,Find X-Sum of All K-Long Subarrays I,5,72.1,14.4,https://leetcode.com/problems/find-x-sum-of-all-k-long-subarrays-i,"Array, Hash Table, Sliding Window, Heap (Priority Queue)"
1981,MEDIUM,Destroy Sequential Targets,1,72.1,72.1,https://leetcode.com/problems/destroy-sequential-targets,"Array, Hash Table, Counting"
1982,HARD,Make String Anti-palindrome,1,72.1,72.1,https://leetcode.com/problems/make-string-anti-palindrome,"String, Greedy, Sorting, Counting Sort"
1983,HARD,Maximum Total Beauty of the Gardens,1,72.1,72.1,https://leetcode.com/problems/maximum-total-beauty-of-the-gardens,"Array, Two Pointers, Binary Search, Greedy, Sorting, Enumeration, Prefix Sum"
1984,MEDIUM,Number of Substrings With Fixed Ratio,1,72.1,72.1,https://leetcode.com/problems/number-of-substrings-with-fixed-ratio,"Hash Table, Math, String, Prefix Sum"
1985,EASY,Shortest Distance to Target String in a Circular Array,4,71.9,18.0,https://leetcode.com/problems/shortest-distance-to-target-string-in-a-circular-array,"Array, String"
1986,MEDIUM,Merge Nodes in Between Zeros,4,71.8,17.9,https://leetcode.com/problems/merge-nodes-in-between-zeros,"Linked List, Simulation"
1987,MEDIUM,Sum of Absolute Differences in a Sorted Array,4,71.5,17.9,https://leetcode.com/problems/sum-of-absolute-differences-in-a-sorted-array,"Array, Math, Prefix Sum"
1988,MEDIUM,Deep Merge of Two Objects,1,71.2,71.2,https://leetcode.com/problems/deep-merge-of-two-objects,
1989,EASY,Count the Digits That Divide a Number,3,71.2,23.7,https://leetcode.com/problems/count-the-digits-that-divide-a-number,Math
1990,HARD,Check for Contradictions in Equations,2,71.1,35.5,https://leetcode.com/problems/check-for-contradictions-in-equations,"Array, String, Depth-First Search, Union-Find, Graph Theory"
1991,MEDIUM,Find Third Transaction,1,71.0,71.0,https://leetcode.com/problems/find-third-transaction,Database
1992,MEDIUM,Find the Maximum Length of a Good Subsequence I,1,70.9,70.9,https://leetcode.com/problems/find-the-maximum-length-of-a-good-subsequence-i,"Array, Hash Table, Dynamic Programming"
1993,MEDIUM,Minimum Array Length After Pair Removals,1,70.9,70.9,https://leetcode.com/problems/minimum-array-length-after-pair-removals,"Array, Hash Table, Two Pointers, Binary Search, Greedy, Counting"
1994,MEDIUM,Making File Names Unique,1,70.8,70.8,https://leetcode.com/problems/making-file-names-unique,"Array, Hash Table, String"
1995,MEDIUM,Design Front Middle Back Queue,3,70.7,23.6,https://leetcode.com/problems/design-front-middle-back-queue,"Array, Linked List, Design, Queue, Doubly-Linked List, Data Stream"
1996,MEDIUM,Maximum Median Sum of Subsequences of Size 3,2,70.7,35.3,https://leetcode.com/problems/maximum-median-sum-of-subsequences-of-size-3,"Array, Math, Greedy, Sorting, Game Theory"
1997,MEDIUM,Range Sum Query - Mutable,4,70.6,17.6,https://leetcode.com/problems/range-sum-query-mutable,"Array, Divide and Conquer, Design, Binary Indexed Tree, Segment Tree, Sqrt Decomposition"
1998,MEDIUM,Number of Zero-Filled Subarrays,4,70.4,17.6,https://leetcode.com/problems/number-of-zero-filled-subarrays,"Array, Math"
1999,MEDIUM,Minimum Jumps to Reach Home,3,70.4,23.5,https://leetcode.com/problems/minimum-jumps-to-reach-home,"Array, Hash Table, Breadth-First Search"
2000,MEDIUM,Maximum Bags With Full Capacity of Rocks,2,70.3,35.2,https://leetcode.com/problems/maximum-bags-with-full-capacity-of-rocks,"Array, Greedy, Sorting"
2001,HARD,Number of Subarrays With AND Value of K,1,70.3,70.3,https://leetcode.com/problems/number-of-subarrays-with-and-value-of-k,"Array, Binary Search, Bit Manipulation, Segment Tree"
2002,MEDIUM,Removing Minimum Number of Magic Beans,1,70.3,70.3,https://leetcode.com/problems/removing-minimum-number-of-magic-beans,"Array, Greedy, Sorting, Enumeration, Prefix Sum"
2003,MEDIUM,Sum Game,1,70.3,70.3,https://leetcode.com/problems/sum-game,"Math, String, Greedy, Game Theory"
2004,MEDIUM,Debounce,3,70.1,23.4,https://leetcode.com/problems/debounce,
2005,EASY,Find Valid Pair of Adjacent Digits in String,3,70.0,23.3,https://leetcode.com/problems/find-valid-pair-of-adjacent-digits-in-string,"Hash Table, String, Counting"
2006,MEDIUM,Most Frequent IDs,2,70.0,35.0,https://leetcode.com/problems/most-frequent-ids,"Array, Hash Table, Heap (Priority Queue), Ordered Set"
2007,MEDIUM,Maximum Ice Cream Bars,5,69.8,14.0,https://leetcode.com/problems/maximum-ice-cream-bars,"Array, Greedy, Sorting, Counting Sort"
2008,EASY,Root Equals Sum of Children,5,69.8,14.0,https://leetcode.com/problems/root-equals-sum-of-children,"Tree, Binary Tree"
2009,MEDIUM,Minimum Number of Operations to Make Word K-Periodic,2,69.8,34.9,https://leetcode.com/problems/minimum-number-of-operations-to-make-word-k-periodic,"Hash Table, String, Counting"
2010,MEDIUM,Sum of Digit Differences of All Pairs,2,69.8,34.9,https://leetcode.com/problems/sum-of-digit-differences-of-all-pairs,"Array, Hash Table, Math, Counting"
2011,MEDIUM,Eat Pizzas!,1,69.8,69.8,https://leetcode.com/problems/eat-pizzas,"Array, Greedy, Sorting"
2012,HARD,Maximum Good Subtree Score,1,69.8,69.8,https://leetcode.com/problems/maximum-good-subtree-score,"Array, Dynamic Programming, Bit Manipulation, Tree, Depth-First Search, Bitmask"
2013,EASY,Transform Array by Parity,1,69.8,69.8,https://leetcode.com/problems/transform-array-by-parity,"Array, Sorting, Counting"
2014,HARD,XOR After Range Multiplication Queries II,2,69.7,34.9,https://leetcode.com/problems/xor-after-range-multiplication-queries-ii,"Array, Divide and Conquer, Prefix Sum"
2015,MEDIUM,Stone Game II,5,69.6,13.9,https://leetcode.com/problems/stone-game-ii,"Array, Math, Dynamic Programming, Minimax, Prefix Sum, Game Theory, Zero-Sum Game"
2016,MEDIUM,Find Occurrences of an Element in an Array,1,69.6,69.6,https://leetcode.com/problems/find-occurrences-of-an-element-in-an-array,"Array, Hash Table"
2017,EASY,Minimum Operations to Make Columns Strictly Increasing,1,69.6,69.6,https://leetcode.com/problems/minimum-operations-to-make-columns-strictly-increasing,"Array, Greedy, Matrix"
2018,EASY,String Matching in an Array,5,69.5,13.9,https://leetcode.com/problems/string-matching-in-an-array,"Array, String, String Matching"
2019,EASY,Average Value of Even Numbers That Are Divisible by Three,2,69.5,34.8,https://leetcode.com/problems/average-value-of-even-numbers-that-are-divisible-by-three,"Array, Math"
2020,EASY,Find the Array Concatenation Value,2,69.5,34.8,https://leetcode.com/problems/find-the-array-concatenation-value,"Array, Two Pointers, Simulation"
2021,EASY,Keep Multiplying Found Values by Two,4,69.4,17.3,https://leetcode.com/problems/keep-multiplying-found-values-by-two,"Array, Hash Table, Sorting, Simulation"
2022,EASY,Sum of Root To Leaf Binary Numbers,4,69.2,17.3,https://leetcode.com/problems/sum-of-root-to-leaf-binary-numbers,"Tree, Depth-First Search, Binary Tree"
2023,HARD,Maximum Number of K-Divisible Components,4,69.0,17.2,https://leetcode.com/problems/maximum-number-of-k-divisible-components,"Tree, Depth-First Search"
2024,MEDIUM,Maximum Length of Pair Chain,3,69.0,23.0,https://leetcode.com/problems/maximum-length-of-pair-chain,"Array, Dynamic Programming, Greedy, Sorting, Longest Increasing Subsequence"
2025,EASY,Base 7,4,68.9,17.2,https://leetcode.com/problems/base-7,"Math, String"
2026,HARD,Random Pick with Blacklist,3,68.9,23.0,https://leetcode.com/problems/random-pick-with-blacklist,"Array, Hash Table, Math, Binary Search, Sorting, Randomized"
2027,MEDIUM,Count Submatrices With All Ones,4,68.9,17.2,https://leetcode.com/problems/count-submatrices-with-all-ones,"Array, Dynamic Programming, Stack, Matrix, Monotonic Stack"
2028,EASY,Duplicate Zeros,4,68.7,17.2,https://leetcode.com/problems/duplicate-zeros,"Array, Two Pointers"
2029,MEDIUM,Construct the Lexicographically Largest Valid Sequence,5,68.5,13.7,https://leetcode.com/problems/construct-the-lexicographically-largest-valid-sequence,"Array, Backtracking"
2030,MEDIUM,Longest Balanced Substring After One Swap,2,68.5,34.2,https://leetcode.com/problems/longest-balanced-substring-after-one-swap,"Hash Table, String, Prefix Sum"
2031,MEDIUM,Path Existence Queries in a Graph I,5,68.3,13.7,https://leetcode.com/problems/path-existence-queries-in-a-graph-i,"Array, Hash Table, Binary Search, Union-Find, Graph Theory"
2032,EASY,Minimum Absolute Difference Between Two Values,1,68.2,68.2,https://leetcode.com/problems/minimum-absolute-difference-between-two-values,"Array, Enumeration"
2033,MEDIUM,Design Ride Sharing System,2,67.9,34.0,https://leetcode.com/problems/design-ride-sharing-system,"Hash Table, Design, Queue, Data Stream"
2034,HARD,Rectangle Area II,2,67.9,33.9,https://leetcode.com/problems/rectangle-area-ii,"Array, Segment Tree, Sweep Line, Ordered Set"
2035,EASY,Find Total Time Spent by Each Employee,2,67.8,33.9,https://leetcode.com/problems/find-total-time-spent-by-each-employee,Database
2036,MEDIUM,Make K-Subarray Sums Equal,2,67.8,33.9,https://leetcode.com/problems/make-k-subarray-sums-equal,"Array, Math, Greedy, Sorting, Number Theory"
2037,MEDIUM,Remove Adjacent Almost-Equal Characters,1,67.8,67.8,https://leetcode.com/problems/remove-adjacent-almost-equal-characters,"String, Dynamic Programming, Greedy"
2038,MEDIUM,Count Lattice Points Inside a Circle,1,67.6,67.6,https://leetcode.com/problems/count-lattice-points-inside-a-circle,"Array, Hash Table, Math, Geometry, Enumeration"
2039,EASY,Determine the Winner of a Bowling Game,1,67.6,67.6,https://leetcode.com/problems/determine-the-winner-of-a-bowling-game,"Array, Simulation"
2040,EASY,Find the Maximum Divisibility Score,1,67.6,67.6,https://leetcode.com/problems/find-the-maximum-divisibility-score,Array
2041,HARD,Maximize the Minimum Game Score,1,67.6,67.6,https://leetcode.com/problems/maximize-the-minimum-game-score,"Array, Binary Search, Greedy"
2042,HARD,Maximum Deletions on a String,1,67.6,67.6,https://leetcode.com/problems/maximum-deletions-on-a-string,"String, Dynamic Programming, Rolling Hash, String Matching, Hash Function"
2043,MEDIUM,Median of a Row Wise Sorted Matrix,1,67.6,67.6,https://leetcode.com/problems/median-of-a-row-wise-sorted-matrix,"Array, Binary Search, Matrix"
2044,MEDIUM,Construct Binary Tree from String,2,67.5,33.8,https://leetcode.com/problems/construct-binary-tree-from-string,"String, Stack, Tree, Depth-First Search, Binary Tree"
2045,MEDIUM,Maximum Product After K Increments,2,67.5,33.8,https://leetcode.com/problems/maximum-product-after-k-increments,"Array, Greedy, Heap (Priority Queue)"
2046,HARD,Sum of Beautiful Subsequences,2,67.5,33.8,https://leetcode.com/problems/sum-of-beautiful-subsequences,"Array, Math, Binary Indexed Tree, Number Theory"
2047,MEDIUM,Minimum Number of Operations to Satisfy Conditions,1,67.4,67.4,https://leetcode.com/problems/minimum-number-of-operations-to-satisfy-conditions,"Array, Dynamic Programming, Matrix"
2048,EASY,Maximum Unique Subarray Sum After Deletion,5,67.2,13.4,https://leetcode.com/problems/maximum-unique-subarray-sum-after-deletion,"Array, Hash Table, Greedy"
2049,MEDIUM,Find The First Player to win K Games in a Row,1,67.2,67.2,https://leetcode.com/problems/find-the-first-player-to-win-k-games-in-a-row,"Array, Simulation"
2050,MEDIUM,Lowest Common Ancestor of Deepest Leaves,4,67.0,16.8,https://leetcode.com/problems/lowest-common-ancestor-of-deepest-leaves,"Hash Table, Tree, Depth-First Search, Breadth-First Search, Binary Tree, Binary Lifting, Lowest Common Ancestor, DP on Trees"
2051,MEDIUM,Implement Magic Dictionary,2,66.9,33.5,https://leetcode.com/problems/implement-magic-dictionary,"Hash Table, String, Depth-First Search, Design, Trie"
2052,EASY,Strobogrammatic Number,2,66.9,33.5,https://leetcode.com/problems/strobogrammatic-number,"Hash Table, Two Pointers, String"
2053,EASY,Path Crossing,3,66.7,22.2,https://leetcode.com/problems/path-crossing,"Hash Table, String"
2054,HARD,Find Critical and Pseudo-Critical Edges in Minimum Spanning Tree,4,66.6,16.6,https://leetcode.com/problems/find-critical-and-pseudo-critical-edges-in-minimum-spanning-tree,"Union-Find, Graph Theory, Sorting, Minimum Spanning Tree, Strongly Connected Component, Prim's Algorithm, Kruskal's Algorithm, Borůvka's Algorithm"
2055,MEDIUM,Tuple with Same Product,5,66.5,13.3,https://leetcode.com/problems/tuple-with-same-product,"Array, Hash Table, Counting"
2056,EASY,Valid Phone Numbers,4,66.4,16.6,https://leetcode.com/problems/valid-phone-numbers,Shell
2057,MEDIUM,Jump Game VII,4,65.8,16.5,https://leetcode.com/problems/jump-game-vii,"String, Dynamic Programming, Sliding Window, Prefix Sum"
2058,MEDIUM,Soup Servings,3,65.8,21.9,https://leetcode.com/problems/soup-servings,"Math, Dynamic Programming, Probability and Statistics"
2059,MEDIUM,Remove Nodes From Linked List,4,65.7,16.4,https://leetcode.com/problems/remove-nodes-from-linked-list,"Linked List, Stack, Recursion, Monotonic Stack"
2060,EASY,Apply Operations to an Array,5,65.6,13.1,https://leetcode.com/problems/apply-operations-to-an-array,"Array, Two Pointers, Simulation"
2061,MEDIUM,Minimize Rounding Error to Meet Target,1,65.5,65.5,https://leetcode.com/problems/minimize-rounding-error-to-meet-target,"Array, Math, String, Greedy, Sorting"
2062,HARD,Minimum Number of Flips to Convert Binary Matrix to Zero Matrix,1,65.5,65.5,https://leetcode.com/problems/minimum-number-of-flips-to-convert-binary-matrix-to-zero-matrix,"Array, Hash Table, Bit Manipulation, Breadth-First Search, Matrix"
2063,MEDIUM,Number of Ways to Build House of Cards,1,65.5,65.5,https://leetcode.com/problems/number-of-ways-to-build-house-of-cards,"Math, Dynamic Programming"
2064,MEDIUM,Strings Differ by One Character,1,65.5,65.5,https://leetcode.com/problems/strings-differ-by-one-character,"Hash Table, String, Rolling Hash, Hash Function"
2065,EASY,Zigzag Grid Traversal With Skip,3,65.4,21.8,https://leetcode.com/problems/zigzag-grid-traversal-with-skip,"Array, Matrix, Simulation"
2066,MEDIUM,Filling Bookcase Shelves,2,65.3,32.7,https://leetcode.com/problems/filling-bookcase-shelves,"Array, Dynamic Programming"
2067,MEDIUM,Number of Trusted Contacts of a Customer,1,65.3,65.3,https://leetcode.com/problems/number-of-trusted-contacts-of-a-customer,Database
2068,MEDIUM,Divide Array Into Arrays With Max Difference,5,65.2,13.0,https://leetcode.com/problems/divide-array-into-arrays-with-max-difference,"Array, Greedy, Sorting"
2069,HARD,Maximum Total Value,1,65.2,65.2,https://leetcode.com/problems/maximum-total-value,"Array, Math, Binary Search, Greedy"
2070,HARD,Minimum Reverse Operations,1,65.2,65.2,https://leetcode.com/problems/minimum-reverse-operations,"Array, Hash Table, Breadth-First Search, Union-Find, Ordered Set"
2071,HARD,Stone Game VIII,1,65.2,65.2,https://leetcode.com/problems/stone-game-viii,"Array, Math, Dynamic Programming, Minimax, Prefix Sum, Game Theory, Zero-Sum Game"
2072,EASY,Detect Capital,4,65.0,16.2,https://leetcode.com/problems/detect-capital,String
2073,MEDIUM,Smallest Subtree with all the Deepest Nodes,4,65.0,16.2,https://leetcode.com/problems/smallest-subtree-with-all-the-deepest-nodes,"Hash Table, Tree, Depth-First Search, Breadth-First Search, Binary Tree, Binary Lifting, Lowest Common Ancestor, DP on Trees"
2074,MEDIUM,Friends Of Appropriate Ages,3,65.0,21.7,https://leetcode.com/problems/friends-of-appropriate-ages,"Array, Two Pointers, Binary Search, Sorting"
2075,HARD,Paths in Matrix Whose Sum Is Divisible by K,4,64.9,16.2,https://leetcode.com/problems/paths-in-matrix-whose-sum-is-divisible-by-k,"Array, Dynamic Programming, Matrix"
2076,MEDIUM,Find Missing Observations,4,64.7,16.2,https://leetcode.com/problems/find-missing-observations,"Array, Math, Simulation"
2077,MEDIUM,Increment Submatrices by One,3,64.7,21.6,https://leetcode.com/problems/increment-submatrices-by-one,"Array, Matrix, Prefix Sum"
2078,HARD,Chalkboard XOR Game,2,64.7,32.4,https://leetcode.com/problems/chalkboard-xor-game,"Array, Math, Bit Manipulation, Brainteaser, Game Theory, Zero-Sum Game, Impartial Game"
2079,EASY,Determine Whether Matrix Can Be Obtained By Rotation,4,64.5,16.1,https://leetcode.com/problems/determine-whether-matrix-can-be-obtained-by-rotation,"Array, Matrix"
2080,MEDIUM,Activity Participants,1,64.5,64.5,https://leetcode.com/problems/activity-participants,Database
2081,HARD,Find Products of Elements of Big Array,1,64.5,64.5,https://leetcode.com/problems/find-products-of-elements-of-big-array,"Array, Binary Search, Bit Manipulation"
2082,MEDIUM,Maximum Profitable Triplets With Increasing Prices I,1,64.5,64.5,https://leetcode.com/problems/maximum-profitable-triplets-with-increasing-prices-i,"Array, Binary Indexed Tree, Segment Tree"
2083,HARD,Maximum Profitable Triplets With Increasing Prices II,1,64.5,64.5,https://leetcode.com/problems/maximum-profitable-triplets-with-increasing-prices-ii,"Array, Binary Indexed Tree, Segment Tree"
2084,MEDIUM,Minimum Length of String After Operations,1,64.5,64.5,https://leetcode.com/problems/minimum-length-of-string-after-operations,"Hash Table, String, Counting"
2085,MEDIUM,Minimum Levels to Gain More Points,1,64.5,64.5,https://leetcode.com/problems/minimum-levels-to-gain-more-points,"Array, Prefix Sum"
2086,MEDIUM,Minimum Operations to Make Median of Array Equal to K,1,64.5,64.5,https://leetcode.com/problems/minimum-operations-to-make-median-of-array-equal-to-k,"Array, Greedy, Sorting"
2087,MEDIUM,Number of Equal Count Substrings,1,64.4,64.4,https://leetcode.com/problems/number-of-equal-count-substrings,"Hash Table, String, Sliding Window, Counting"
2088,EASY,Sort Array By Parity II,5,64.3,12.9,https://leetcode.com/problems/sort-array-by-parity-ii,"Array, Two Pointers, Sorting"
2089,MEDIUM,Words Within Two Edits of Dictionary,4,64.3,16.1,https://leetcode.com/problems/words-within-two-edits-of-dictionary,"Array, String, Trie"
2090,MEDIUM,Find Minimum Time to Reach Last Room II,3,64.3,21.4,https://leetcode.com/problems/find-minimum-time-to-reach-last-room-ii,"Array, Graph Theory, Heap (Priority Queue), Matrix, Shortest Path"
2091,EASY,Lexicographically Smallest Palindrome,3,64.3,21.4,https://leetcode.com/problems/lexicographically-smallest-palindrome,"Two Pointers, String, Greedy"
2092,MEDIUM,Previous Permutation With One Swap,2,64.3,32.1,https://leetcode.com/problems/previous-permutation-with-one-swap,"Array, Greedy"
2093,HARD,Find the Count of Monotonic Pairs II,1,64.2,64.2,https://leetcode.com/problems/find-the-count-of-monotonic-pairs-ii,"Array, Math, Dynamic Programming, Combinatorics, Prefix Sum"
2094,HARD,Maximum Number of Points From Grid Queries,5,64.2,12.8,https://leetcode.com/problems/maximum-number-of-points-from-grid-queries,"Array, Two Pointers, Breadth-First Search, Union-Find, Sorting, Heap (Priority Queue), Matrix"
2095,EASY,Find Common Elements Between Two Arrays,5,64.0,12.8,https://leetcode.com/problems/find-common-elements-between-two-arrays,"Array, Hash Table"
2096,MEDIUM,Find Unique Binary String,5,64.0,12.8,https://leetcode.com/problems/find-unique-binary-string,"Array, Hash Table, String, Backtracking"
2097,MEDIUM,Fair Distribution of Cookies,2,64.0,32.0,https://leetcode.com/problems/fair-distribution-of-cookies,"Array, Dynamic Programming, Backtracking, Bit Manipulation, Bitmask"
2098,MEDIUM,HTML Entity Parser,3,63.9,21.3,https://leetcode.com/problems/html-entity-parser,"Hash Table, String"
2099,MEDIUM,Find All Lonely Numbers in the Array,2,63.9,31.9,https://leetcode.com/problems/find-all-lonely-numbers-in-the-array,"Array, Hash Table, Counting"
2100,MEDIUM,Minimum Number of Work Sessions to Finish the Tasks,2,63.9,31.9,https://leetcode.com/problems/minimum-number-of-work-sessions-to-finish-the-tasks,"Array, Dynamic Programming, Backtracking, Bit Manipulation, Bitmask"
2101,EASY,Largest Triangle Area,3,63.8,21.3,https://leetcode.com/problems/largest-triangle-area,"Array, Math, Geometry, Polygons"
2102,HARD,Count Valid Paths in a Tree,1,63.8,63.8,https://leetcode.com/problems/count-valid-paths-in-a-tree,"Math, Dynamic Programming, Tree, Depth-First Search, Number Theory, Primality Test, Sieve Theory, Prime Number Sieve"
2103,MEDIUM,Count the Number of Substrings With Dominant Ones,5,63.5,12.7,https://leetcode.com/problems/count-the-number-of-substrings-with-dominant-ones,"String, Enumeration"
2104,MEDIUM,Remove K-Balanced Substrings,2,63.4,31.7,https://leetcode.com/problems/remove-k-balanced-substrings,"String, Stack, Simulation"
2105,HARD,Count Number of Trapezoids II,2,63.2,31.6,https://leetcode.com/problems/count-number-of-trapezoids-ii,"Array, Hash Table, Math, Geometry"
2106,EASY,Determine if Two Events Have Conflict,2,63.1,31.6,https://leetcode.com/problems/determine-if-two-events-have-conflict,"Array, String"
2107,MEDIUM,Solving Questions With Brainpower,5,63.0,12.6,https://leetcode.com/problems/solving-questions-with-brainpower,"Array, Dynamic Programming"
2108,HARD,Kth Ancestor of a Tree Node,4,63.0,15.8,https://leetcode.com/problems/kth-ancestor-of-a-tree-node,"Binary Search, Dynamic Programming, Bit Manipulation, Tree, Depth-First Search, Breadth-First Search, Design, Binary Lifting"
2109,MEDIUM,My Calendar II,3,63.0,21.0,https://leetcode.com/problems/my-calendar-ii,"Array, Binary Search, Design, Segment Tree, Prefix Sum, Ordered Set"
2110,HARD,Paint House II,2,62.8,31.4,https://leetcode.com/problems/paint-house-ii,"Array, Dynamic Programming"
2111,HARD,Stamping The Sequence,1,62.8,62.8,https://leetcode.com/problems/stamping-the-sequence,"String, Stack, Greedy, Queue"
2112,MEDIUM,The Number of the Smallest Unoccupied Chair,4,62.6,15.7,https://leetcode.com/problems/the-number-of-the-smallest-unoccupied-chair,"Array, Hash Table, Heap (Priority Queue)"
2113,MEDIUM,Make a Positive Array,1,62.6,62.6,https://leetcode.com/problems/make-a-positive-array,"Array, Greedy, Prefix Sum"
2114,MEDIUM,Minimum Number of Valid Strings to Form Target I,1,62.6,62.6,https://leetcode.com/problems/minimum-number-of-valid-strings-to-form-target-i,"Array, String, Binary Search, Dynamic Programming, Greedy, Trie, Segment Tree, Rolling Hash, String Matching, Hash Function"
2115,MEDIUM,Most Popular Video Creator,2,62.6,31.3,https://leetcode.com/problems/most-popular-video-creator,"Array, Hash Table, String, Sorting, Heap (Priority Queue)"
2116,EASY,Element Appearing More Than 25% In Sorted Array,4,62.5,15.6,https://leetcode.com/problems/element-appearing-more-than-25-in-sorted-array,Array
2117,MEDIUM,Maximum Manhattan Distance After K Changes,4,62.5,15.6,https://leetcode.com/problems/maximum-manhattan-distance-after-k-changes,"Hash Table, Math, String, Counting"
2118,MEDIUM,Can Convert String in K Moves,1,62.5,62.5,https://leetcode.com/problems/can-convert-string-in-k-moves,"Hash Table, String"
2119,HARD,Count Non Adjacent Subsets in a Rooted Tree,1,62.5,62.5,https://leetcode.com/problems/count-non-adjacent-subsets-in-a-rooted-tree,"Array, Dynamic Programming, Tree, Depth-First Search"
2120,MEDIUM,Determine the Minimum Sum of a k-avoiding Array,1,62.5,62.5,https://leetcode.com/problems/determine-the-minimum-sum-of-a-k-avoiding-array,"Math, Greedy"
2121,MEDIUM,Find the Minimum Possible Sum of a Beautiful Array,1,62.5,62.5,https://leetcode.com/problems/find-the-minimum-possible-sum-of-a-beautiful-array,"Math, Greedy"
2122,MEDIUM,Largest Number After Mutating Substring,1,62.5,62.5,https://leetcode.com/problems/largest-number-after-mutating-substring,"Array, String, Greedy"
2123,MEDIUM,Maximum Number of Consecutive Values You Can Make,1,62.5,62.5,https://leetcode.com/problems/maximum-number-of-consecutive-values-you-can-make,"Array, Greedy, Sorting"
2124,HARD,Number of Beautiful Integers in the Range,1,62.5,62.5,https://leetcode.com/problems/number-of-beautiful-integers-in-the-range,"Math, Dynamic Programming"
2125,MEDIUM,Number of Nodes With Value One,1,62.5,62.5,https://leetcode.com/problems/number-of-nodes-with-value-one,"Array, Tree, Depth-First Search, Breadth-First Search, Binary Tree"
2126,HARD,Stamping the Grid,1,62.4,62.4,https://leetcode.com/problems/stamping-the-grid,"Array, Greedy, Matrix, Prefix Sum"
2127,EASY,Function Composition,5,62.3,12.5,https://leetcode.com/problems/function-composition,
2128,MEDIUM,Count Alternating Subarrays,1,62.3,62.3,https://leetcode.com/problems/count-alternating-subarrays,"Array, Math"
2129,EASY,Row With Maximum Ones,4,62.2,15.5,https://leetcode.com/problems/row-with-maximum-ones,"Array, Matrix"
2130,HARD,Transform to Chessboard,2,62.1,31.1,https://leetcode.com/problems/transform-to-chessboard,"Array, Math, Bit Manipulation, Matrix"
2131,EASY,Minimum Number of Operations to Make Elements in Array Distinct,5,62.0,12.4,https://leetcode.com/problems/minimum-number-of-operations-to-make-elements-in-array-distinct,"Array, Hash Table"
2132,MEDIUM,Expressive Words,2,62.0,31.0,https://leetcode.com/problems/expressive-words,"Array, Two Pointers, String"
2133,EASY,Special Array With X Elements Greater Than or Equal X,5,61.8,12.4,https://leetcode.com/problems/special-array-with-x-elements-greater-than-or-equal-x,"Array, Binary Search, Sorting"
2134,MEDIUM,Check if Number is a Sum of Powers of Three,4,61.7,15.4,https://leetcode.com/problems/check-if-number-is-a-sum-of-powers-of-three,Math
2135,HARD,Minimum Operations to Equalize Binary String,4,61.7,15.4,https://leetcode.com/problems/minimum-operations-to-equalize-binary-string,"Math, String, Breadth-First Search, Union-Find, Ordered Set"
2136,MEDIUM,Find the Punishment Number of an Integer,4,61.7,15.4,https://leetcode.com/problems/find-the-punishment-number-of-an-integer,"Math, Backtracking"
2137,MEDIUM,Process String with Special Operations I,4,61.6,15.4,https://leetcode.com/problems/process-string-with-special-operations-i,"String, Simulation"
2138,HARD,Find Median Given Frequency of Numbers,1,61.5,61.5,https://leetcode.com/problems/find-median-given-frequency-of-numbers,Database
2139,MEDIUM,Bitwise AND of Numbers Range,5,61.4,12.3,https://leetcode.com/problems/bitwise-and-of-numbers-range,Bit Manipulation
2140,MEDIUM,Count Numbers with Unique Digits,5,61.3,12.3,https://leetcode.com/problems/count-numbers-with-unique-digits,"Math, Dynamic Programming, Backtracking"
2141,MEDIUM,Smallest Palindromic Rearrangement I,5,61.3,12.3,https://leetcode.com/problems/smallest-palindromic-rearrangement-i,"String, Sorting, Counting Sort"
2142,EASY,Counting Words With a Given Prefix,4,61.2,15.3,https://leetcode.com/problems/counting-words-with-a-given-prefix,"Array, String, String Matching"
2143,MEDIUM,Count Total Number of Colored Cells,5,61.1,12.2,https://leetcode.com/problems/count-total-number-of-colored-cells,Math
2144,MEDIUM,Shortest Path to Get Food,2,61.1,30.5,https://leetcode.com/problems/shortest-path-to-get-food,"Array, Breadth-First Search, Matrix"
2145,MEDIUM,Array Nesting,3,61.0,20.3,https://leetcode.com/problems/array-nesting,"Array, Depth-First Search"
2146,MEDIUM,Count Number of Bad Pairs,4,60.9,15.2,https://leetcode.com/problems/count-number-of-bad-pairs,"Array, Hash Table, Math, Counting"
2147,EASY,Longest Nice Substring,4,60.8,15.2,https://leetcode.com/problems/longest-nice-substring,"Hash Table, String, Divide and Conquer, Bit Manipulation, Sliding Window"
2148,MEDIUM,Minimum Domino Rotations For Equal Row,4,60.8,15.2,https://leetcode.com/problems/minimum-domino-rotations-for-equal-row,"Array, Greedy"
2149,MEDIUM,Find X Value of Array I,1,60.8,60.8,https://leetcode.com/problems/find-x-value-of-array-i,"Array, Math, Dynamic Programming"
2150,HARD,Find X Value of Array II,1,60.8,60.8,https://leetcode.com/problems/find-x-value-of-array-ii,"Array, Math, Segment Tree"
2151,MEDIUM,Reveal Cards In Increasing Order,4,60.6,15.2,https://leetcode.com/problems/reveal-cards-in-increasing-order,"Array, Queue, Sorting, Simulation"
2152,HARD,Find the Original Typed String II,5,60.5,12.1,https://leetcode.com/problems/find-the-original-typed-string-ii,"String, Dynamic Programming, Prefix Sum"
2153,EASY,Divisible and Non-divisible Sums Difference,4,60.5,15.1,https://leetcode.com/problems/divisible-and-non-divisible-sums-difference,Math
2154,MEDIUM,Maximize Active Section with Trade I,5,60.5,12.1,https://leetcode.com/problems/maximize-active-section-with-trade-i,"String, Enumeration"
2155,MEDIUM,Find the Maximum Length of Valid Subsequence I,4,60.3,15.1,https://leetcode.com/problems/find-the-maximum-length-of-valid-subsequence-i,"Array, Dynamic Programming"
2156,MEDIUM,Longest Absolute File Path,4,60.2,15.0,https://leetcode.com/problems/longest-absolute-file-path,"String, Stack, Depth-First Search"
2157,MEDIUM,Insertion Sort List,5,60.0,12.0,https://leetcode.com/problems/insertion-sort-list,"Linked List, Sorting"
2158,HARD,Shortest Path Visiting All Nodes,4,60.0,15.0,https://leetcode.com/problems/shortest-path-visiting-all-nodes,"Dynamic Programming, Bit Manipulation, Breadth-First Search, Graph Theory, Bitmask"
2159,HARD,Minimum Deletions to Make Array Divisible,3,60.0,20.0,https://leetcode.com/problems/minimum-deletions-to-make-array-divisible,"Array, Math, Sorting, Heap (Priority Queue), Number Theory, Euclidean Algorithm, Greatest Common Divisor"
2160,EASY,Relative Ranks,3,60.0,20.0,https://leetcode.com/problems/relative-ranks,"Array, Sorting, Heap (Priority Queue)"
2161,MEDIUM,Max Consecutive Ones II,4,59.8,15.0,https://leetcode.com/problems/max-consecutive-ones-ii,"Array, Dynamic Programming, Sliding Window"
2162,HARD,Patching Array,4,59.8,14.9,https://leetcode.com/problems/patching-array,"Array, Greedy"
2163,MEDIUM,Minimum Cost to Make All Characters Equal,1,59.8,59.8,https://leetcode.com/problems/minimum-cost-to-make-all-characters-equal,"String, Dynamic Programming, Greedy"
2164,MEDIUM,Minimum Time to Visit All Houses,1,59.6,59.6,https://leetcode.com/problems/minimum-time-to-visit-all-houses,"Array, Prefix Sum"
2165,MEDIUM,Count Subarrays With Majority Element I,5,59.4,11.9,https://leetcode.com/problems/count-subarrays-with-majority-element-i,"Array, Hash Table, Divide and Conquer, Segment Tree, Merge Sort, Counting, Prefix Sum"
2166,MEDIUM,Binary Searchable Numbers in an Unsorted Array,3,59.3,19.8,https://leetcode.com/problems/binary-searchable-numbers-in-an-unsorted-array,"Array, Binary Search, Stack, Monotonic Stack"
2167,HARD,Minimum Cost Good Caption,1,59.3,59.3,https://leetcode.com/problems/minimum-cost-good-caption,"String, Dynamic Programming"
2168,HARD,Minimum Operations to Make Character Frequencies Equal,1,59.3,59.3,https://leetcode.com/problems/minimum-operations-to-make-character-frequencies-equal,"Hash Table, String, Dynamic Programming, Counting, Enumeration"
2169,MEDIUM,Count Mentions Per User,3,59.2,19.7,https://leetcode.com/problems/count-mentions-per-user,"Array, Math, Sorting, Simulation"
2170,HARD,Minimum Possible Integer After at Most K Adjacent Swaps On Digits,1,59.2,59.2,https://leetcode.com/problems/minimum-possible-integer-after-at-most-k-adjacent-swaps-on-digits,"String, Greedy, Binary Indexed Tree, Segment Tree"
2171,HARD,Valid Arrangement of Pairs,3,59.1,19.7,https://leetcode.com/problems/valid-arrangement-of-pairs,"Array, Depth-First Search, Graph Theory, Eulerian Circuit, Eulerian Path, Semi-Eulerian Graph"
2172,HARD,Number of Squareful Arrays,2,59.1,29.6,https://leetcode.com/problems/number-of-squareful-arrays,"Array, Hash Table, Math, Dynamic Programming, Backtracking, Bit Manipulation, Bitmask"
2173,MEDIUM,Circular Array Loop,4,59.0,14.8,https://leetcode.com/problems/circular-array-loop,"Array, Hash Table, Two Pointers, Floyd's Cycle Finding Algorithm"
2174,MEDIUM,Execute Asynchronous Functions in Parallel,1,59.0,59.0,https://leetcode.com/problems/execute-asynchronous-functions-in-parallel,
2175,EASY,Actors and Directors Who Cooperated At Least Three Times,4,58.9,14.7,https://leetcode.com/problems/actors-and-directors-who-cooperated-at-least-three-times,Database
2176,EASY,Hamming Distance,4,58.8,14.7,https://leetcode.com/problems/hamming-distance,Bit Manipulation
2177,MEDIUM,Get Equal Substrings Within Budget,3,58.8,19.6,https://leetcode.com/problems/get-equal-substrings-within-budget,"String, Binary Search, Sliding Window, Prefix Sum"
2178,EASY,Shortest Distance to a Character,4,58.7,14.7,https://leetcode.com/problems/shortest-distance-to-a-character,"Array, Two Pointers, String"
2179,MEDIUM,Minimum Time for K Connected Components,2,58.7,29.4,https://leetcode.com/problems/minimum-time-for-k-connected-components,"Binary Search, Union-Find, Graph Theory, Sorting"
2180,EASY,Best Poker Hand,2,58.6,29.3,https://leetcode.com/problems/best-poker-hand,"Array, Hash Table, Counting"
2181,MEDIUM,Mice and Cheese,2,58.6,29.3,https://leetcode.com/problems/mice-and-cheese,"Array, Greedy, Sorting, Heap (Priority Queue)"
2182,HARD,Minimum Swaps To Make Sequences Increasing,4,58.5,14.6,https://leetcode.com/problems/minimum-swaps-to-make-sequences-increasing,"Array, Dynamic Programming"
2183,MEDIUM,Ways to Express an Integer as Sum of Powers,4,58.5,14.6,https://leetcode.com/problems/ways-to-express-an-integer-as-sum-of-powers,Dynamic Programming
2184,MEDIUM,Reschedule Meetings for Maximum Free Time I,4,58.4,14.6,https://leetcode.com/problems/reschedule-meetings-for-maximum-free-time-i,"Array, Greedy, Sliding Window"
2185,EASY,Find Greatest Common Divisor of Array,4,58.3,14.6,https://leetcode.com/problems/find-greatest-common-divisor-of-array,"Array, Math, Number Theory, Euclidean Algorithm, Greatest Common Divisor"
2186,MEDIUM,Linked List Components,4,58.3,14.6,https://leetcode.com/problems/linked-list-components,"Array, Hash Table, Linked List"
2187,EASY,Number of Equivalent Domino Pairs,3,58.2,19.4,https://leetcode.com/problems/number-of-equivalent-domino-pairs,"Array, Hash Table, Counting"
2188,MEDIUM,Count Collisions of Monkeys on a Polygon,3,58.1,19.4,https://leetcode.com/problems/count-collisions-of-monkeys-on-a-polygon,"Math, Recursion"
2189,HARD,Number of ZigZag Arrays I,5,57.8,11.6,https://leetcode.com/problems/number-of-zigzag-arrays-i,"Dynamic Programming, Prefix Sum"
2190,EASY,Sum of Digits of String After Convert,5,57.8,11.6,https://leetcode.com/problems/sum-of-digits-of-string-after-convert,"String, Simulation"
2191,MEDIUM,Count Number of Trapezoids I,3,57.8,19.3,https://leetcode.com/problems/count-number-of-trapezoids-i,"Array, Hash Table, Math, Geometry"
2192,EASY,Minimum Absolute Difference in BST,3,57.6,19.2,https://leetcode.com/problems/minimum-absolute-difference-in-bst,"Tree, Depth-First Search, Breadth-First Search, Binary Search Tree, Binary Tree"
2193,MEDIUM,Find the Lexicographically Largest String From the Box I,5,57.5,11.5,https://leetcode.com/problems/find-the-lexicographically-largest-string-from-the-box-i,"Two Pointers, String, Enumeration"
2194,MEDIUM,Convert BST to Greater Tree,4,57.3,14.3,https://leetcode.com/problems/convert-bst-to-greater-tree,"Tree, Depth-First Search, Binary Search Tree, Binary Tree"
2195,EASY,Chunk Array,2,57.1,28.6,https://leetcode.com/problems/chunk-array,
2196,EASY,Existence of a Substring in a String and Its Reverse,1,57.0,57.0,https://leetcode.com/problems/existence-of-a-substring-in-a-string-and-its-reverse,"Hash Table, String"
2197,HARD,Find the Sum of Subsequence Powers,1,57.0,57.0,https://leetcode.com/problems/find-the-sum-of-subsequence-powers,"Array, Dynamic Programming, Sorting"
2198,EASY,Print in Order,2,56.4,28.2,https://leetcode.com/problems/print-in-order,Concurrency
2199,EASY,Maximum Score After Splitting a String,3,56.3,18.8,https://leetcode.com/problems/maximum-score-after-splitting-a-string,"String, Prefix Sum"
2200,MEDIUM,Cutting Ribbons,2,56.3,28.1,https://leetcode.com/problems/cutting-ribbons,"Array, Binary Search"
2201,EASY,Sum of Unique Elements,4,56.2,14.1,https://leetcode.com/problems/sum-of-unique-elements,"Array, Hash Table, Counting"
2202,HARD,Count of Integers,2,56.1,28.1,https://leetcode.com/problems/count-of-integers,"Math, String, Dynamic Programming"
2203,EASY,GCD of Odd and Even Sums,4,56.1,14.0,https://leetcode.com/problems/gcd-of-odd-and-even-sums,"Math, Number Theory"
2204,MEDIUM,Maximum Subarray Sum With Length Divisible by K,4,56.0,14.0,https://leetcode.com/problems/maximum-subarray-sum-with-length-divisible-by-k,"Array, Hash Table, Prefix Sum"
2205,MEDIUM,Count Unhappy Friends,2,56.0,28.0,https://leetcode.com/problems/count-unhappy-friends,"Array, Simulation"
2206,EASY,Count the Number of Incremovable Subarrays I,2,56.0,28.0,https://leetcode.com/problems/count-the-number-of-incremovable-subarrays-i,"Array, Two Pointers, Binary Search, Enumeration"
2207,MEDIUM,Reschedule Meetings for Maximum Free Time II,4,55.9,14.0,https://leetcode.com/problems/reschedule-meetings-for-maximum-free-time-ii,"Array, Greedy, Enumeration"
2208,HARD,Maximize Value of Function in a Ball Passing Game,1,55.8,55.8,https://leetcode.com/problems/maximize-value-of-function-in-a-ball-passing-game,"Array, Dynamic Programming, Bit Manipulation"
2209,MEDIUM,Word Squares II,1,55.8,55.8,https://leetcode.com/problems/word-squares-ii,"Array, String, Backtracking, Sorting, Enumeration"
2210,MEDIUM,Maximum XOR for Each Query,2,55.7,27.9,https://leetcode.com/problems/maximum-xor-for-each-query,"Array, Bit Manipulation, Prefix Sum"
2211,HARD,Shortest Path in a Weighted Tree,1,55.7,55.7,https://leetcode.com/problems/shortest-path-in-a-weighted-tree,"Array, Tree, Depth-First Search, Binary Indexed Tree, Segment Tree"
2212,MEDIUM,Maximum Total Subarray Value I,4,55.5,13.9,https://leetcode.com/problems/maximum-total-subarray-value-i,"Array, Greedy"
2213,EASY,Counter II,3,55.4,18.5,https://leetcode.com/problems/counter-ii,
2214,EASY,Sum of All Odd Length Subarrays,3,55.2,18.4,https://leetcode.com/problems/sum-of-all-odd-length-subarrays,"Array, Math, Prefix Sum"
2215,MEDIUM,Beautiful Towers I,1,55.1,55.1,https://leetcode.com/problems/beautiful-towers-i,"Array, Stack, Monotonic Stack"
2216,MEDIUM,Beautiful Towers II,1,55.1,55.1,https://leetcode.com/problems/beautiful-towers-ii,"Array, Stack, Monotonic Stack"
2217,EASY,Check If a Number Is Majority Element in a Sorted Array,1,55.1,55.1,https://leetcode.com/problems/check-if-a-number-is-majority-element-in-a-sorted-array,"Array, Binary Search"
2218,EASY,Check Whether Two Strings are Almost Equivalent,1,55.1,55.1,https://leetcode.com/problems/check-whether-two-strings-are-almost-equivalent,"Hash Table, String, Counting"
2219,MEDIUM,Equalize Strings by Adding or Removing Characters at Ends,1,55.1,55.1,https://leetcode.com/problems/equalize-strings-by-adding-or-removing-characters-at-ends,"String, Binary Search, Dynamic Programming, Sliding Window, Hash Function"
2220,HARD,Find Subarray With Bitwise OR Closest to K,1,55.1,55.1,https://leetcode.com/problems/find-subarray-with-bitwise-or-closest-to-k,"Array, Binary Search, Bit Manipulation, Segment Tree"
2221,HARD,Find the Last Marked Nodes in Tree,1,55.1,55.1,https://leetcode.com/problems/find-the-last-marked-nodes-in-tree,"Tree, Depth-First Search"
2222,HARD,Maximize Grid Happiness,1,55.1,55.1,https://leetcode.com/problems/maximize-grid-happiness,"Dynamic Programming, Bit Manipulation, Memoization, Bitmask"
2223,EASY,Maximum Height of a Triangle,1,55.1,55.1,https://leetcode.com/problems/maximum-height-of-a-triangle,"Array, Enumeration"
2224,MEDIUM,Maximum Number That Makes Result of Bitwise AND Zero,1,55.1,55.1,https://leetcode.com/problems/maximum-number-that-makes-result-of-bitwise-and-zero,"String, Greedy, Sorting"
2225,MEDIUM,Number of Self-Divisible Permutations,1,55.1,55.1,https://leetcode.com/problems/number-of-self-divisible-permutations,"Array, Math, Dynamic Programming, Backtracking, Bit Manipulation, Number Theory, Bitmask"
2226,MEDIUM,Range Sum Query 2D - Mutable,3,55.0,18.3,https://leetcode.com/problems/range-sum-query-2d-mutable,"Array, Design, Binary Indexed Tree, Segment Tree, Matrix, Sqrt Decomposition"
2227,MEDIUM,Adding Spaces to a String,5,55.0,11.0,https://leetcode.com/problems/adding-spaces-to-a-string,"Array, Two Pointers, String, Simulation"
2228,EASY,Check if a String Is an Acronym of Words,2,54.9,27.4,https://leetcode.com/problems/check-if-a-string-is-an-acronym-of-words,"Array, String"
2229,MEDIUM,Number of Substrings With Only 1s,3,54.8,18.3,https://leetcode.com/problems/number-of-substrings-with-only-1s,"Math, String"
2230,MEDIUM,Build an Array With Stack Operations,4,54.7,13.7,https://leetcode.com/problems/build-an-array-with-stack-operations,"Array, Stack, Simulation"
2231,MEDIUM,Find the Score of All Prefixes of an Array,1,54.4,54.4,https://leetcode.com/problems/find-the-score-of-all-prefixes-of-an-array,"Array, Prefix Sum"
2232,MEDIUM,Incremental Memory Leak,1,54.4,54.4,https://leetcode.com/problems/incremental-memory-leak,"Math, Simulation"
2233,HARD,Minimum Moves to Pick K Ones,1,54.4,54.4,https://leetcode.com/problems/minimum-moves-to-pick-k-ones,"Array, Greedy, Sliding Window, Prefix Sum"
2234,EASY,The K Weakest Rows in a Matrix,5,54.3,10.9,https://leetcode.com/problems/the-k-weakest-rows-in-a-matrix,"Array, Binary Search, Sorting, Heap (Priority Queue), Matrix"
2235,HARD,Count Vowels Permutation,1,54.3,54.3,https://leetcode.com/problems/count-vowels-permutation,Dynamic Programming
2236,MEDIUM,Maximum Coin Collection ,1,54.1,54.1,https://leetcode.com/problems/maximum-coin-collection,"Array, Dynamic Programming"
2237,EASY,Left and Right Sum Differences,4,53.8,13.4,https://leetcode.com/problems/left-and-right-sum-differences,"Array, Prefix Sum"
2238,HARD,Stone Game III,4,53.8,13.4,https://leetcode.com/problems/stone-game-iii,"Array, Math, Dynamic Programming, Minimax, Game Theory, Zero-Sum Game"
2239,HARD,Maximum Difference Between Even and Odd Frequency II,5,53.4,10.7,https://leetcode.com/problems/maximum-difference-between-even-and-odd-frequency-ii,"String, Sliding Window, Enumeration, Prefix Sum"
2240,HARD,Find the Shortest Superstring,2,53.4,26.7,https://leetcode.com/problems/find-the-shortest-superstring,"Array, String, Dynamic Programming, Bit Manipulation, Bitmask, Hamiltonian Path"
2241,EASY,Count Distinct Numbers on Board,1,53.4,53.4,https://leetcode.com/problems/count-distinct-numbers-on-board,"Array, Hash Table, Math, Simulation"
2242,MEDIUM,Count the Number of Houses at a Certain Distance I,1,53.4,53.4,https://leetcode.com/problems/count-the-number-of-houses-at-a-certain-distance-i,"Breadth-First Search, Graph Theory, Prefix Sum"
2243,HARD,Count the Number of Houses at a Certain Distance II,1,53.4,53.4,https://leetcode.com/problems/count-the-number-of-houses-at-a-certain-distance-ii,"Graph Theory, Prefix Sum"
2244,EASY,Average of Levels in Binary Tree,4,53.2,13.3,https://leetcode.com/problems/average-of-levels-in-binary-tree,"Tree, Depth-First Search, Breadth-First Search, Binary Tree"
2245,MEDIUM,Fruits Into Baskets III,4,53.2,13.3,https://leetcode.com/problems/fruits-into-baskets-iii,"Array, Binary Search, Segment Tree, Ordered Set"
2246,MEDIUM,Shortest Path in a Hidden Grid,3,53.2,17.7,https://leetcode.com/problems/shortest-path-in-a-hidden-grid,"Array, Depth-First Search, Breadth-First Search, Matrix, Interactive"
2247,MEDIUM,Calculate Score After Performing Instructions,1,53.1,53.1,https://leetcode.com/problems/calculate-score-after-performing-instructions,"Array, Hash Table, String, Simulation"
2248,MEDIUM,Maximize Score of Numbers in Ranges,2,53.0,26.5,https://leetcode.com/problems/maximize-score-of-numbers-in-ranges,"Array, Binary Search, Greedy, Sorting"
2249,MEDIUM,Maximum Number of Distinct Elements After Operations,4,52.8,13.2,https://leetcode.com/problems/maximum-number-of-distinct-elements-after-operations,"Array, Greedy, Sorting"
2250,MEDIUM,Maximum Coins From K Consecutive Bags,2,52.8,26.4,https://leetcode.com/problems/maximum-coins-from-k-consecutive-bags,"Array, Binary Search, Greedy, Sliding Window, Sorting, Prefix Sum"
2251,EASY,Calculate Money in Leetcode Bank,4,52.7,13.2,https://leetcode.com/problems/calculate-money-in-leetcode-bank,Math
2252,EASY,Intersection of Multiple Arrays,2,52.5,26.2,https://leetcode.com/problems/intersection-of-multiple-arrays,"Array, Hash Table, Sorting, Counting"
2253,MEDIUM,Largest BST Subtree,2,52.4,26.2,https://leetcode.com/problems/largest-bst-subtree,"Dynamic Programming, Tree, Depth-First Search, Binary Search Tree, Binary Tree, DP on Trees"
2254,MEDIUM,Maximum Frequency of an Element After Performing Operations I,4,52.4,13.1,https://leetcode.com/problems/maximum-frequency-of-an-element-after-performing-operations-i,"Array, Binary Search, Sliding Window, Sorting, Prefix Sum"
2255,MEDIUM,Unit Conversion I,1,52.2,52.2,https://leetcode.com/problems/unit-conversion-i,"Depth-First Search, Breadth-First Search, Graph Theory"
2256,EASY,Adjacent Increasing Subarrays Detection I,4,52.1,13.0,https://leetcode.com/problems/adjacent-increasing-subarrays-detection-i,Array
2257,MEDIUM,Check if Grid can be Cut into Sections,3,52.1,17.4,https://leetcode.com/problems/check-if-grid-can-be-cut-into-sections,"Array, Sorting"
2258,HARD,Maximum Score Words Formed by Letters,3,52.0,17.3,https://leetcode.com/problems/maximum-score-words-formed-by-letters,"Array, Hash Table, String, Dynamic Programming, Backtracking, Bit Manipulation, Counting, Bitmask"
2259,EASY,Minimum Common Value,3,51.9,17.3,https://leetcode.com/problems/minimum-common-value,"Array, Hash Table, Two Pointers, Binary Search"
2260,MEDIUM,Find Longest Special Substring That Occurs Thrice I,3,51.8,17.3,https://leetcode.com/problems/find-longest-special-substring-that-occurs-thrice-i,"Hash Table, String, Binary Search, Sliding Window, Counting"
2261,MEDIUM,Count Positions on Street With Required Brightness,2,51.6,25.8,https://leetcode.com/problems/count-positions-on-street-with-required-brightness,"Array, Prefix Sum"
2262,EASY,Largest Perimeter Triangle,4,51.5,12.9,https://leetcode.com/problems/largest-perimeter-triangle,"Array, Math, Greedy, Sorting, Quicksort, Polygons"
2263,MEDIUM,Minimum Operations to Make the Integer Zero,4,51.5,12.9,https://leetcode.com/problems/minimum-operations-to-make-the-integer-zero,"Bit Manipulation, Brainteaser, Enumeration"
2264,EASY,Make Array Zero by Subtracting Equal Amounts,2,51.5,25.8,https://leetcode.com/problems/make-array-zero-by-subtracting-equal-amounts,"Array, Hash Table, Greedy, Sorting, Heap (Priority Queue), Simulation"
2265,EASY,Max Pair Sum in an Array,4,51.4,12.9,https://leetcode.com/problems/max-pair-sum-in-an-array,"Array, Hash Table"
2266,EASY,Immediate Food Delivery I,1,51.3,51.3,https://leetcode.com/problems/immediate-food-delivery-i,Database
2267,HARD,Subsequence With the Minimum Score,1,51.3,51.3,https://leetcode.com/problems/subsequence-with-the-minimum-score,"Two Pointers, String, Binary Search"
2268,MEDIUM,Find the Lexicographically Smallest Valid Sequence,4,51.2,12.8,https://leetcode.com/problems/find-the-lexicographically-smallest-valid-sequence,"Two Pointers, String, Dynamic Programming, Greedy"
2269,EASY,The Two Sneaky Numbers of Digitville,5,51.1,10.2,https://leetcode.com/problems/the-two-sneaky-numbers-of-digitville,"Array, Hash Table, Math"
2270,EASY,Smallest Even Multiple,4,51.0,12.8,https://leetcode.com/problems/smallest-even-multiple,"Math, Number Theory"
2271,EASY,Three Divisors,4,51.0,12.8,https://leetcode.com/problems/three-divisors,"Math, Enumeration, Number Theory, Prime Factorization, Sieve Theory"
2272,MEDIUM,Strobogrammatic Number II,2,51.0,25.5,https://leetcode.com/problems/strobogrammatic-number-ii,"Array, String, Recursion"
2273,MEDIUM,Maximum Non Negative Product in a Matrix,4,50.9,12.7,https://leetcode.com/problems/maximum-non-negative-product-in-a-matrix,"Array, Dynamic Programming, Matrix"
2274,MEDIUM,Find the Number of Ways to Place People I,4,50.8,12.7,https://leetcode.com/problems/find-the-number-of-ways-to-place-people-i,"Array, Math, Geometry, Sorting, Enumeration"
2275,MEDIUM,Transform Binary String Using Subsequence Sort,1,50.7,50.7,https://leetcode.com/problems/transform-binary-string-using-subsequence-sort,
2276,MEDIUM,Count Substrings Without Repeating Character,1,50.6,50.6,https://leetcode.com/problems/count-substrings-without-repeating-character,"Hash Table, String, Sliding Window"
2277,MEDIUM,Shortest Word Distance III,1,50.6,50.6,https://leetcode.com/problems/shortest-word-distance-iii,"Array, String"
2278,MEDIUM,Minimum Jumps to Reach End via Prime Teleportation,4,50.5,12.6,https://leetcode.com/problems/minimum-jumps-to-reach-end-via-prime-teleportation,"Array, Hash Table, Math, Breadth-First Search, Number Theory"
2279,EASY,Minimum Operations to Exceed Threshold Value I,1,50.5,50.5,https://leetcode.com/problems/minimum-operations-to-exceed-threshold-value-i,Array
2280,HARD,Palindrome Partitioning IV,1,50.5,50.5,https://leetcode.com/problems/palindrome-partitioning-iv,"String, Dynamic Programming"
2281,EASY,Read N Characters Given Read4,3,50.4,16.8,https://leetcode.com/problems/read-n-characters-given-read4,"Array, Simulation, Interactive"
2282,MEDIUM,Maximum Element After Decreasing and Rearranging,4,50.1,12.5,https://leetcode.com/problems/maximum-element-after-decreasing-and-rearranging,"Array, Greedy, Sorting"
2283,MEDIUM,Sum of GCD of Formed Pairs,4,50.1,12.5,https://leetcode.com/problems/sum-of-gcd-of-formed-pairs,"Array, Math, Two Pointers, Sorting, Simulation, Number Theory"
2284,EASY,Minimum Number Game,5,50.0,10.0,https://leetcode.com/problems/minimum-number-game,"Array, Sorting, Heap (Priority Queue), Simulation"
2285,EASY,Check If Digits Are Equal in String After Operations I,4,49.9,12.5,https://leetcode.com/problems/check-if-digits-are-equal-in-string-after-operations-i,"Math, String, Simulation, Combinatorics, Number Theory"
2286,MEDIUM,Minimum Cost to Equalize Arrays Using Swaps,1,49.9,49.9,https://leetcode.com/problems/minimum-cost-to-equalize-arrays-using-swaps,"Array, Hash Table, Greedy, Counting"
2287,EASY,Points That Intersect With Cars,1,49.9,49.9,https://leetcode.com/problems/points-that-intersect-with-cars,"Array, Hash Table, Prefix Sum"
2288,HARD,Checking Existence of Edge Length Limited Paths,3,49.7,16.6,https://leetcode.com/problems/checking-existence-of-edge-length-limited-paths,"Array, Two Pointers, Union-Find, Graph Theory, Sorting"
2289,HARD,Count Sequences to K,2,49.7,24.9,https://leetcode.com/problems/count-sequences-to-k,"Array, Math, Dynamic Programming, Memoization, Number Theory"
2290,EASY,Two Sum III - Data structure design,2,49.7,24.9,https://leetcode.com/problems/two-sum-iii-data-structure-design,"Array, Hash Table, Two Pointers, Design, Data Stream"
2291,MEDIUM,Minimum Time to Complete All Deliveries,2,49.6,24.8,https://leetcode.com/problems/minimum-time-to-complete-all-deliveries,"Math, Binary Search"
2292,MEDIUM,Reorder Data in Log Files,4,49.6,12.4,https://leetcode.com/problems/reorder-data-in-log-files,"Array, String, Sorting"
2293,EASY,Filter Elements from Array,3,49.5,16.5,https://leetcode.com/problems/filter-elements-from-array,
2294,HARD,Find All Possible Stable Binary Arrays II,2,49.5,24.8,https://leetcode.com/problems/find-all-possible-stable-binary-arrays-ii,"Dynamic Programming, Prefix Sum"
2295,MEDIUM,Super Pow,4,49.4,12.3,https://leetcode.com/problems/super-pow,"Math, Divide and Conquer, Euler's Totient Function, Euler's Theorem"
2296,MEDIUM,Map of Highest Peak,3,49.4,16.5,https://leetcode.com/problems/map-of-highest-peak,"Array, Breadth-First Search, Matrix"
2297,MEDIUM,Fizz Buzz Multithreaded,3,49.3,16.4,https://leetcode.com/problems/fizz-buzz-multithreaded,Concurrency
2298,HARD,Find the Median of the Uniqueness Array,2,49.2,24.6,https://leetcode.com/problems/find-the-median-of-the-uniqueness-array,"Array, Hash Table, Binary Search, Sliding Window"
2299,MEDIUM,Monotone Increasing Digits,3,49.0,16.3,https://leetcode.com/problems/monotone-increasing-digits,"Math, Greedy"
2300,EASY,Sign of the Product of an Array,3,48.9,16.3,https://leetcode.com/problems/sign-of-the-product-of-an-array,"Array, Math"
2301,EASY,DI String Match,3,48.9,16.3,https://leetcode.com/problems/di-string-match,"Array, Two Pointers, String, Greedy"
2302,EASY,Find Mode in Binary Search Tree,4,48.8,12.2,https://leetcode.com/problems/find-mode-in-binary-search-tree,"Tree, Depth-First Search, Binary Search Tree, Binary Tree"
2303,EASY,Bitwise OR of Even Numbers in an Array,2,48.8,24.4,https://leetcode.com/problems/bitwise-or-of-even-numbers-in-an-array,"Array, Bit Manipulation, Simulation"
2304,EASY,Intersection of Three Sorted Arrays,2,48.7,24.4,https://leetcode.com/problems/intersection-of-three-sorted-arrays,"Array, Hash Table, Binary Search, Counting"
2305,MEDIUM,Random Point in Non-overlapping Rectangles,2,48.7,24.4,https://leetcode.com/problems/random-point-in-non-overlapping-rectangles,"Array, Math, Binary Search, Reservoir Sampling, Prefix Sum, Ordered Set, Randomized"
2306,MEDIUM,Maximum Rows Covered by Columns,1,48.7,48.7,https://leetcode.com/problems/maximum-rows-covered-by-columns,"Array, Backtracking, Bit Manipulation, Matrix, Enumeration"
2307,EASY,Biggest Single Number,5,48.7,9.7,https://leetcode.com/problems/biggest-single-number,Database
2308,MEDIUM,Maximum Matching of Players With Trainers,4,48.7,12.2,https://leetcode.com/problems/maximum-matching-of-players-with-trainers,"Array, Two Pointers, Greedy, Sorting"
2309,EASY,Find Users With Valid E-Mails,4,48.6,12.2,https://leetcode.com/problems/find-users-with-valid-e-mails,Database
2310,MEDIUM,Print Zero Even Odd,2,48.6,24.3,https://leetcode.com/problems/print-zero-even-odd,Concurrency
2311,MEDIUM,Valid Tic-Tac-Toe State,2,48.5,24.2,https://leetcode.com/problems/valid-tic-tac-toe-state,"Array, Matrix"
2312,MEDIUM,Swap Adjacent in LR String,2,48.4,24.2,https://leetcode.com/problems/swap-adjacent-in-lr-string,"Two Pointers, String"
2313,EASY,Maximum Difference Between Even and Odd Frequency I,4,48.3,12.1,https://leetcode.com/problems/maximum-difference-between-even-and-odd-frequency-i,"Hash Table, String, Counting"
2314,EASY,Minimum Operations to Make Array Sum Divisible by K,4,48.3,12.1,https://leetcode.com/problems/minimum-operations-to-make-array-sum-divisible-by-k,"Array, Math"
2315,EASY,First Letter to Appear Twice,2,48.3,24.1,https://leetcode.com/problems/first-letter-to-appear-twice,"Hash Table, String, Bit Manipulation, Counting"
2316,EASY,Find the Peaks,3,48.1,16.0,https://leetcode.com/problems/find-the-peaks,"Array, Enumeration"
2317,MEDIUM,Longest Binary Subsequence Less Than or Equal to K,3,48.1,16.0,https://leetcode.com/problems/longest-binary-subsequence-less-than-or-equal-to-k,"String, Dynamic Programming, Greedy, Memoization"
2318,EASY,Reformat Department Table,4,47.9,12.0,https://leetcode.com/problems/reformat-department-table,Database
2319,MEDIUM,Longest Balanced Substring I,4,47.8,11.9,https://leetcode.com/problems/longest-balanced-substring-i,"Hash Table, String, Counting, Enumeration"
2320,MEDIUM,Longest Subsequence With Non-Zero Bitwise XOR,3,47.6,15.9,https://leetcode.com/problems/longest-subsequence-with-non-zero-bitwise-xor,"Array, Bit Manipulation"
2321,MEDIUM,4 Keys Keyboard,2,47.5,23.8,https://leetcode.com/problems/4-keys-keyboard,"Math, Dynamic Programming"
2322,MEDIUM,Array With Elements Not Equal to Average of Neighbors,1,47.5,47.5,https://leetcode.com/problems/array-with-elements-not-equal-to-average-of-neighbors,"Array, Greedy, Sorting"
2323,EASY,Calculate Digit Sum of a String,1,47.5,47.5,https://leetcode.com/problems/calculate-digit-sum-of-a-string,"String, Simulation"
2324,EASY,Check If String Is a Prefix of Array,1,47.5,47.5,https://leetcode.com/problems/check-if-string-is-a-prefix-of-array,"Array, Two Pointers, String"
2325,HARD,Falling Squares,1,47.5,47.5,https://leetcode.com/problems/falling-squares,"Array, Segment Tree, Ordered Set"
2326,MEDIUM,Find Pattern in Infinite Stream I,1,47.5,47.5,https://leetcode.com/problems/find-pattern-in-infinite-stream-i,"Array, Sliding Window, Rolling Hash, String Matching, Interactive, Hash Function"
2327,HARD,Find Pattern in Infinite Stream II,1,47.5,47.5,https://leetcode.com/problems/find-pattern-in-infinite-stream-ii,"Array, Sliding Window, Rolling Hash, String Matching, Interactive, Hash Function"
2328,EASY,Fixed Point,1,47.5,47.5,https://leetcode.com/problems/fixed-point,"Array, Binary Search"
2329,HARD,Hopper Company Queries I,1,47.5,47.5,https://leetcode.com/problems/hopper-company-queries-i,Database
2330,HARD,Hopper Company Queries II,1,47.5,47.5,https://leetcode.com/problems/hopper-company-queries-ii,Database
2331,HARD,Hopper Company Queries III,1,47.5,47.5,https://leetcode.com/problems/hopper-company-queries-iii,Database
2332,MEDIUM,Maximize Win From Two Segments,1,47.5,47.5,https://leetcode.com/problems/maximize-win-from-two-segments,"Array, Binary Search, Sliding Window"
2333,MEDIUM,Maximum Increasing Triplet Value,1,47.5,47.5,https://leetcode.com/problems/maximum-increasing-triplet-value,"Array, Ordered Set"
2334,MEDIUM,Maximum Number of Eaten Apples,1,47.5,47.5,https://leetcode.com/problems/maximum-number-of-eaten-apples,"Array, Greedy, Heap (Priority Queue)"
2335,MEDIUM,Minimum Absolute Sum Difference,1,47.5,47.5,https://leetcode.com/problems/minimum-absolute-sum-difference,"Array, Binary Search, Sorting, Ordered Set"
2336,MEDIUM,Minimum Operations to Make Binary Array Elements Equal to One II,1,47.5,47.5,https://leetcode.com/problems/minimum-operations-to-make-binary-array-elements-equal-to-one-ii,"Array, Dynamic Programming, Greedy"
2337,HARD,Number Of Ways To Reconstruct A Tree,1,47.5,47.5,https://leetcode.com/problems/number-of-ways-to-reconstruct-a-tree,"Array, Hash Table, Tree, Graph Theory, Simulation"
2338,MEDIUM,Number of People That Can Be Seen in a Grid,1,47.5,47.5,https://leetcode.com/problems/number-of-people-that-can-be-seen-in-a-grid,"Array, Stack, Matrix, Monotonic Stack"
2339,HARD,Number of Ways to Reach Destination in the Grid,1,47.5,47.5,https://leetcode.com/problems/number-of-ways-to-reach-destination-in-the-grid,"Math, Dynamic Programming, Combinatorics"
2340,MEDIUM,Path with Maximum Probability,4,47.4,11.8,https://leetcode.com/problems/path-with-maximum-probability,"Array, Graph Theory, Heap (Priority Queue), Shortest Path, Dijkstra's Algorithm"
2341,MEDIUM,Find Root of N-Ary Tree,3,47.4,15.8,https://leetcode.com/problems/find-root-of-n-ary-tree,"Hash Table, Bit Manipulation, Tree, Depth-First Search"
2342,MEDIUM,Permutations III,1,47.4,47.4,https://leetcode.com/problems/permutations-iii,"Array, Backtracking"
2343,EASY,Shuffle String,2,47.3,23.6,https://leetcode.com/problems/shuffle-string,"Array, String"
2344,HARD,Maximum Number of Ways to Partition an Array,2,47.2,23.6,https://leetcode.com/problems/maximum-number-of-ways-to-partition-an-array,"Array, Hash Table, Counting, Enumeration, Prefix Sum"
2345,EASY,Make Array Elements Equal to Zero,5,47.1,9.4,https://leetcode.com/problems/make-array-elements-equal-to-zero,"Array, Simulation, Prefix Sum"
2346,MEDIUM,Minimum Score of a Path Between Two Cities,4,46.8,11.7,https://leetcode.com/problems/minimum-score-of-a-path-between-two-cities,"Depth-First Search, Breadth-First Search, Union-Find, Graph Theory"
2347,MEDIUM,Concatenation of Consecutive Binary Numbers,3,46.6,15.5,https://leetcode.com/problems/concatenation-of-consecutive-binary-numbers,"Math, Bit Manipulation, Simulation"
2348,MEDIUM,Sliding Subarray Beauty,3,46.6,15.5,https://leetcode.com/problems/sliding-subarray-beauty,"Array, Hash Table, Sliding Window"
2349,MEDIUM,Minimum Time to Make Rope Colorful,3,46.5,15.5,https://leetcode.com/problems/minimum-time-to-make-rope-colorful,"Array, String, Dynamic Programming, Greedy"
2350,MEDIUM,Split a String Into the Max Number of Unique Substrings,4,46.3,11.6,https://leetcode.com/problems/split-a-string-into-the-max-number-of-unique-substrings,"Hash Table, String, Backtracking"
2351,MEDIUM,Maximize Happiness of Selected Children,3,46.2,15.4,https://leetcode.com/problems/maximize-happiness-of-selected-children,"Array, Greedy, Sorting"
2352,HARD,Lexicographically Smallest Beautiful String,2,46.1,23.0,https://leetcode.com/problems/lexicographically-smallest-beautiful-string,"String, Greedy"
2353,MEDIUM,Grid Game,4,46.0,11.5,https://leetcode.com/problems/grid-game,"Array, Matrix, Prefix Sum"
2354,MEDIUM,Maximum Number of Moves in a Grid,2,46.0,23.0,https://leetcode.com/problems/maximum-number-of-moves-in-a-grid,"Array, Dynamic Programming, Matrix"
2355,EASY,Employees Whose Manager Left the Company,3,45.9,15.3,https://leetcode.com/problems/employees-whose-manager-left-the-company,Database
2356,EASY,Apple Redistribution into Boxes,3,45.8,15.3,https://leetcode.com/problems/apple-redistribution-into-boxes,"Array, Greedy, Sorting"
2357,EASY,Classes With at Least 5 Students,3,45.8,15.3,https://leetcode.com/problems/classes-with-at-least-5-students,Database
2358,MEDIUM,Strictly Palindromic Number,2,45.8,22.9,https://leetcode.com/problems/strictly-palindromic-number,"Math, Two Pointers, Brainteaser"
2359,MEDIUM,Find the Most Competitive Subsequence,2,45.7,22.9,https://leetcode.com/problems/find-the-most-competitive-subsequence,"Array, Stack, Greedy, Monotonic Stack"
2360,MEDIUM,Finding the Number of Visible Mountains,2,45.7,22.9,https://leetcode.com/problems/finding-the-number-of-visible-mountains,"Array, Stack, Sorting, Monotonic Stack"
2361,MEDIUM,Find Right Interval,4,45.6,11.4,https://leetcode.com/problems/find-right-interval,"Array, Binary Search, Sorting"
2362,MEDIUM,Find Distance in a Binary Tree,2,45.6,22.8,https://leetcode.com/problems/find-distance-in-a-binary-tree,"Hash Table, Tree, Depth-First Search, Breadth-First Search, Binary Tree, Binary Lifting, Lowest Common Ancestor"
2363,MEDIUM,Beautiful Array,4,45.5,11.4,https://leetcode.com/problems/beautiful-array,"Array, Math, Divide and Conquer"
2364,MEDIUM,Maximum Binary Tree,4,45.5,11.4,https://leetcode.com/problems/maximum-binary-tree,"Array, Divide and Conquer, Stack, Tree, Monotonic Stack, Binary Tree, Cartesian Tree"
2365,MEDIUM,Prime Palindrome,4,45.1,11.3,https://leetcode.com/problems/prime-palindrome,"Math, Number Theory, Primality Test"
2366,EASY,Find Target Indices After Sorting Array,3,45.1,15.0,https://leetcode.com/problems/find-target-indices-after-sorting-array,"Array, Binary Search, Sorting"
2367,EASY,Allow One Function Call,2,45.0,22.5,https://leetcode.com/problems/allow-one-function-call,
2368,MEDIUM,Binary Tree Longest Consecutive Sequence II,3,44.7,14.9,https://leetcode.com/problems/binary-tree-longest-consecutive-sequence-ii,"Tree, Depth-First Search, Binary Tree, DP on Trees"
2369,HARD,Find All People With Secret,2,44.7,22.4,https://leetcode.com/problems/find-all-people-with-secret,"Depth-First Search, Breadth-First Search, Union-Find, Graph Theory, Sorting"
2370,MEDIUM,Minimum Path Cost in a Hidden Grid,2,44.7,22.4,https://leetcode.com/problems/minimum-path-cost-in-a-hidden-grid,"Array, Depth-First Search, Breadth-First Search, Graph Theory, Heap (Priority Queue), Matrix, Interactive, Shortest Path"
2371,MEDIUM,Article Views II,1,44.7,44.7,https://leetcode.com/problems/article-views-ii,Database
2372,MEDIUM,Maximize Total Tastiness of Purchased Fruits,1,44.7,44.7,https://leetcode.com/problems/maximize-total-tastiness-of-purchased-fruits,"Array, Dynamic Programming"
2373,MEDIUM,Minimum Increase to Maximize Special Indices,1,44.7,44.7,https://leetcode.com/problems/minimum-increase-to-maximize-special-indices,"Array, Dynamic Programming, Greedy, Prefix Sum"
2374,MEDIUM,New Users Daily Count,1,44.7,44.7,https://leetcode.com/problems/new-users-daily-count,Database
2375,HARD,Time to Cross a Bridge,1,44.7,44.7,https://leetcode.com/problems/time-to-cross-a-bridge,"Array, Heap (Priority Queue), Simulation"
2376,HARD,User Purchase Platform,1,44.7,44.7,https://leetcode.com/problems/user-purchase-platform,Database
2377,MEDIUM,The Latest Time to Catch a Bus,3,44.7,14.9,https://leetcode.com/problems/the-latest-time-to-catch-a-bus,"Array, Two Pointers, Binary Search, Sorting"
2378,EASY,Earliest Finish Time for Land and Water Rides I,4,44.6,11.2,https://leetcode.com/problems/earliest-finish-time-for-land-and-water-rides-i,"Array, Two Pointers, Binary Search, Greedy, Sorting"
2379,MEDIUM,Double a Number Represented as a Linked List,3,44.5,14.8,https://leetcode.com/problems/double-a-number-represented-as-a-linked-list,"Linked List, Math, Stack"
2380,EASY,Add Two Promises,5,44.5,8.9,https://leetcode.com/problems/add-two-promises,
2381,EASY,Day of the Week,2,44.4,22.2,https://leetcode.com/problems/day-of-the-week,Math
2382,HARD,Car Fleet II,3,44.2,14.7,https://leetcode.com/problems/car-fleet-ii,"Array, Math, Stack, Heap (Priority Queue), Monotonic Stack"
2383,MEDIUM,Maximum Number of Removable Characters,2,44.2,22.1,https://leetcode.com/problems/maximum-number-of-removable-characters,"Array, Two Pointers, String, Binary Search"
2384,MEDIUM,Convert Object to JSON String,2,44.1,22.1,https://leetcode.com/problems/convert-object-to-json-string,
2385,HARD,The Earliest and Latest Rounds Where Players Compete,4,43.7,10.9,https://leetcode.com/problems/the-earliest-and-latest-rounds-where-players-compete,"Dynamic Programming, Memoization"
2386,MEDIUM,Rearrange Array to Maximize Prefix Score,2,43.7,21.9,https://leetcode.com/problems/rearrange-array-to-maximize-prefix-score,"Array, Greedy, Sorting, Prefix Sum"
2387,MEDIUM,Design Event Manager,1,43.6,43.6,https://leetcode.com/problems/design-event-manager,"Array, Hash Table, Design, Heap (Priority Queue), Ordered Set"
2388,MEDIUM,Find All Good Indices,1,43.6,43.6,https://leetcode.com/problems/find-all-good-indices,"Array, Dynamic Programming, Prefix Sum"
2389,HARD,Maximize Palindrome Length From Subsequences,1,43.6,43.6,https://leetcode.com/problems/maximize-palindrome-length-from-subsequences,"String, Dynamic Programming"
2390,MEDIUM,Minimum Health to Beat Game,1,43.6,43.6,https://leetcode.com/problems/minimum-health-to-beat-game,"Array, Greedy"
2391,EASY,Perform String Shifts,1,43.6,43.6,https://leetcode.com/problems/perform-string-shifts,"Array, Math, String"
2392,MEDIUM,Sort the Jumbled Numbers,1,43.6,43.6,https://leetcode.com/problems/sort-the-jumbled-numbers,"Array, Sorting"
2393,EASY,Convert 1D Array Into 2D Array,4,43.6,10.9,https://leetcode.com/problems/convert-1d-array-into-2d-array,"Array, Matrix, Simulation"
2394,HARD,Minimum Interval to Include Each Query,3,43.6,14.5,https://leetcode.com/problems/minimum-interval-to-include-each-query,"Array, Binary Search, Sweep Line, Sorting, Heap (Priority Queue)"
2395,EASY,Maximum Difference Between Adjacent Elements in a Circular Array,5,43.5,8.7,https://leetcode.com/problems/maximum-difference-between-adjacent-elements-in-a-circular-array,Array
2396,MEDIUM,Minimum Operations to Convert All Elements to Zero,4,43.5,10.9,https://leetcode.com/problems/minimum-operations-to-convert-all-elements-to-zero,"Array, Hash Table, Stack, Greedy, Monotonic Stack"
2397,HARD,Total Waviness of Numbers in Range II,4,43.4,10.8,https://leetcode.com/problems/total-waviness-of-numbers-in-range-ii,"Math, Dynamic Programming"
2398,EASY,Check If Two String Arrays are Equivalent,3,43.4,14.5,https://leetcode.com/problems/check-if-two-string-arrays-are-equivalent,"Array, String"
2399,EASY,Shift 2D Grid,3,43.4,14.5,https://leetcode.com/problems/shift-2d-grid,"Array, Matrix, Simulation"
2400,EASY,Maximum Product of Two Digits,4,43.3,10.8,https://leetcode.com/problems/maximum-product-of-two-digits,"Math, Sorting"
2401,HARD,Minimum Cost to Hire K Workers,3,43.3,14.4,https://leetcode.com/problems/minimum-cost-to-hire-k-workers,"Array, Greedy, Sorting, Heap (Priority Queue)"
2402,MEDIUM,Ways to Split Array Into Good Subarrays,1,43.2,43.2,https://leetcode.com/problems/ways-to-split-array-into-good-subarrays,"Array, Math, Dynamic Programming"
2403,MEDIUM,Minimum Swaps to Make Strings Equal,4,43.2,10.8,https://leetcode.com/problems/minimum-swaps-to-make-strings-equal,"Math, String, Greedy"
2404,EASY,Three Consecutive Odds,4,43.1,10.8,https://leetcode.com/problems/three-consecutive-odds,Array
2405,EASY,Concatenate Non-Zero Digits and Multiply by Sum I,4,43.0,10.8,https://leetcode.com/problems/concatenate-non-zero-digits-and-multiply-by-sum-i,Math
2406,MEDIUM,Minimum Number of Changes to Make Binary String Beautiful,4,43.0,10.8,https://leetcode.com/problems/minimum-number-of-changes-to-make-binary-string-beautiful,String
2407,MEDIUM,Number of Smooth Descent Periods of a Stock,3,42.9,14.3,https://leetcode.com/problems/number-of-smooth-descent-periods-of-a-stock,"Array, Math, Two Pointers, Dynamic Programming, Sliding Window"
2408,MEDIUM,Apply Substitutions,1,42.7,42.7,https://leetcode.com/problems/apply-substitutions,"Array, Hash Table, String, Depth-First Search, Breadth-First Search, Graph Theory, Topological Sort"
2409,MEDIUM,Clumsy Factorial,3,42.5,14.2,https://leetcode.com/problems/clumsy-factorial,"Math, Stack, Simulation"
2410,MEDIUM,Count the Number of Special Characters II,3,42.5,14.2,https://leetcode.com/problems/count-the-number-of-special-characters-ii,"Hash Table, String"
2411,EASY,Number of Lines To Write String,2,42.5,21.2,https://leetcode.com/problems/number-of-lines-to-write-string,"Array, String"
2412,MEDIUM,Validate Binary Tree Nodes,3,42.1,14.0,https://leetcode.com/problems/validate-binary-tree-nodes,"Tree, Depth-First Search, Breadth-First Search, Union-Find, Graph Theory, Binary Tree"
2413,MEDIUM,Most Frequent Subtree Sum,3,42.0,14.0,https://leetcode.com/problems/most-frequent-subtree-sum,"Hash Table, Tree, Depth-First Search, Binary Tree, DP on Trees"
2414,MEDIUM,Find Maximum Removals From Source String,2,42.0,21.0,https://leetcode.com/problems/find-maximum-removals-from-source-string,"Array, Hash Table, Two Pointers, String, Dynamic Programming"
2415,MEDIUM,Find And Replace in String,2,41.9,21.0,https://leetcode.com/problems/find-and-replace-in-string,"Array, Hash Table, String, Sorting"
2416,MEDIUM,Find Positive Integer Solution for a Given Equation,2,41.0,20.5,https://leetcode.com/problems/find-positive-integer-solution-for-a-given-equation,"Math, Two Pointers, Binary Search, Interactive"
2417,MEDIUM,Flip Game II,2,41.0,20.5,https://leetcode.com/problems/flip-game-ii,"Math, Dynamic Programming, Backtracking, Memoization, Minimax, Game Theory, Sprague–Grundy Theorem, Impartial Game"
2418,MEDIUM,Delete Columns to Make Sorted II,3,40.6,13.5,https://leetcode.com/problems/delete-columns-to-make-sorted-ii,"Array, String, Greedy"
2419,HARD,Nth Magical Number,3,40.6,13.5,https://leetcode.com/problems/nth-magical-number,"Math, Binary Search, Least Common Multiple, Inclusion-Exclusion Principle"
2420,HARD,Distance to a Cycle in Undirected Graph,2,40.6,20.3,https://leetcode.com/problems/distance-to-a-cycle-in-undirected-graph,"Depth-First Search, Breadth-First Search, Graph Theory, Topological Sort"
2421,MEDIUM,Minimum Number of Operations to Reinitialize a Permutation,2,40.6,20.3,https://leetcode.com/problems/minimum-number-of-operations-to-reinitialize-a-permutation,"Array, Math, Simulation"
2422,HARD,Max Sum of Rectangle No Larger Than K,3,40.5,13.5,https://leetcode.com/problems/max-sum-of-rectangle-no-larger-than-k,"Array, Binary Search, Matrix, Prefix Sum, Ordered Set"
2423,MEDIUM,Count Covered Buildings,2,40.4,20.2,https://leetcode.com/problems/count-covered-buildings,"Array, Hash Table, Sorting"
2424,MEDIUM,Flip Equivalent Binary Trees,3,40.3,13.4,https://leetcode.com/problems/flip-equivalent-binary-trees,"Tree, Depth-First Search, Binary Tree"
2425,EASY,Sales Analysis III,3,40.2,13.4,https://leetcode.com/problems/sales-analysis-iii,Database
2426,EASY,Count Pairs That Form a Complete Day I,1,40.2,40.2,https://leetcode.com/problems/count-pairs-that-form-a-complete-day-i,"Array, Hash Table, Counting"
2427,HARD,Sum of Total Strength of Wizards,1,40.2,40.2,https://leetcode.com/problems/sum-of-total-strength-of-wizards,"Array, Stack, Monotonic Stack, Prefix Sum"
2428,HARD,Minimum Falling Path Sum II,4,40.0,10.0,https://leetcode.com/problems/minimum-falling-path-sum-ii,"Array, Dynamic Programming, Matrix"
2429,EASY,Transformed Array,4,40.0,10.0,https://leetcode.com/problems/transformed-array,"Array, Simulation"
2430,HARD,Find the Number of Subarrays Where Boundary Elements Are Maximum,2,40.0,20.0,https://leetcode.com/problems/find-the-number-of-subarrays-where-boundary-elements-are-maximum,"Array, Binary Search, Stack, Monotonic Stack"
2431,HARD,Maximum Frequency of an Element After Performing Operations II,3,39.8,13.3,https://leetcode.com/problems/maximum-frequency-of-an-element-after-performing-operations-ii,"Array, Binary Search, Sliding Window, Sorting, Prefix Sum"
2432,MEDIUM,Number of Wonderful Substrings,2,39.8,19.9,https://leetcode.com/problems/number-of-wonderful-substrings,"Hash Table, String, Bit Manipulation, Prefix Sum"
2433,MEDIUM,Minimum Number of Pushes to Type Word II,3,39.7,13.2,https://leetcode.com/problems/minimum-number-of-pushes-to-type-word-ii,"Hash Table, String, Greedy, Sorting, Counting"
2434,MEDIUM,Count Special Triplets,3,39.6,13.2,https://leetcode.com/problems/count-special-triplets,"Array, Hash Table, Counting"
2435,MEDIUM,4Sum II,4,39.5,9.9,https://leetcode.com/problems/4sum-ii,"Array, Hash Table"
2436,MEDIUM,Count Partitions With Max-Min Difference at Most K,4,39.5,9.9,https://leetcode.com/problems/count-partitions-with-max-min-difference-at-most-k,"Array, Dynamic Programming, Queue, Sliding Window, Prefix Sum, Monotonic Queue"
2437,MEDIUM,Count the Number of Complete Components,4,39.5,9.9,https://leetcode.com/problems/count-the-number-of-complete-components,"Depth-First Search, Breadth-First Search, Union-Find, Graph Theory"
2438,HARD,Finding MK Average,1,39.5,39.5,https://leetcode.com/problems/finding-mk-average,"Design, Queue, Heap (Priority Queue), Data Stream, Ordered Set, Treap"
2439,HARD,Minimum Operations to Make Array Equal to Target,3,39.3,13.1,https://leetcode.com/problems/minimum-operations-to-make-array-equal-to-target,"Array, Dynamic Programming, Stack, Greedy, Monotonic Stack"
2440,MEDIUM,Minimum Absolute Distance Between Mirror Pairs,4,39.2,9.8,https://leetcode.com/problems/minimum-absolute-distance-between-mirror-pairs,"Array, Hash Table, Math"
2441,MEDIUM,Best Time to Buy and Sell Stock V,3,39.2,13.1,https://leetcode.com/problems/best-time-to-buy-and-sell-stock-v,"Array, Dynamic Programming"
2442,MEDIUM,Take K of Each Character From Left and Right,3,39.2,13.1,https://leetcode.com/problems/take-k-of-each-character-from-left-and-right,"Hash Table, String, Sliding Window"
2443,HARD,Minimum Score After Removals on a Tree,4,39.2,9.8,https://leetcode.com/problems/minimum-score-after-removals-on-a-tree,"Array, Bit Manipulation, Tree, Depth-First Search"
2444,MEDIUM,Minimum Array End,4,39.1,9.8,https://leetcode.com/problems/minimum-array-end,Bit Manipulation
2445,MEDIUM,Count Number of Rectangles Containing Each Point,3,39.1,13.0,https://leetcode.com/problems/count-number-of-rectangles-containing-each-point,"Array, Hash Table, Binary Search, Binary Indexed Tree, Sorting"
2446,HARD,Longest Subsequence Repeated k Times,3,39.1,13.0,https://leetcode.com/problems/longest-subsequence-repeated-k-times,"Hash Table, Two Pointers, String, Backtracking, Counting, Enumeration"
2447,MEDIUM,Cousins in Binary Tree II,2,39.1,19.6,https://leetcode.com/problems/cousins-in-binary-tree-ii,"Hash Table, Tree, Depth-First Search, Breadth-First Search, Binary Tree"
2448,MEDIUM,Make Costs of Paths Equal in a Binary Tree,1,39.1,39.1,https://leetcode.com/problems/make-costs-of-paths-equal-in-a-binary-tree,"Array, Dynamic Programming, Greedy, Tree, Binary Tree"
2449,MEDIUM,Minimum Operations to Make Array Non Decreasing,1,38.9,38.9,https://leetcode.com/problems/minimum-operations-to-make-array-non-decreasing,"Array, Greedy"
2450,EASY,Separate the Digits in an Array,3,38.8,12.9,https://leetcode.com/problems/separate-the-digits-in-an-array,"Array, Simulation"
2451,MEDIUM,Shifting Letters,3,38.8,12.9,https://leetcode.com/problems/shifting-letters,"Array, String, Prefix Sum"
2452,HARD,Process String with Special Operations II,4,38.5,9.6,https://leetcode.com/problems/process-string-with-special-operations-ii,"String, Simulation"
2453,EASY,List the Products Ordered in a Period,2,38.5,19.2,https://leetcode.com/problems/list-the-products-ordered-in-a-period,Database
2454,MEDIUM,Find Product Recommendation Pairs,2,38.4,19.2,https://leetcode.com/problems/find-product-recommendation-pairs,Database
2455,MEDIUM,Minimum Speed to Arrive on Time,2,38.4,19.2,https://leetcode.com/problems/minimum-speed-to-arrive-on-time,"Array, Binary Search"
2456,HARD,Optimize Water Distribution in a Village,2,38.4,19.2,https://leetcode.com/problems/optimize-water-distribution-in-a-village,"Union-Find, Graph Theory, Heap (Priority Queue), Minimum Spanning Tree, Prim's Algorithm, Kruskal's Algorithm, Borůvka's Algorithm"
2457,MEDIUM,Minimum Flips to Make a OR b Equal to c,2,38.3,19.1,https://leetcode.com/problems/minimum-flips-to-make-a-or-b-equal-to-c,Bit Manipulation
2458,HARD,Minimum Cost to Equalize Array,1,38.2,38.2,https://leetcode.com/problems/minimum-cost-to-equalize-array,"Array, Greedy, Enumeration"
2459,MEDIUM,Maximum Beauty of an Array After Applying Operation,3,38.1,12.7,https://leetcode.com/problems/maximum-beauty-of-an-array-after-applying-operation,"Array, Binary Search, Sliding Window, Sorting"
2460,MEDIUM,All Elements in Two Binary Search Trees,2,38.0,19.0,https://leetcode.com/problems/all-elements-in-two-binary-search-trees,"Tree, Depth-First Search, Binary Search Tree, Sorting, Binary Tree"
2461,EASY,Smallest Number With All Set Bits,3,37.9,12.6,https://leetcode.com/problems/smallest-number-with-all-set-bits,"Math, Bit Manipulation"
2462,MEDIUM,Flip Columns For Maximum Number of Equal Rows,4,37.9,9.5,https://leetcode.com/problems/flip-columns-for-maximum-number-of-equal-rows,"Array, Hash Table, Matrix"
2463,EASY,Count of Matches in Tournament,4,37.8,9.4,https://leetcode.com/problems/count-of-matches-in-tournament,"Math, Simulation"
2464,MEDIUM,Digit Operations to Make Two Integers Equal,2,37.8,18.9,https://leetcode.com/problems/digit-operations-to-make-two-integers-equal,"Math, Graph Theory, Heap (Priority Queue), Number Theory, Shortest Path"
2465,MEDIUM,Find and Replace Pattern,2,37.7,18.9,https://leetcode.com/problems/find-and-replace-pattern,"Array, Hash Table, String"
2466,HARD,Number of Good Paths,3,37.5,12.5,https://leetcode.com/problems/number-of-good-paths,"Array, Hash Table, Tree, Union-Find, Graph Theory, Sorting"
2467,MEDIUM,Lexicographically Smallest Negated Permutation that Sums to Target,1,37.4,37.4,https://leetcode.com/problems/lexicographically-smallest-negated-permutation-that-sums-to-target,"Array, Math, Two Pointers, Greedy, Sorting"
2468,MEDIUM,Maximum K to Sort a Permutation,1,37.4,37.4,https://leetcode.com/problems/maximum-k-to-sort-a-permutation,"Array, Bit Manipulation"
2469,MEDIUM,Minimum Operations to Make the Array Alternating,2,37.3,18.6,https://leetcode.com/problems/minimum-operations-to-make-the-array-alternating,"Array, Hash Table, Greedy, Counting"
2470,MEDIUM,Sum of Mutated Array Closest to Target,2,37.2,18.6,https://leetcode.com/problems/sum-of-mutated-array-closest-to-target,"Array, Binary Search, Sorting"
2471,MEDIUM,Longest Arithmetic Subsequence of Given Difference,2,36.9,18.4,https://leetcode.com/problems/longest-arithmetic-subsequence-of-given-difference,"Array, Hash Table, Dynamic Programming"
2472,MEDIUM,Prime Subtraction Operation,4,36.8,9.2,https://leetcode.com/problems/prime-subtraction-operation,"Array, Math, Binary Search, Greedy, Number Theory"
2473,MEDIUM,Count Bowl Subarrays,2,36.8,18.4,https://leetcode.com/problems/count-bowl-subarrays,"Array, Stack, Monotonic Stack"
2474,MEDIUM,Inverse Coin Change,2,36.8,18.4,https://leetcode.com/problems/inverse-coin-change,"Array, Dynamic Programming"
2475,MEDIUM,Sequence Reconstruction,2,36.8,18.4,https://leetcode.com/problems/sequence-reconstruction,"Array, Graph Theory, Topological Sort, Directed Acyclic Graph"
2476,HARD,Amount of New Area Painted Each Day,2,36.7,18.4,https://leetcode.com/problems/amount-of-new-area-painted-each-day,"Array, Segment Tree, Ordered Set"
2477,MEDIUM,Bomb Enemy,2,36.7,18.4,https://leetcode.com/problems/bomb-enemy,"Array, Dynamic Programming, Matrix"
2478,HARD,Process Restricted Friend Requests,2,36.7,18.4,https://leetcode.com/problems/process-restricted-friend-requests,"Union-Find, Graph Theory"
2479,MEDIUM,Insert Greatest Common Divisors in Linked List,4,36.6,9.2,https://leetcode.com/problems/insert-greatest-common-divisors-in-linked-list,"Linked List, Math, Number Theory"
2480,HARD,Separate Squares II,2,36.6,18.3,https://leetcode.com/problems/separate-squares-ii,"Array, Binary Search, Segment Tree, Sweep Line"
2481,HARD,Tiling a Rectangle with the Fewest Squares,3,36.5,12.2,https://leetcode.com/problems/tiling-a-rectangle-with-the-fewest-squares,Backtracking
2482,HARD,Minimum Obstacle Removal to Reach Corner,2,36.5,18.2,https://leetcode.com/problems/minimum-obstacle-removal-to-reach-corner,"Array, Breadth-First Search, Graph Theory, Heap (Priority Queue), Matrix, Shortest Path, 0-1 BFS, Dijkstra's Algorithm"
2483,HARD,Count Non-Decreasing Subarrays After K Operations,2,36.4,18.2,https://leetcode.com/problems/count-non-decreasing-subarrays-after-k-operations,"Array, Stack, Segment Tree, Queue, Sliding Window, Monotonic Stack, Monotonic Queue"
2484,MEDIUM,Maximum Sum With at Most K Elements,2,36.4,18.2,https://leetcode.com/problems/maximum-sum-with-at-most-k-elements,"Array, Greedy, Sorting, Heap (Priority Queue), Matrix"
2485,HARD,Find Sum of Array Product of Magical Sequences,2,36.3,18.1,https://leetcode.com/problems/find-sum-of-array-product-of-magical-sequences,"Array, Math, Dynamic Programming, Bit Manipulation, Combinatorics, Bitmask"
2486,MEDIUM,Maximum Number of Operations to Move Ones to the End,3,36.2,12.1,https://leetcode.com/problems/maximum-number-of-operations-to-move-ones-to-the-end,"String, Greedy, Counting"
2487,HARD,Number of Pairs Satisfying Inequality,3,36.2,12.1,https://leetcode.com/problems/number-of-pairs-satisfying-inequality,"Array, Binary Search, Divide and Conquer, Binary Indexed Tree, Segment Tree, Merge Sort, Ordered Set"
2488,EASY,Longest Subsequence With Limited Sum,4,35.8,8.9,https://leetcode.com/problems/longest-subsequence-with-limited-sum,"Array, Binary Search, Greedy, Sorting, Prefix Sum"
2489,EASY,Sorting the Sentence,3,35.7,11.9,https://leetcode.com/problems/sorting-the-sentence,"String, Sorting, Bubble Sort"
2490,MEDIUM,Maximum Capacity Within Budget,2,35.6,17.8,https://leetcode.com/problems/maximum-capacity-within-budget,"Array, Two Pointers, Binary Search, Sorting"
2491,MEDIUM,Construct Product Matrix,4,35.5,8.9,https://leetcode.com/problems/construct-product-matrix,"Array, Matrix, Prefix Sum"
2492,EASY,Find the Pivot Integer,3,35.5,11.8,https://leetcode.com/problems/find-the-pivot-integer,"Math, Prefix Sum"
2493,EASY,Rearrange Products Table,3,35.5,11.8,https://leetcode.com/problems/rearrange-products-table,Database
2494,EASY,Check if All A's Appears Before All B's,2,35.5,17.8,https://leetcode.com/problems/check-if-all-as-appears-before-all-bs,String
2495,MEDIUM,Online Election,2,35.5,17.8,https://leetcode.com/problems/online-election,"Array, Hash Table, Binary Search, Design"
2496,EASY,Sleep,3,35.4,11.8,https://leetcode.com/problems/sleep,
2497,EASY,Student Attendance Record I,3,35.3,11.8,https://leetcode.com/problems/student-attendance-record-i,String
2498,MEDIUM,Maximum Number of Accepted Invitations,2,35.2,17.6,https://leetcode.com/problems/maximum-number-of-accepted-invitations,"Array, Depth-First Search, Graph Theory, Matrix, Maximum Flow, Maximum Matching, Bipartite Graph, Edmonds–Karp Algorithm, MPM Algorithm, Push-Relabel Algorithm, Matching (Graph), Flow Network, Dinic's Algorithm"
2499,MEDIUM,Apply Discount to Prices,1,35.1,35.1,https://leetcode.com/problems/apply-discount-to-prices,String
2500,HARD,Find the Number of Possible Ways for an Event,1,35.1,35.1,https://leetcode.com/problems/find-the-number-of-possible-ways-for-an-event,"Math, Dynamic Programming, Combinatorics"
2501,MEDIUM,Minimum Number of Primes to Sum to Target,1,35.1,35.1,https://leetcode.com/problems/minimum-number-of-primes-to-sum-to-target,"Array, Math, Dynamic Programming, Number Theory"
2502,MEDIUM,Concatenate Non-Zero Digits and Multiply by Sum II,3,34.9,11.6,https://leetcode.com/problems/concatenate-non-zero-digits-and-multiply-by-sum-ii,"Math, String, Prefix Sum"
2503,HARD,Sorted GCD Pair Queries,3,34.9,11.6,https://leetcode.com/problems/sorted-gcd-pair-queries,"Array, Hash Table, Math, Binary Search, Combinatorics, Counting, Number Theory, Prefix Sum, Euclidean Algorithm, Greatest Common Divisor"
2504,MEDIUM,Minimize the Maximum Edge Weight of Graph,2,34.9,17.4,https://leetcode.com/problems/minimize-the-maximum-edge-weight-of-graph,"Binary Search, Depth-First Search, Breadth-First Search, Graph Theory, Shortest Path"
2505,EASY,Apply Transform Over Each Element in Array,3,34.7,11.6,https://leetcode.com/problems/apply-transform-over-each-element-in-array,
2506,EASY,Truncate Sentence,2,34.7,17.4,https://leetcode.com/problems/truncate-sentence,"Array, String"
2507,EASY,Count the Number of Special Characters I,2,34.6,17.3,https://leetcode.com/problems/count-the-number-of-special-characters-i,"Hash Table, String"
2508,MEDIUM,Frog Jump II,3,34.4,11.5,https://leetcode.com/problems/frog-jump-ii,"Array, Binary Search, Greedy"
2509,EASY,To Lower Case,3,34.3,11.4,https://leetcode.com/problems/to-lower-case,String
2510,EASY,Unique 3-Digit Even Numbers,3,34.3,11.4,https://leetcode.com/problems/unique-3-digit-even-numbers,"Array, Hash Table, Recursion, Enumeration"
2511,MEDIUM,Remove Duplicates From an Unsorted Linked List,2,34.3,17.1,https://leetcode.com/problems/remove-duplicates-from-an-unsorted-linked-list,"Hash Table, Linked List"
2512,HARD,Minimum Time to Finish the Race,1,34.2,34.2,https://leetcode.com/problems/minimum-time-to-finish-the-race,"Array, Dynamic Programming"
2513,HARD,Next Special Palindrome Number,1,34.2,34.2,https://leetcode.com/problems/next-special-palindrome-number,"Backtracking, Bit Manipulation"
2514,HARD,Largest Component Size by Common Factor,2,34.1,17.1,https://leetcode.com/problems/largest-component-size-by-common-factor,"Array, Hash Table, Math, Union-Find, Number Theory, Prime Factorization"
2515,MEDIUM,Word Frequency,4,34.0,8.5,https://leetcode.com/problems/word-frequency,Shell
2516,HARD,Length of the Longest Valid Substring,3,33.6,11.2,https://leetcode.com/problems/length-of-the-longest-valid-substring,"Array, Hash Table, String, Sliding Window"
2517,MEDIUM,Smallest String Starting From Leaf,2,33.6,16.8,https://leetcode.com/problems/smallest-string-starting-from-leaf,"String, Backtracking, Tree, Depth-First Search, Binary Tree"
2518,HARD,Fancy Sequence,3,33.4,11.1,https://leetcode.com/problems/fancy-sequence,"Math, Design, Segment Tree, Number Theory, Fermat's Little Theorem"
2519,MEDIUM,Equal Sum Grid Partition I,4,33.3,8.3,https://leetcode.com/problems/equal-sum-grid-partition-i,"Array, Matrix, Enumeration, Prefix Sum"
2520,HARD,Longest Substring of One Repeating Character,4,33.3,8.3,https://leetcode.com/problems/longest-substring-of-one-repeating-character,"Array, String, Segment Tree, Ordered Set"
2521,MEDIUM,Construct String from Binary Tree,2,33.3,16.6,https://leetcode.com/problems/construct-string-from-binary-tree,"String, Tree, Depth-First Search, Binary Tree"
2522,HARD,Orderly Queue,2,33.3,16.6,https://leetcode.com/problems/orderly-queue,"Math, String, Sorting, Lexicographically Minimal String Rotation"
2523,MEDIUM,Partition Array Such That Maximum Difference Is K,2,33.3,16.6,https://leetcode.com/problems/partition-array-such-that-maximum-difference-is-k,"Array, Greedy, Sorting"
2524,HARD,Super Washing Machines,2,33.3,16.6,https://leetcode.com/problems/super-washing-machines,"Array, Greedy"
2525,HARD,Find Longest Self-Contained Substring,1,33.3,33.3,https://leetcode.com/problems/find-longest-self-contained-substring,"Hash Table, String, Sorting"
2526,MEDIUM,Most Expensive Item That Can Not Be Bought,1,33.3,33.3,https://leetcode.com/problems/most-expensive-item-that-can-not-be-bought,"Math, Dynamic Programming, Number Theory"
2527,MEDIUM,Find the Number of Distinct Colors Among the Balls,3,33.2,11.1,https://leetcode.com/problems/find-the-number-of-distinct-colors-among-the-balls,"Array, Hash Table, Simulation"
2528,MEDIUM,Magical String,3,33.2,11.1,https://leetcode.com/problems/magical-string,"Two Pointers, String"
2529,MEDIUM,Sort Matrix by Diagonals,4,33.1,8.3,https://leetcode.com/problems/sort-matrix-by-diagonals,"Array, Sorting, Matrix"
2530,HARD,Perfect Rectangle,3,33.1,11.0,https://leetcode.com/problems/perfect-rectangle,"Array, Hash Table, Math, Geometry, Sweep Line"
2531,MEDIUM,Find a Safe Walk Through a Grid,3,33.0,11.0,https://leetcode.com/problems/find-a-safe-walk-through-a-grid,"Array, Breadth-First Search, Graph Theory, Heap (Priority Queue), Matrix, Shortest Path"
2532,MEDIUM,Extra Characters in a String,3,32.9,11.0,https://leetcode.com/problems/extra-characters-in-a-string,"Array, Hash Table, String, Dynamic Programming, Trie"
2533,HARD,Path Existence Queries in a Graph II,4,32.8,8.2,https://leetcode.com/problems/path-existence-queries-in-a-graph-ii,"Array, Two Pointers, Binary Search, Dynamic Programming, Greedy, Bit Manipulation, Graph Theory, Sorting"
2534,MEDIUM,Maximal Network Rank,1,32.8,32.8,https://leetcode.com/problems/maximal-network-rank,Graph Theory
2535,HARD,Profitable Schemes,2,32.7,16.4,https://leetcode.com/problems/profitable-schemes,"Array, Dynamic Programming, Knapsack Problem, 0-1 Knapsack"
2536,HARD,Sum of Prefix Scores of Strings,2,32.7,16.4,https://leetcode.com/problems/sum-of-prefix-scores-of-strings,"Array, String, Trie, Counting"
2537,MEDIUM,Maximum Product of Word Lengths,2,32.6,16.3,https://leetcode.com/problems/maximum-product-of-word-lengths,"Array, String, Bit Manipulation"
2538,MEDIUM,Number of Good Ways to Split a String,2,32.4,16.2,https://leetcode.com/problems/number-of-good-ways-to-split-a-string,"Hash Table, String, Dynamic Programming, Bit Manipulation, Prefix Sum"
2539,MEDIUM,Count Submatrices With Equal Frequency of X and Y,2,32.3,16.1,https://leetcode.com/problems/count-submatrices-with-equal-frequency-of-x-and-y,"Array, Matrix, Prefix Sum"
2540,MEDIUM,Maximum Size of a Set After Removals,2,32.3,16.1,https://leetcode.com/problems/maximum-size-of-a-set-after-removals,"Array, Hash Table, Greedy"
2541,MEDIUM,Maximum of Absolute Value Expression,2,32.3,16.1,https://leetcode.com/problems/maximum-of-absolute-value-expression,"Array, Math"
2542,MEDIUM,Minimum Amount of Time to Collect Garbage,2,32.3,16.1,https://leetcode.com/problems/minimum-amount-of-time-to-collect-garbage,"Array, String, Prefix Sum"
2543,MEDIUM,Stable Subarrays With Equal Boundary and Interior Sum,2,32.3,16.1,https://leetcode.com/problems/stable-subarrays-with-equal-boundary-and-interior-sum,"Array, Hash Table, Prefix Sum"
2544,MEDIUM,Longest Arithmetic Sequence After Changing At Most One Element,1,32.3,32.3,https://leetcode.com/problems/longest-arithmetic-sequence-after-changing-at-most-one-element,"Array, Enumeration"
2545,HARD,Maximum Number of Groups With Increasing Length,1,32.3,32.3,https://leetcode.com/problems/maximum-number-of-groups-with-increasing-length,"Array, Math, Binary Search, Greedy, Sorting"
2546,MEDIUM,Minimum Difference Between Largest and Smallest Value in Three Moves,2,32.2,16.1,https://leetcode.com/problems/minimum-difference-between-largest-and-smallest-value-in-three-moves,"Array, Greedy, Sorting"
2547,EASY,Find Most Frequent Vowel and Consonant,3,32.1,10.7,https://leetcode.com/problems/find-most-frequent-vowel-and-consonant,"Hash Table, String, Counting"
2548,EASY,Distance Between Bus Stops,2,32.1,16.0,https://leetcode.com/problems/distance-between-bus-stops,Array
2549,MEDIUM,Earliest Finish Time for Land and Water Rides II,2,32.1,16.0,https://leetcode.com/problems/earliest-finish-time-for-land-and-water-rides-ii,"Array, Two Pointers, Binary Search, Greedy, Sorting"
2550,MEDIUM,Check Knight Tour Configuration,3,32.0,10.7,https://leetcode.com/problems/check-knight-tour-configuration,"Array, Depth-First Search, Breadth-First Search, Matrix, Simulation"
2551,HARD,Total Appeal of A String,2,32.0,16.0,https://leetcode.com/problems/total-appeal-of-a-string,"Hash Table, String, Dynamic Programming"
2552,MEDIUM,Find All Possible Stable Binary Arrays I,4,31.9,8.0,https://leetcode.com/problems/find-all-possible-stable-binary-arrays-i,"Dynamic Programming, Prefix Sum"
2553,EASY,Find the Middle Index in Array,3,31.8,10.6,https://leetcode.com/problems/find-the-middle-index-in-array,"Array, Prefix Sum"
2554,HARD,Minimum Weighted Subgraph With the Required Paths,1,31.8,31.8,https://leetcode.com/problems/minimum-weighted-subgraph-with-the-required-paths,"Graph Theory, Heap (Priority Queue), Shortest Path"
2555,MEDIUM,Maximum Number of Points with Cost,2,31.7,15.8,https://leetcode.com/problems/maximum-number-of-points-with-cost,"Array, Dynamic Programming, Matrix"
2556,MEDIUM,Distant Barcodes,2,31.6,15.8,https://leetcode.com/problems/distant-barcodes,"Array, Hash Table, Greedy, Sorting, Heap (Priority Queue), Counting"
2557,MEDIUM,Find the Power of K-Size Subarrays I,4,31.5,7.9,https://leetcode.com/problems/find-the-power-of-k-size-subarrays-i,"Array, Sliding Window"
2558,MEDIUM,Clone Binary Tree With Random Pointer,2,31.5,15.8,https://leetcode.com/problems/clone-binary-tree-with-random-pointer,"Hash Table, Tree, Depth-First Search, Breadth-First Search, Binary Tree"
2559,MEDIUM,Maximum Total from Optimal Activation Order,2,31.5,15.8,https://leetcode.com/problems/maximum-total-from-optimal-activation-order,"Array, Two Pointers, Greedy, Sorting, Heap (Priority Queue)"
2560,MEDIUM,Make String a Subsequence Using Cyclic Increments,1,31.3,31.3,https://leetcode.com/problems/make-string-a-subsequence-using-cyclic-increments,"Two Pointers, String"
2561,MEDIUM,Minimum Total Cost to Process All Elements,1,31.3,31.3,https://leetcode.com/problems/minimum-total-cost-to-process-all-elements,
2562,HARD,Substring With Largest Variance,1,31.3,31.3,https://leetcode.com/problems/substring-with-largest-variance,"Hash Table, String, Dynamic Programming, Enumeration"
2563,HARD,Find the K-th Character in String Game II,3,31.1,10.4,https://leetcode.com/problems/find-the-k-th-character-in-string-game-ii,"Math, Bit Manipulation, Recursion"
2564,MEDIUM,Count Paths With the Given XOR Value,1,31.1,31.1,https://leetcode.com/problems/count-paths-with-the-given-xor-value,"Array, Dynamic Programming, Bit Manipulation, Matrix"
2565,MEDIUM,Maximum Number of Operations With the Same Score II,1,31.1,31.1,https://leetcode.com/problems/maximum-number-of-operations-with-the-same-score-ii,"Array, Dynamic Programming, Memoization"
2566,MEDIUM,Reduction Operations to Make the Array Elements Equal,1,31.1,31.1,https://leetcode.com/problems/reduction-operations-to-make-the-array-elements-equal,"Array, Sorting"
2567,MEDIUM,The Knight’s Tour,1,31.1,31.1,https://leetcode.com/problems/the-knights-tour,"Array, Backtracking, Matrix"
2568,HARD,Minimum Operations to Make Array Elements Zero,3,31.0,10.3,https://leetcode.com/problems/minimum-operations-to-make-array-elements-zero,"Array, Math, Bit Manipulation"
2569,EASY,Patients With a Condition,4,30.9,7.7,https://leetcode.com/problems/patients-with-a-condition,Database
2570,EASY,Sales Person,3,30.7,10.2,https://leetcode.com/problems/sales-person,Database
2571,HARD,Number of Distinct Islands II,2,30.6,15.3,https://leetcode.com/problems/number-of-distinct-islands-ii,"Array, Hash Table, Depth-First Search, Breadth-First Search, Union-Find, Sorting, Matrix, Hash Function"
2572,HARD,Find the Kth Smallest Sum of a Matrix With Sorted Rows,2,30.6,15.3,https://leetcode.com/problems/find-the-kth-smallest-sum-of-a-matrix-with-sorted-rows,"Array, Binary Search, Heap (Priority Queue), Matrix"
2573,EASY,Special Positions in a Binary Matrix,2,30.5,15.2,https://leetcode.com/problems/special-positions-in-a-binary-matrix,"Array, Matrix"
2574,HARD,Longest Increasing Subsequence II,2,30.4,15.2,https://leetcode.com/problems/longest-increasing-subsequence-ii,"Array, Divide and Conquer, Dynamic Programming, Binary Indexed Tree, Segment Tree, Queue, Monotonic Queue"
2575,MEDIUM,Design a Number Container System,1,30.4,30.4,https://leetcode.com/problems/design-a-number-container-system,"Hash Table, Design, Heap (Priority Queue), Ordered Set"
2576,HARD,Count Stepping Numbers in Range,2,30.1,15.1,https://leetcode.com/problems/count-stepping-numbers-in-range,"String, Dynamic Programming"
2577,HARD,Decode Ways II,2,30.1,15.1,https://leetcode.com/problems/decode-ways-ii,"String, Dynamic Programming"
2578,MEDIUM,H-Index II,2,30.1,15.1,https://leetcode.com/problems/h-index-ii,"Array, Binary Search"
2579,EASY,Minimum Deletions for At Most K Distinct Characters,2,30.1,15.1,https://leetcode.com/problems/minimum-deletions-for-at-most-k-distinct-characters,"Hash Table, String, Greedy, Sorting, Counting"
2580,MEDIUM,Strong Friendship,2,30.1,15.1,https://leetcode.com/problems/strong-friendship,Database
2581,MEDIUM,Maximum Number of Fish in a Grid,4,30.0,7.5,https://leetcode.com/problems/maximum-number-of-fish-in-a-grid,"Array, Depth-First Search, Breadth-First Search, Union-Find, Matrix"
2582,MEDIUM,Longest Square Streak in an Array,3,30.0,10.0,https://leetcode.com/problems/longest-square-streak-in-an-array,"Array, Hash Table, Binary Search, Dynamic Programming, Sorting"
2583,MEDIUM,Print Binary Tree,4,29.9,7.5,https://leetcode.com/problems/print-binary-tree,"Tree, Depth-First Search, Breadth-First Search, Binary Tree"
2584,EASY,Maximum Difference by Remapping a Digit,3,29.9,10.0,https://leetcode.com/problems/maximum-difference-by-remapping-a-digit,"Math, Greedy"
2585,EASY,Select Data,3,29.8,9.9,https://leetcode.com/problems/select-data,
2586,MEDIUM,Largest Sum of Averages,2,29.8,14.9,https://leetcode.com/problems/largest-sum-of-averages,"Array, Dynamic Programming, Prefix Sum"
2587,EASY,Make Two Arrays Equal by Reversing Subarrays,2,29.7,14.8,https://leetcode.com/problems/make-two-arrays-equal-by-reversing-subarrays,"Array, Hash Table, Sorting"
2588,MEDIUM,Android Unlock Patterns,1,29.7,29.7,https://leetcode.com/problems/android-unlock-patterns,"Dynamic Programming, Backtracking, Bit Manipulation, Bitmask"
2589,MEDIUM,Path In Zigzag Labelled Binary Tree,1,29.7,29.7,https://leetcode.com/problems/path-in-zigzag-labelled-binary-tree,"Math, Tree, Binary Tree"
2590,MEDIUM,Short Encoding of Words,1,29.5,29.5,https://leetcode.com/problems/short-encoding-of-words,"Array, Hash Table, String, Trie"
2591,HARD,Cat and Mouse,2,29.4,14.7,https://leetcode.com/problems/cat-and-mouse,"Math, Dynamic Programming, Graph Theory, Topological Sort, Memoization, Minimax, Game Theory, Zero-Sum Game"
2592,HARD,Minimum Distance to Type a Word Using Two Fingers,2,29.4,14.7,https://leetcode.com/problems/minimum-distance-to-type-a-word-using-two-fingers,"String, Dynamic Programming"
2593,MEDIUM,Describe the Painting,2,29.4,14.7,https://leetcode.com/problems/describe-the-painting,"Array, Hash Table, Sorting, Prefix Sum"
2594,EASY,X of a Kind in a Deck of Cards,2,29.4,14.7,https://leetcode.com/problems/x-of-a-kind-in-a-deck-of-cards,"Array, Hash Table, Math, Counting, Number Theory, Euclidean Algorithm, Greatest Common Divisor"
2595,EASY,Final Array State After K Multiplication Operations I,3,29.3,9.8,https://leetcode.com/problems/final-array-state-after-k-multiplication-operations-i,"Array, Math, Heap (Priority Queue), Simulation"
2596,HARD,Longest Balanced Subarray II,2,29.3,14.7,https://leetcode.com/problems/longest-balanced-subarray-ii,"Array, Hash Table, Divide and Conquer, Segment Tree, Prefix Sum"
2597,MEDIUM,Bulb Switcher II,1,29.3,29.3,https://leetcode.com/problems/bulb-switcher-ii,"Math, Bit Manipulation, Depth-First Search, Breadth-First Search"
2598,MEDIUM,Find the Start and End Number of Continuous Ranges,1,29.3,29.3,https://leetcode.com/problems/find-the-start-and-end-number-of-continuous-ranges,Database
2599,HARD,Maximum Subgraph Score in a Tree,1,29.3,29.3,https://leetcode.com/problems/maximum-subgraph-score-in-a-tree,"Array, Dynamic Programming, Tree, Depth-First Search"
2600,MEDIUM,Number of Times Binary String Is Prefix-Aligned,1,29.3,29.3,https://leetcode.com/problems/number-of-times-binary-string-is-prefix-aligned,Array
2601,EASY,N-ary Tree Postorder Traversal,3,29.2,9.7,https://leetcode.com/problems/n-ary-tree-postorder-traversal,"Stack, Tree, Depth-First Search"
2602,MEDIUM,Shortest Distance After Road Addition Queries I,3,29.2,9.7,https://leetcode.com/problems/shortest-distance-after-road-addition-queries-i,"Array, Breadth-First Search, Graph Theory"
2603,HARD,Maximum Number of Books You Can Take,1,29.1,29.1,https://leetcode.com/problems/maximum-number-of-books-you-can-take,"Array, Dynamic Programming, Stack, Monotonic Stack"
2604,HARD,Minimum Swaps to Avoid Forbidden Values,1,29.1,29.1,https://leetcode.com/problems/minimum-swaps-to-avoid-forbidden-values,"Array, Hash Table, Greedy, Counting"
2605,HARD,Maximum Score of a Good Subarray,2,29.1,14.5,https://leetcode.com/problems/maximum-score-of-a-good-subarray,"Array, Two Pointers, Binary Search, Stack, Monotonic Stack, Cartesian Tree"
2606,EASY,A Number After a Double Reversal,4,29.0,7.2,https://leetcode.com/problems/a-number-after-a-double-reversal,Math
2607,EASY,Sort By,3,29.0,9.7,https://leetcode.com/problems/sort-by,
2608,EASY,Minimum Element After Replacement With Digit Sum,3,28.9,9.6,https://leetcode.com/problems/minimum-element-after-replacement-with-digit-sum,"Array, Math"
2609,HARD,Number of Ways to Assign Edge Weights II,3,28.9,9.6,https://leetcode.com/problems/number-of-ways-to-assign-edge-weights-ii,"Array, Math, Dynamic Programming, Bit Manipulation, Tree, Depth-First Search"
2610,EASY,Count Items Matching a Rule,2,28.9,14.4,https://leetcode.com/problems/count-items-matching-a-rule,"Array, String"
2611,MEDIUM,Longest Non-Decreasing Subarray After Replacing at Most One Element,1,28.9,28.9,https://leetcode.com/problems/longest-non-decreasing-subarray-after-replacing-at-most-one-element,"Array, Dynamic Programming"
2612,HARD,Report Contiguous Dates,2,28.7,14.3,https://leetcode.com/problems/report-contiguous-dates,Database
2613,MEDIUM,Minimum Average Difference,2,28.6,14.3,https://leetcode.com/problems/minimum-average-difference,"Array, Prefix Sum"
2614,MEDIUM,Minimum Number of Operations to Make Array Empty,2,28.6,14.3,https://leetcode.com/problems/minimum-number-of-operations-to-make-array-empty,"Array, Hash Table, Greedy, Counting"
2615,MEDIUM,Number of Laser Beams in a Bank,2,28.6,14.3,https://leetcode.com/problems/number-of-laser-beams-in-a-bank,"Array, Math, String, Matrix"
2616,EASY,Remove Palindromic Subsequences,2,28.6,14.3,https://leetcode.com/problems/remove-palindromic-subsequences,"Two Pointers, String"
2617,MEDIUM,Solve the Equation,2,28.6,14.3,https://leetcode.com/problems/solve-the-equation,"Math, String, Simulation, Linear Algebra"
2618,EASY,Split With Minimum Sum,2,28.6,14.3,https://leetcode.com/problems/split-with-minimum-sum,"Math, Greedy, Sorting"
2619,MEDIUM,Count of Interesting Subarrays,4,28.6,7.1,https://leetcode.com/problems/count-of-interesting-subarrays,"Array, Hash Table, Prefix Sum"
2620,HARD,Minimum Number of K Consecutive Bit Flips,3,28.6,9.5,https://leetcode.com/problems/minimum-number-of-k-consecutive-bit-flips,"Array, Bit Manipulation, Queue, Sliding Window, Prefix Sum, Brute-Force Search"
2621,MEDIUM,Circle and Rectangle Overlapping,2,28.4,14.2,https://leetcode.com/problems/circle-and-rectangle-overlapping,"Math, Geometry"
2622,MEDIUM,Minimum Increments to Equalize Leaf Paths,2,28.4,14.2,https://leetcode.com/problems/minimum-increments-to-equalize-leaf-paths,"Array, Dynamic Programming, Tree, Depth-First Search"
2623,HARD,Prefix and Suffix Search,2,28.4,14.2,https://leetcode.com/problems/prefix-and-suffix-search,"Array, Hash Table, String, Design, Trie"
2624,EASY,Decompress Run-Length Encoded List,2,28.2,14.1,https://leetcode.com/problems/decompress-run-length-encoded-list,Array
2625,MEDIUM,Destroying Asteroids,2,28.2,14.1,https://leetcode.com/problems/destroying-asteroids,"Array, Greedy, Sorting"
2626,EASY,Prime Number of Set Bits in Binary Representation,2,28.1,14.1,https://leetcode.com/problems/prime-number-of-set-bits-in-binary-representation,"Math, Bit Manipulation, Primality Test"
2627,MEDIUM,Sender With Largest Word Count,1,28.1,28.1,https://leetcode.com/problems/sender-with-largest-word-count,"Array, Hash Table, String, Counting"
2628,HARD,Sum of Good Subsequences,1,28.1,28.1,https://leetcode.com/problems/sum-of-good-subsequences,"Array, Hash Table, Dynamic Programming"
2629,EASY,Display the First Three Rows,4,28.0,7.0,https://leetcode.com/problems/display-the-first-three-rows,
2630,HARD,Minimum Pair Removal to Sort Array II,3,28.0,9.3,https://leetcode.com/problems/minimum-pair-removal-to-sort-array-ii,"Array, Hash Table, Linked List, Heap (Priority Queue), Simulation, Doubly-Linked List, Ordered Set"
2631,MEDIUM,Minimum Swaps to Arrange a Binary Grid,2,28.0,14.0,https://leetcode.com/problems/minimum-swaps-to-arrange-a-binary-grid,"Array, Greedy, Matrix"
2632,MEDIUM,Count of Substrings Containing Every Vowel and K Consonants II,3,27.9,9.3,https://leetcode.com/problems/count-of-substrings-containing-every-vowel-and-k-consonants-ii,"Hash Table, String, Sliding Window"
2633,EASY,Group Sold Products By The Date,3,27.8,9.3,https://leetcode.com/problems/group-sold-products-by-the-date,Database
2634,MEDIUM,N-ary Tree Level Order Traversal,3,27.8,9.3,https://leetcode.com/problems/n-ary-tree-level-order-traversal,"Tree, Breadth-First Search"
2635,MEDIUM,Design an Expression Tree With Evaluate Function,1,27.8,27.8,https://leetcode.com/problems/design-an-expression-tree-with-evaluate-function,"Array, Math, Stack, Tree, Design, Binary Tree"
2636,HARD,Graph Connectivity With Threshold,1,27.8,27.8,https://leetcode.com/problems/graph-connectivity-with-threshold,"Array, Math, Union-Find, Number Theory"
2637,EASY,Check If All 1's Are at Least Length K Places Away,3,27.8,9.3,https://leetcode.com/problems/check-if-all-1s-are-at-least-length-k-places-away,Array
2638,EASY,Number of Common Factors,2,27.8,13.9,https://leetcode.com/problems/number-of-common-factors,"Math, Enumeration, Number Theory, Euclidean Algorithm, Greatest Common Divisor"
2639,MEDIUM,Number of Boomerangs,2,27.7,13.8,https://leetcode.com/problems/number-of-boomerangs,"Array, Hash Table, Math"
2640,MEDIUM,Find Good Days to Rob the Bank,2,27.4,13.7,https://leetcode.com/problems/find-good-days-to-rob-the-bank,"Array, Dynamic Programming, Prefix Sum"
2641,MEDIUM,Find the Divisibility Array of a String,2,27.4,13.7,https://leetcode.com/problems/find-the-divisibility-array-of-a-string,"Array, Math, String"
2642,MEDIUM,Split Array into Fibonacci Sequence,2,27.4,13.7,https://leetcode.com/problems/split-array-into-fibonacci-sequence,"String, Backtracking"
2643,EASY,All the Matches of the League,1,27.3,27.3,https://leetcode.com/problems/all-the-matches-of-the-league,Database
2644,MEDIUM,Average Height of Buildings in Each Segment,1,27.3,27.3,https://leetcode.com/problems/average-height-of-buildings-in-each-segment,"Array, Sorting, Heap (Priority Queue), Prefix Sum"
2645,MEDIUM,Count Substrings That Differ by One Character,1,27.3,27.3,https://leetcode.com/problems/count-substrings-that-differ-by-one-character,"Hash Table, String, Dynamic Programming, Enumeration"
2646,EASY,Delete N Nodes After M Nodes of a Linked List,1,27.3,27.3,https://leetcode.com/problems/delete-n-nodes-after-m-nodes-of-a-linked-list,Linked List
2647,MEDIUM,Delete Tree Nodes,1,27.3,27.3,https://leetcode.com/problems/delete-tree-nodes,"Array, Tree, Depth-First Search, Breadth-First Search, DP on Trees"
2648,HARD,Equal Rational Numbers,1,27.3,27.3,https://leetcode.com/problems/equal-rational-numbers,"Math, String"
2649,EASY,Find All The Lonely Nodes,1,27.3,27.3,https://leetcode.com/problems/find-all-the-lonely-nodes,"Tree, Depth-First Search, Breadth-First Search, Binary Tree"
2650,MEDIUM,Find Smallest Common Element in All Rows,1,27.3,27.3,https://leetcode.com/problems/find-smallest-common-element-in-all-rows,"Array, Hash Table, Binary Search, Matrix, Counting"
2651,MEDIUM,Find the Level of Tree with Minimum Sum,1,27.3,27.3,https://leetcode.com/problems/find-the-level-of-tree-with-minimum-sum,"Tree, Depth-First Search, Breadth-First Search, Binary Tree"
2652,HARD,Get the Second Most Recent Activity,1,27.3,27.3,https://leetcode.com/problems/get-the-second-most-recent-activity,Database
2653,EASY,Greatest English Letter in Upper and Lower Case,1,27.3,27.3,https://leetcode.com/problems/greatest-english-letter-in-upper-and-lower-case,"Hash Table, String, Enumeration"
2654,MEDIUM,Make the Prefix Sum Non-negative,1,27.3,27.3,https://leetcode.com/problems/make-the-prefix-sum-non-negative,"Array, Greedy, Heap (Priority Queue)"
2655,HARD,Maximize Number of Nice Divisors,1,27.3,27.3,https://leetcode.com/problems/maximize-number-of-nice-divisors,"Math, Recursion, Number Theory"
2656,HARD,Maximum Number of Intersections on the Chart,1,27.3,27.3,https://leetcode.com/problems/maximum-number-of-intersections-on-the-chart,"Array, Hash Table, Math, Binary Indexed Tree, Geometry, Sweep Line, Sorting"
2657,EASY,Maximum Number of Operations With the Same Score I,1,27.3,27.3,https://leetcode.com/problems/maximum-number-of-operations-with-the-same-score-i,"Array, Simulation"
2658,MEDIUM,Maximum Price to Fill a Bag,1,27.3,27.3,https://leetcode.com/problems/maximum-price-to-fill-a-bag,"Array, Greedy, Sorting"
2659,HARD,Maximum Score Of Spliced Array,1,27.3,27.3,https://leetcode.com/problems/maximum-score-of-spliced-array,"Array, Dynamic Programming"
2660,MEDIUM,Minimum Cost to Separate Sentence Into Rows,1,27.3,27.3,https://leetcode.com/problems/minimum-cost-to-separate-sentence-into-rows,"String, Dynamic Programming"
2661,MEDIUM,Minimum Deletions to Make Array Beautiful,1,27.3,27.3,https://leetcode.com/problems/minimum-deletions-to-make-array-beautiful,"Array, Stack, Greedy"
2662,HARD,Minimum Incompatibility,1,27.3,27.3,https://leetcode.com/problems/minimum-incompatibility,"Array, Hash Table, Dynamic Programming, Bit Manipulation, Bitmask"
2663,MEDIUM,Minimum Rectangles to Cover Points,1,27.3,27.3,https://leetcode.com/problems/minimum-rectangles-to-cover-points,"Array, Greedy, Sorting"
2664,MEDIUM,Number of Distinct Binary Strings After Applying Operations,1,27.3,27.3,https://leetcode.com/problems/number-of-distinct-binary-strings-after-applying-operations,"Math, String"
2665,MEDIUM,Number of Ways to Split a String,1,27.3,27.3,https://leetcode.com/problems/number-of-ways-to-split-a-string,"Math, String"
2666,HARD,Palindrome Removal,1,27.3,27.3,https://leetcode.com/problems/palindrome-removal,"Array, Dynamic Programming"
2667,EASY,Reformat The String,1,27.3,27.3,https://leetcode.com/problems/reformat-the-string,String
2668,EASY,Replace All ?'s to Avoid Consecutive Repeating Characters,1,27.3,27.3,https://leetcode.com/problems/replace-all-s-to-avoid-consecutive-repeating-characters,String
2669,MEDIUM,Smallest Number With Given Digit Product,1,27.3,27.3,https://leetcode.com/problems/smallest-number-with-given-digit-product,"Math, Greedy"
2670,MEDIUM,Statistics from a Large Sample,1,27.3,27.3,https://leetcode.com/problems/statistics-from-a-large-sample,"Array, Math, Probability and Statistics"
2671,MEDIUM,The Number of Full Rounds You Have Played,1,27.3,27.3,https://leetcode.com/problems/the-number-of-full-rounds-you-have-played,"Math, String"
2672,MEDIUM,Widest Pair of Indices With Equal Range Sum,1,27.3,27.3,https://leetcode.com/problems/widest-pair-of-indices-with-equal-range-sum,"Array, Hash Table, Prefix Sum"
2673,HARD,Find the Count of Good Integers,2,27.0,13.5,https://leetcode.com/problems/find-the-count-of-good-integers,"Hash Table, Math, Combinatorics, Enumeration"
2674,MEDIUM,Append Characters to String to Make Subsequence,2,26.9,13.4,https://leetcode.com/problems/append-characters-to-string-to-make-subsequence,"Two Pointers, String, Greedy"
2675,EASY,Number of Distinct Averages,2,26.9,13.4,https://leetcode.com/problems/number-of-distinct-averages,"Array, Hash Table, Two Pointers, Sorting"
2676,EASY,Valid Boomerang,2,26.8,13.4,https://leetcode.com/problems/valid-boomerang,"Array, Math, Geometry"
2677,HARD,Longest Common Suffix Queries,2,26.7,13.3,https://leetcode.com/problems/longest-common-suffix-queries,"Array, String, Trie"
2678,EASY,Find a Corresponding Node of a Binary Tree in a Clone of That Tree,1,26.7,26.7,https://leetcode.com/problems/find-a-corresponding-node-of-a-binary-tree-in-a-clone-of-that-tree,"Tree, Depth-First Search, Breadth-First Search, Binary Tree"
2679,MEDIUM,Find the Most Common Response,1,26.7,26.7,https://leetcode.com/problems/find-the-most-common-response,"Array, Hash Table, String, Counting"
2680,MEDIUM,Maximum Path Score in a Grid,2,26.6,13.3,https://leetcode.com/problems/maximum-path-score-in-a-grid,"Array, Dynamic Programming, Matrix"
2681,HARD,Number of ZigZag Arrays II,3,26.5,8.8,https://leetcode.com/problems/number-of-zigzag-arrays-ii,"Math, Dynamic Programming"
2682,MEDIUM,Find the Smallest Balanced Index,2,26.5,13.2,https://leetcode.com/problems/find-the-smallest-balanced-index,"Array, Prefix Sum"
2683,MEDIUM,Maximum Compatibility Score Sum,2,26.5,13.2,https://leetcode.com/problems/maximum-compatibility-score-sum,"Array, Dynamic Programming, Backtracking, Bit Manipulation, Bitmask, Hungarian Algorithm, Bipartite Graph, Successive Shortest Path Algorithm, Matching (Graph), Perfect Matching, Minimum-Cost Flow, Flow Network"
2684,HARD,GCD Sort of an Array,1,26.5,26.5,https://leetcode.com/problems/gcd-sort-of-an-array,"Array, Math, Union-Find, Sorting, Number Theory, Prime Factorization, Euclidean Algorithm, Greatest Common Divisor"
2685,HARD,Maximize Fixed Points After Deletions,1,26.5,26.5,https://leetcode.com/problems/maximize-fixed-points-after-deletions,"Array, Binary Search, Sorting"
2686,EASY,Substring Matching Pattern,1,26.5,26.5,https://leetcode.com/problems/substring-matching-pattern,"String, String Matching"
2687,MEDIUM,Complete Binary Tree Inserter,3,26.4,8.8,https://leetcode.com/problems/complete-binary-tree-inserter,"Tree, Breadth-First Search, Design, Binary Tree"
2688,MEDIUM,Check if Word Can Be Placed In Crossword,1,26.3,26.3,https://leetcode.com/problems/check-if-word-can-be-placed-in-crossword,"Array, Matrix, Enumeration"
2689,MEDIUM,Count Special Subsequences,1,26.3,26.3,https://leetcode.com/problems/count-special-subsequences,"Array, Hash Table, Math, Enumeration"
2690,HARD,Maximum Score of a Node Sequence,1,26.3,26.3,https://leetcode.com/problems/maximum-score-of-a-node-sequence,"Array, Graph Theory, Sorting, Enumeration"
2691,MEDIUM,Beautiful Arrangement II,2,26.2,13.1,https://leetcode.com/problems/beautiful-arrangement-ii,"Array, Math"
2692,MEDIUM,Range Sum of Sorted Subarray Sums,2,26.2,13.1,https://leetcode.com/problems/range-sum-of-sorted-subarray-sums,"Array, Two Pointers, Binary Search, Sorting, Prefix Sum"
2693,EASY,Rearrange Spaces Between Words,2,26.2,13.1,https://leetcode.com/problems/rearrange-spaces-between-words,String
2694,MEDIUM,Total Waviness of Numbers in Range I,2,26.1,13.1,https://leetcode.com/problems/total-waviness-of-numbers-in-range-i,"Math, Dynamic Programming, Enumeration"
2695,EASY,Check if Array is Good,3,26.0,8.7,https://leetcode.com/problems/check-if-array-is-good,"Array, Hash Table, Sorting"
2696,EASY,Find Closest Person,4,25.9,6.5,https://leetcode.com/problems/find-closest-person,Math
2697,HARD,Minimize Max Distance to Gas Station,2,25.9,12.9,https://leetcode.com/problems/minimize-max-distance-to-gas-station,"Array, Binary Search"
2698,MEDIUM,Mirror Reflection,3,25.7,8.6,https://leetcode.com/problems/mirror-reflection,"Math, Geometry, Number Theory, Least Common Multiple, Greatest Common Divisor"
2699,EASY,Number of Segments in a String,3,25.7,8.6,https://leetcode.com/problems/number-of-segments-in-a-string,String
2700,MEDIUM,Remove Methods From Project,3,25.6,8.5,https://leetcode.com/problems/remove-methods-from-project,"Depth-First Search, Breadth-First Search, Graph Theory"
2701,MEDIUM,Generate Schedule,1,25.3,25.3,https://leetcode.com/problems/generate-schedule,"Array, Math, Greedy"
2702,HARD,Minimum Operations to Make a Subsequence,2,25.2,12.6,https://leetcode.com/problems/minimum-operations-to-make-a-subsequence,"Array, Hash Table, Binary Search, Greedy, Longest Increasing Subsequence"
2703,MEDIUM,Plus One Linked List,2,25.2,12.6,https://leetcode.com/problems/plus-one-linked-list,"Linked List, Math"
2704,MEDIUM,Binary Search Tree Iterator II,1,25.1,25.1,https://leetcode.com/problems/binary-search-tree-iterator-ii,"Stack, Tree, Design, Binary Search Tree, Binary Tree, Iterator"
2705,HARD,Design an Array Statistics Tracker ,1,25.1,25.1,https://leetcode.com/problems/design-an-array-statistics-tracker,"Hash Table, Binary Search, Design, Queue, Heap (Priority Queue), Data Stream, Ordered Set"
2706,EASY,Friend Requests I: Overall Acceptance Rate,1,25.1,25.1,https://leetcode.com/problems/friend-requests-i-overall-acceptance-rate,Database
2707,MEDIUM,Maximize Y‑Sum by Picking a Triplet of Distinct X‑Values,1,25.1,25.1,https://leetcode.com/problems/maximize-ysum-by-picking-a-triplet-of-distinct-xvalues,"Array, Hash Table, Greedy, Sorting, Heap (Priority Queue)"
2708,HARD,Maximum Bitwise AND After Increment Operations,1,25.1,25.1,https://leetcode.com/problems/maximum-bitwise-and-after-increment-operations,"Array, Greedy, Bit Manipulation, Sorting"
2709,MEDIUM,Minimum Operations to Sort a Permutation,1,25.1,25.1,https://leetcode.com/problems/minimum-operations-to-sort-a-permutation,Array
2710,MEDIUM,Minimum Operations to Sort a String,1,25.1,25.1,https://leetcode.com/problems/minimum-operations-to-sort-a-string,String
2711,EASY,Minimum Sum of Four Digit Number After Splitting Digits,1,25.1,25.1,https://leetcode.com/problems/minimum-sum-of-four-digit-number-after-splitting-digits,"Math, Greedy, Sorting"
2712,MEDIUM,Page Recommendations,1,25.1,25.1,https://leetcode.com/problems/page-recommendations,Database
2713,HARD,Page Recommendations II,1,25.1,25.1,https://leetcode.com/problems/page-recommendations-ii,Database
2714,MEDIUM,Append K Integers With Minimal Sum,2,25.0,12.5,https://leetcode.com/problems/append-k-integers-with-minimal-sum,"Array, Math, Greedy, Sorting"
2715,MEDIUM,Complex Number Multiplication,2,25.0,12.5,https://leetcode.com/problems/complex-number-multiplication,"Math, String, Simulation"
2716,EASY,Kth Distinct String in an Array,2,25.0,12.5,https://leetcode.com/problems/kth-distinct-string-in-an-array,"Array, Hash Table, String, Counting"
2717,MEDIUM,Maximum Subarray Sum After Multiplier,2,25.0,12.5,https://leetcode.com/problems/maximum-subarray-sum-after-multiplier,"Array, Dynamic Programming"
2718,MEDIUM,Minimize the Difference Between Target and Chosen Elements,2,25.0,12.5,https://leetcode.com/problems/minimize-the-difference-between-target-and-chosen-elements,"Array, Dynamic Programming, Matrix"
2719,EASY,Minimum Average of Smallest and Largest Elements,2,25.0,12.5,https://leetcode.com/problems/minimum-average-of-smallest-and-largest-elements,"Array, Two Pointers, Sorting"
2720,HARD,Merge BSTs to Create Single BST,3,24.7,8.2,https://leetcode.com/problems/merge-bsts-to-create-single-bst,"Array, Hash Table, Tree, Depth-First Search, Binary Search Tree, Binary Tree"
2721,MEDIUM,Unit Conversion II,1,24.6,24.6,https://leetcode.com/problems/unit-conversion-ii,"Array, Math, Depth-First Search, Breadth-First Search, Graph Theory"
2722,HARD,Shortest Impossible Sequence of Rolls,2,24.6,12.3,https://leetcode.com/problems/shortest-impossible-sequence-of-rolls,"Array, Hash Table, Greedy"
2723,HARD,Delete Columns to Make Sorted III,2,24.5,12.2,https://leetcode.com/problems/delete-columns-to-make-sorted-iii,"Array, String, Dynamic Programming"
2724,MEDIUM,Find Champion II,2,24.5,12.2,https://leetcode.com/problems/find-champion-ii,Graph Theory
2725,HARD,K-Similar Strings,2,24.5,12.2,https://leetcode.com/problems/k-similar-strings,"Hash Table, String, Breadth-First Search"
2726,HARD,Number of Unique Good Subsequences,2,24.5,12.2,https://leetcode.com/problems/number-of-unique-good-subsequences,"String, Dynamic Programming"
2727,MEDIUM,Range Addition,2,24.5,12.2,https://leetcode.com/problems/range-addition,"Array, Prefix Sum"
2728,MEDIUM,Fill a Special Grid,1,24.4,24.4,https://leetcode.com/problems/fill-a-special-grid,"Array, Divide and Conquer, Matrix"
2729,MEDIUM,Maximum Square Area by Removing Fences From a Field,2,23.9,11.9,https://leetcode.com/problems/maximum-square-area-by-removing-fences-from-a-field,"Array, Hash Table, Enumeration"
2730,HARD,Maximize Active Section with Trade II,3,23.7,7.9,https://leetcode.com/problems/maximize-active-section-with-trade-ii,"Array, String, Binary Search, Segment Tree"
2731,MEDIUM,Transpose File,3,23.7,7.9,https://leetcode.com/problems/transpose-file,Shell
2732,MEDIUM,Twisted Mirror Path Count,2,23.7,11.8,https://leetcode.com/problems/twisted-mirror-path-count,"Array, Dynamic Programming, Matrix"
2733,MEDIUM,Count Beautiful Substrings I,1,23.6,23.6,https://leetcode.com/problems/count-beautiful-substrings-i,"Hash Table, Math, String, Enumeration, Number Theory, Prefix Sum"
2734,HARD,Longest Common Subpath,1,23.6,23.6,https://leetcode.com/problems/longest-common-subpath,"Array, Binary Search, Rolling Hash, Suffix Array, Hash Function, Suffix Automaton, Suffix Tree"
2735,MEDIUM,Maximize Number of Subsequences in a String,1,23.6,23.6,https://leetcode.com/problems/maximize-number-of-subsequences-in-a-string,"String, Greedy, Prefix Sum"
2736,MEDIUM,Maximize the Profit as the Salesman,1,23.6,23.6,https://leetcode.com/problems/maximize-the-profit-as-the-salesman,"Array, Hash Table, Binary Search, Dynamic Programming, Sorting"
2737,MEDIUM,Maximum Alternating Subarray Sum,1,23.6,23.6,https://leetcode.com/problems/maximum-alternating-subarray-sum,"Array, Dynamic Programming"
2738,MEDIUM,Maximum Consecutive Floors Without Special Floors,1,23.6,23.6,https://leetcode.com/problems/maximum-consecutive-floors-without-special-floors,"Array, Sorting"
2739,MEDIUM,Minimize Array Sum Using Divisible Replacements,1,23.6,23.6,https://leetcode.com/problems/minimize-array-sum-using-divisible-replacements,"Array, Hash Table, Math, Greedy, Number Theory"
2740,MEDIUM,Minimum Adjacent Swaps to Make a Valid Array,1,23.6,23.6,https://leetcode.com/problems/minimum-adjacent-swaps-to-make-a-valid-array,"Array, Greedy"
2741,HARD,Minimum Stability Factor of Array,1,23.6,23.6,https://leetcode.com/problems/minimum-stability-factor-of-array,"Array, Math, Binary Search, Greedy, Segment Tree, Number Theory"
2742,HARD,Next Palindrome Using Same Digits,1,23.6,23.6,https://leetcode.com/problems/next-palindrome-using-same-digits,"Two Pointers, String"
2743,MEDIUM,Product Sales Analysis IV,1,23.6,23.6,https://leetcode.com/problems/product-sales-analysis-iv,Database
2744,HARD,Shortest Matching Substring,1,23.6,23.6,https://leetcode.com/problems/shortest-matching-substring,"Two Pointers, String, Binary Search, String Matching"
2745,MEDIUM,Two Sum BSTs,1,23.6,23.6,https://leetcode.com/problems/two-sum-bsts,"Two Pointers, Binary Search, Stack, Tree, Depth-First Search, Binary Search Tree, Binary Tree"
2746,EASY,Two Sum Less Than K,1,23.6,23.6,https://leetcode.com/problems/two-sum-less-than-k,"Array, Two Pointers, Binary Search, Sorting"
2747,MEDIUM,All People Report to the Given Manager,2,23.6,11.8,https://leetcode.com/problems/all-people-report-to-the-given-manager,Database
2748,MEDIUM,Binary Tree Coloring Game,2,23.6,11.8,https://leetcode.com/problems/binary-tree-coloring-game,"Tree, Depth-First Search, Binary Tree"
2749,MEDIUM,Minimum Number of Operations to Make All Array Elements Equal to 1,2,23.6,11.8,https://leetcode.com/problems/minimum-number-of-operations-to-make-all-array-elements-equal-to-1,"Array, Math, Number Theory, Euclidean Algorithm, Greatest Common Divisor"
2750,EASY,Daily Leads and Partners,3,23.5,7.8,https://leetcode.com/problems/daily-leads-and-partners,Database
2751,EASY,Find Minimum Operations to Make All Elements Divisible by Three,3,23.5,7.8,https://leetcode.com/problems/find-minimum-operations-to-make-all-elements-divisible-by-three,"Array, Math"
2752,MEDIUM,Apply Discount Every n Orders,1,23.4,23.4,https://leetcode.com/problems/apply-discount-every-n-orders,"Array, Hash Table, Design"
2753,EASY,Faulty Sensor,1,23.4,23.4,https://leetcode.com/problems/faulty-sensor,"Array, Two Pointers"
2754,MEDIUM,Get Highest Answer Rate Question,1,23.4,23.4,https://leetcode.com/problems/get-highest-answer-rate-question,Database
2755,MEDIUM,Maximum Binary Tree II,1,23.4,23.4,https://leetcode.com/problems/maximum-binary-tree-ii,"Tree, Binary Tree"
2756,MEDIUM,Reported Posts II,1,23.4,23.4,https://leetcode.com/problems/reported-posts-ii,Database
2757,MEDIUM,Adjacent Increasing Subarrays Detection II,1,23.3,23.3,https://leetcode.com/problems/adjacent-increasing-subarrays-detection-ii,"Array, Binary Search"
2758,HARD,Check if DFS Strings Are Palindromes,1,23.3,23.3,https://leetcode.com/problems/check-if-dfs-strings-are-palindromes,"Array, Hash Table, String, Tree, Depth-First Search, Hash Function"
2759,HARD,Cracking the Safe,1,23.3,23.3,https://leetcode.com/problems/cracking-the-safe,"String, Depth-First Search, Graph Theory, Eulerian Circuit, Eulerian Path, Eulerian Graph"
2760,HARD,Divide Chocolate,2,23.0,11.5,https://leetcode.com/problems/divide-chocolate,"Array, Binary Search"
2761,MEDIUM,Lexicographically Smallest Permutation Greater Than Target,2,23.0,11.5,https://leetcode.com/problems/lexicographically-smallest-permutation-greater-than-target,"Hash Table, String, Greedy, Counting, Enumeration"
2762,HARD,Maximize Spanning Tree Stability with Upgrades,3,22.6,7.5,https://leetcode.com/problems/maximize-spanning-tree-stability-with-upgrades,"Binary Search, Greedy, Union-Find, Graph Theory, Minimum Spanning Tree"
2763,HARD,Count Number of Balanced Permutations,2,22.6,11.3,https://leetcode.com/problems/count-number-of-balanced-permutations,"Math, String, Dynamic Programming, Combinatorics"
2764,MEDIUM,Arithmetic Subarrays,1,22.1,22.1,https://leetcode.com/problems/arithmetic-subarrays,"Array, Hash Table, Sorting"
2765,MEDIUM,Check if There is a Path With Equal Number of 0's And 1's,1,22.1,22.1,https://leetcode.com/problems/check-if-there-is-a-path-with-equal-number-of-0s-and-1s,"Array, Dynamic Programming, Matrix"
2766,MEDIUM,Longest Palindromic Subsequence After at Most K Operations,1,22.1,22.1,https://leetcode.com/problems/longest-palindromic-subsequence-after-at-most-k-operations,"String, Dynamic Programming"
2767,HARD,Maximum XOR With an Element From Array,1,22.1,22.1,https://leetcode.com/problems/maximum-xor-with-an-element-from-array,"Array, Bit Manipulation, Trie"
2768,HARD,Number of Ways of Cutting a Pizza,1,22.1,22.1,https://leetcode.com/problems/number-of-ways-of-cutting-a-pizza,"Array, Dynamic Programming, Memoization, Matrix, Prefix Sum"
2769,MEDIUM,Remove Interval,1,22.1,22.1,https://leetcode.com/problems/remove-interval,Array
2770,MEDIUM,Check if Move is Legal,1,21.9,21.9,https://leetcode.com/problems/check-if-move-is-legal,"Array, Matrix, Enumeration"
2771,MEDIUM,Closest Divisors,1,21.9,21.9,https://leetcode.com/problems/closest-divisors,"Math, Prime Factorization"
2772,HARD,Closest Room,1,21.9,21.9,https://leetcode.com/problems/closest-room,"Array, Binary Search, Sorting, Ordered Set"
2773,EASY,Customer Order Frequency,1,21.9,21.9,https://leetcode.com/problems/customer-order-frequency,Database
2774,HARD,Customers With Strictly Increasing Purchases,1,21.9,21.9,https://leetcode.com/problems/customers-with-strictly-increasing-purchases,Database
2775,MEDIUM,Difference Between Ones and Zeros in Row and Column,1,21.9,21.9,https://leetcode.com/problems/difference-between-ones-and-zeros-in-row-and-column,"Array, Matrix, Simulation"
2776,MEDIUM,Find Minimum Time to Finish All Jobs II,1,21.9,21.9,https://leetcode.com/problems/find-minimum-time-to-finish-all-jobs-ii,"Array, Greedy, Sorting"
2777,HARD,Find Number of Coins to Place in Tree Nodes,1,21.9,21.9,https://leetcode.com/problems/find-number-of-coins-to-place-in-tree-nodes,"Dynamic Programming, Tree, Depth-First Search, Sorting, Heap (Priority Queue), DP on Trees"
2778,HARD,Find Number of Ways to Reach the K-th Stair,1,21.9,21.9,https://leetcode.com/problems/find-number-of-ways-to-reach-the-k-th-stair,"Math, Dynamic Programming, Bit Manipulation, Memoization, Combinatorics"
2779,MEDIUM,Find the Index of the Large Integer,1,21.9,21.9,https://leetcode.com/problems/find-the-index-of-the-large-integer,"Array, Binary Search, Interactive"
2780,EASY,Find the K-or of an Array,1,21.9,21.9,https://leetcode.com/problems/find-the-k-or-of-an-array,"Array, Bit Manipulation"
2781,MEDIUM,Find the Substring With Maximum Cost,1,21.9,21.9,https://leetcode.com/problems/find-the-substring-with-maximum-cost,"Array, Hash Table, String, Dynamic Programming"
2782,MEDIUM,Form Array by Concatenating Subarrays of Another Array,1,21.9,21.9,https://leetcode.com/problems/form-array-by-concatenating-subarrays-of-another-array,"Array, Two Pointers, Greedy, String Matching, Knuth–Morris–Pratt Algorithm"
2783,HARD,Handshakes That Don't Cross,1,21.9,21.9,https://leetcode.com/problems/handshakes-that-dont-cross,"Math, Dynamic Programming"
2784,MEDIUM,Insufficient Nodes in Root to Leaf Paths,1,21.9,21.9,https://leetcode.com/problems/insufficient-nodes-in-root-to-leaf-paths,"Tree, Depth-First Search, Binary Tree"
2785,HARD,Maximum Number of Achievable Transfer Requests,1,21.9,21.9,https://leetcode.com/problems/maximum-number-of-achievable-transfer-requests,"Array, Backtracking, Bit Manipulation, Enumeration"
2786,HARD,Maximum Number of Non-Overlapping Substrings,1,21.9,21.9,https://leetcode.com/problems/maximum-number-of-non-overlapping-substrings,"Hash Table, String, Greedy, Sorting"
2787,MEDIUM,Minimum Flips to Make Binary String Coherent,1,21.9,21.9,https://leetcode.com/problems/minimum-flips-to-make-binary-string-coherent,String
2788,MEDIUM,Minimum Number of Groups to Create a Valid Assignment,1,21.9,21.9,https://leetcode.com/problems/minimum-number-of-groups-to-create-a-valid-assignment,"Array, Hash Table, Greedy"
2789,MEDIUM,Minimum Number of Keypresses,1,21.9,21.9,https://leetcode.com/problems/minimum-number-of-keypresses,"Hash Table, String, Greedy, Sorting, Counting"
2790,MEDIUM,Minimum Time to Activate String,1,21.9,21.9,https://leetcode.com/problems/minimum-time-to-activate-string,"Array, Binary Search"
2791,EASY,NPV Queries,1,21.9,21.9,https://leetcode.com/problems/npv-queries,Database
2792,MEDIUM,Optimal Division,1,21.9,21.9,https://leetcode.com/problems/optimal-division,"Array, Math, Dynamic Programming"
2793,MEDIUM,Prison Cells After N Days,1,21.9,21.9,https://leetcode.com/problems/prison-cells-after-n-days,"Array, Hash Table, Math, Bit Manipulation, Floyd's Cycle Finding Algorithm"
2794,MEDIUM,Replace Elements in an Array,1,21.9,21.9,https://leetcode.com/problems/replace-elements-in-an-array,"Array, Hash Table, Simulation"
2795,MEDIUM,Replace Question Marks in String to Minimize Its Value,1,21.9,21.9,https://leetcode.com/problems/replace-question-marks-in-string-to-minimize-its-value,"Hash Table, String, Greedy, Sorting, Heap (Priority Queue), Counting"
2796,HARD,Sales by Day of the Week,1,21.9,21.9,https://leetcode.com/problems/sales-by-day-of-the-week,Database
2797,MEDIUM,Sum of Beauty in the Array,1,21.9,21.9,https://leetcode.com/problems/sum-of-beauty-in-the-array,Array
2798,HARD,Total Sum of Interaction Cost in Tree Groups,1,21.9,21.9,https://leetcode.com/problems/total-sum-of-interaction-cost-in-tree-groups,"Array, Tree, Depth-First Search"
2799,EASY,Most Frequent Even Element,2,21.5,10.8,https://leetcode.com/problems/most-frequent-even-element,"Array, Hash Table, Counting"
2800,EASY,Ads Performance,1,21.5,21.5,https://leetcode.com/problems/ads-performance,Database
2801,MEDIUM,All the Pairs With the Maximum Number of Common Followers,1,21.5,21.5,https://leetcode.com/problems/all-the-pairs-with-the-maximum-number-of-common-followers,Database
2802,MEDIUM,Apples & Oranges,1,21.5,21.5,https://leetcode.com/problems/apples-oranges,Database
2803,MEDIUM,Count Nodes Equal to Sum of Descendants,1,21.5,21.5,https://leetcode.com/problems/count-nodes-equal-to-sum-of-descendants,"Tree, Depth-First Search, Binary Tree"
2804,MEDIUM,Customers Who Bought Products A and B but Not C,1,21.5,21.5,https://leetcode.com/problems/customers-who-bought-products-a-and-b-but-not-c,Database
2805,HARD,Finding the Topic of Each Post,1,21.5,21.5,https://leetcode.com/problems/finding-the-topic-of-each-post,Database
2806,MEDIUM,Groups of Special-Equivalent Strings,1,21.5,21.5,https://leetcode.com/problems/groups-of-special-equivalent-strings,"Array, Hash Table, String, Sorting"
2807,HARD,Maximum Number of Darts Inside of a Circular Dartboard,1,21.5,21.5,https://leetcode.com/problems/maximum-number-of-darts-inside-of-a-circular-dartboard,"Array, Math, Geometry"
2808,MEDIUM,Moving Stones Until Consecutive,1,21.5,21.5,https://leetcode.com/problems/moving-stones-until-consecutive,"Math, Brainteaser"
2809,MEDIUM,Moving Stones Until Consecutive II,1,21.5,21.5,https://leetcode.com/problems/moving-stones-until-consecutive-ii,"Array, Math, Sliding Window, Sorting"
2810,MEDIUM,Number Of Corner Rectangles,1,21.5,21.5,https://leetcode.com/problems/number-of-corner-rectangles,"Array, Math, Dynamic Programming, Matrix"
2811,EASY,Number of Comments per Post,1,21.5,21.5,https://leetcode.com/problems/number-of-comments-per-post,Database
2812,EASY,Project Employees II,1,21.5,21.5,https://leetcode.com/problems/project-employees-ii,Database
2813,MEDIUM,Project Employees III,1,21.5,21.5,https://leetcode.com/problems/project-employees-iii,Database
2814,EASY,Reported Posts,1,21.5,21.5,https://leetcode.com/problems/reported-posts,Database
2815,MEDIUM,Steps to Make Array Non-decreasing,1,21.5,21.5,https://leetcode.com/problems/steps-to-make-array-non-decreasing,"Array, Linked List, Dynamic Programming, Stack, Monotonic Stack, Simulation"
2816,MEDIUM,Minimum Insertions to Balance a Parentheses String,3,21.4,7.1,https://leetcode.com/problems/minimum-insertions-to-balance-a-parentheses-string,"String, Stack, Greedy, Bracket Sequences"
2817,MEDIUM,Find Elements in a Contaminated Binary Tree,2,21.4,10.7,https://leetcode.com/problems/find-elements-in-a-contaminated-binary-tree,"Hash Table, Tree, Depth-First Search, Breadth-First Search, Design, Binary Tree"
2818,MEDIUM,Largest Prime from Consecutive Prime Sum,2,21.4,10.7,https://leetcode.com/problems/largest-prime-from-consecutive-prime-sum,"Array, Math, Number Theory"
2819,EASY,Longest Uncommon Subsequence I,2,21.4,10.7,https://leetcode.com/problems/longest-uncommon-subsequence-i,String
2820,HARD,Median Employee Salary,2,21.4,10.7,https://leetcode.com/problems/median-employee-salary,Database
2821,MEDIUM,Minimum Adjacent Swaps to Reach the Kth Smallest Number,2,21.4,10.7,https://leetcode.com/problems/minimum-adjacent-swaps-to-reach-the-kth-smallest-number,"Two Pointers, String, Greedy"
2822,HARD,Minimum Unique Word Abbreviation,2,21.4,10.7,https://leetcode.com/problems/minimum-unique-word-abbreviation,"Array, String, Backtracking, Bit Manipulation"
2823,EASY,Smallest Index With Equal Value,2,21.4,10.7,https://leetcode.com/problems/smallest-index-with-equal-value,Array
2824,MEDIUM,Design a Todo List,1,21.4,21.4,https://leetcode.com/problems/design-a-todo-list,"Array, Hash Table, String, Design, Sorting"
2825,MEDIUM,Find Beautiful Indices in the Given Array I,3,21.0,7.0,https://leetcode.com/problems/find-beautiful-indices-in-the-given-array-i,"Two Pointers, String, Binary Search, Rolling Hash, String Matching, Hash Function, Z Algorithm, Knuth–Morris–Pratt Algorithm, Boyer–Moore String-Search Algorithm"
2826,EASY,Difference Between Element Sum and Digit Sum of an Array,3,20.9,7.0,https://leetcode.com/problems/difference-between-element-sum-and-digit-sum-of-an-array,"Array, Math"
2827,HARD,Build a Matrix With Conditions,1,20.9,20.9,https://leetcode.com/problems/build-a-matrix-with-conditions,"Array, Graph Theory, Topological Sort, Matrix, Directed Acyclic Graph"
2828,HARD,Cat and Mouse II,1,20.9,20.9,https://leetcode.com/problems/cat-and-mouse-ii,"Array, Math, Dynamic Programming, Graph Theory, Topological Sort, Memoization, Minimax, Matrix, Game Theory, Zero-Sum Game"
2829,MEDIUM,Closest Nodes Queries in a Binary Search Tree,1,20.9,20.9,https://leetcode.com/problems/closest-nodes-queries-in-a-binary-search-tree,"Array, Binary Search, Tree, Depth-First Search, Binary Search Tree, Binary Tree"
2830,MEDIUM,Disconnect Path in a Binary Matrix by at Most One Flip,1,20.9,20.9,https://leetcode.com/problems/disconnect-path-in-a-binary-matrix-by-at-most-one-flip,"Array, Dynamic Programming, Depth-First Search, Breadth-First Search, Matrix"
2831,EASY,Evaluate Boolean Binary Tree,1,20.9,20.9,https://leetcode.com/problems/evaluate-boolean-binary-tree,"Tree, Depth-First Search, Binary Tree"
2832,MEDIUM,Image Overlap,1,20.9,20.9,https://leetcode.com/problems/image-overlap,"Array, Matrix"
2833,EASY,Latest Time by Replacing Hidden Digits,1,20.9,20.9,https://leetcode.com/problems/latest-time-by-replacing-hidden-digits,"String, Greedy"
2834,EASY,License Key Formatting,1,20.9,20.9,https://leetcode.com/problems/license-key-formatting,String
2835,HARD,Maximize Subarray GCD Score,1,20.9,20.9,https://leetcode.com/problems/maximize-subarray-gcd-score,"Array, Math, Enumeration, Number Theory"
2836,MEDIUM,Next Closest Time,1,20.9,20.9,https://leetcode.com/problems/next-closest-time,"Hash Table, String, Backtracking, Enumeration"
2837,MEDIUM,Number of Restricted Paths From First to Last Node,1,20.9,20.9,https://leetcode.com/problems/number-of-restricted-paths-from-first-to-last-node,"Dynamic Programming, Graph Theory, Topological Sort, Heap (Priority Queue), Shortest Path, Dijkstra's Algorithm"
2838,HARD,Number of Stable Subsequences,1,20.9,20.9,https://leetcode.com/problems/number-of-stable-subsequences,"Array, Dynamic Programming"
2839,MEDIUM,Partition String ,1,20.9,20.9,https://leetcode.com/problems/partition-string,"Hash Table, String, Trie, Simulation"
2840,HARD,Redundant Connection II,1,20.9,20.9,https://leetcode.com/problems/redundant-connection-ii,"Depth-First Search, Breadth-First Search, Union-Find, Graph Theory"
2841,MEDIUM,Sentence Screen Fitting,1,20.9,20.9,https://leetcode.com/problems/sentence-screen-fitting,"Array, String, Dynamic Programming"
2842,HARD,Smallest Rectangle Enclosing Black Pixels,1,20.9,20.9,https://leetcode.com/problems/smallest-rectangle-enclosing-black-pixels,"Array, Binary Search, Depth-First Search, Breadth-First Search, Matrix"
2843,MEDIUM,The Number of Weak Characters in the Game,1,20.9,20.9,https://leetcode.com/problems/the-number-of-weak-characters-in-the-game,"Array, Stack, Greedy, Sorting, Monotonic Stack"
2844,MEDIUM,Verify Preorder Serialization of a Binary Tree,1,20.9,20.9,https://leetcode.com/problems/verify-preorder-serialization-of-a-binary-tree,"String, Stack, Tree, Binary Tree"
2845,MEDIUM,Count the Number of Computer Unlocking Permutations,3,20.5,6.8,https://leetcode.com/problems/count-the-number-of-computer-unlocking-permutations,"Array, Math, Brainteaser, Combinatorics"
2846,MEDIUM,The Dining Philosophers,3,20.5,6.8,https://leetcode.com/problems/the-dining-philosophers,Concurrency
2847,EASY,Check if Two Chessboard Squares Have the Same Color,3,20.4,6.8,https://leetcode.com/problems/check-if-two-chessboard-squares-have-the-same-color,"Math, String"
2848,MEDIUM,Minimum Index of a Valid Split,3,20.4,6.8,https://leetcode.com/problems/minimum-index-of-a-valid-split,"Array, Hash Table, Sorting"
2849,HARD,Find Shortest Path with K Hops,1,20.4,20.4,https://leetcode.com/problems/find-shortest-path-with-k-hops,"Graph Theory, Heap (Priority Queue), Shortest Path"
2850,MEDIUM,Promise Pool,1,20.3,20.3,https://leetcode.com/problems/promise-pool,
2851,MEDIUM,Check if Object Instance of Class,2,20.1,10.1,https://leetcode.com/problems/check-if-object-instance-of-class,
2852,MEDIUM,Egg Drop With 2 Eggs and N Floors,2,20.1,10.1,https://leetcode.com/problems/egg-drop-with-2-eggs-and-n-floors,"Math, Dynamic Programming"
2853,MEDIUM,Longest Turbulent Subarray,3,20.0,6.7,https://leetcode.com/problems/longest-turbulent-subarray,"Array, Dynamic Programming, Sliding Window"
2854,EASY,Ad-Free Sessions,1,20.0,20.0,https://leetcode.com/problems/ad-free-sessions,Database
2855,MEDIUM,Add Two Polynomials Represented as Linked Lists,1,20.0,20.0,https://leetcode.com/problems/add-two-polynomials-represented-as-linked-lists,"Linked List, Math, Two Pointers"
2856,EASY,All Valid Triplets That Can Represent a Country,1,20.0,20.0,https://leetcode.com/problems/all-valid-triplets-that-can-represent-a-country,Database
2857,EASY,Armstrong Number,1,20.0,20.0,https://leetcode.com/problems/armstrong-number,Math
2858,HARD,Build Binary Expression Tree From Infix Expression,1,20.0,20.0,https://leetcode.com/problems/build-binary-expression-tree-from-infix-expression,"String, Stack, Tree, Binary Tree"
2859,MEDIUM,Clone N-ary Tree,1,20.0,20.0,https://leetcode.com/problems/clone-n-ary-tree,"Hash Table, Tree, Depth-First Search, Breadth-First Search"
2860,MEDIUM,Connecting Cities With Minimum Cost,1,20.0,20.0,https://leetcode.com/problems/connecting-cities-with-minimum-cost,"Union-Find, Graph Theory, Heap (Priority Queue), Minimum Spanning Tree"
2861,HARD,Count Beautiful Substrings II,1,20.0,20.0,https://leetcode.com/problems/count-beautiful-substrings-ii,"Hash Table, Math, String, Number Theory, Prefix Sum"
2862,HARD,Count Number of Special Subsequences,1,20.0,20.0,https://leetcode.com/problems/count-number-of-special-subsequences,"Array, Dynamic Programming"
2863,EASY,Count Numbers With Unique Digits II,1,20.0,20.0,https://leetcode.com/problems/count-numbers-with-unique-digits-ii,"Hash Table, Math, Dynamic Programming"
2864,HARD,Count Pairs Of Nodes,1,20.0,20.0,https://leetcode.com/problems/count-pairs-of-nodes,"Array, Hash Table, Two Pointers, Binary Search, Graph Theory, Sorting, Counting"
2865,EASY,Count Triplets with Even XOR Set Bits I,1,20.0,20.0,https://leetcode.com/problems/count-triplets-with-even-xor-set-bits-i,"Array, Bit Manipulation"
2866,MEDIUM,Count Triplets with Even XOR Set Bits II,1,20.0,20.0,https://leetcode.com/problems/count-triplets-with-even-xor-set-bits-ii,"Array, Bit Manipulation"
2867,HARD,Count Ways to Make Array With Product,1,20.0,20.0,https://leetcode.com/problems/count-ways-to-make-array-with-product,"Array, Math, Dynamic Programming, Combinatorics, Number Theory, Prime Factorization, Fermat's Little Theorem"
2868,HARD,Count the Number of K-Big Indices,1,20.0,20.0,https://leetcode.com/problems/count-the-number-of-k-big-indices,"Array, Binary Search, Divide and Conquer, Binary Indexed Tree, Segment Tree, Merge Sort, Ordered Set"
2869,MEDIUM,Count the Number of K-Free Subsets,1,20.0,20.0,https://leetcode.com/problems/count-the-number-of-k-free-subsets,"Array, Math, Dynamic Programming, Sorting, Combinatorics"
2870,MEDIUM,Decode XORed Permutation,1,20.0,20.0,https://leetcode.com/problems/decode-xored-permutation,"Array, Bit Manipulation"
2871,EASY,Diet Plan Performance,1,20.0,20.0,https://leetcode.com/problems/diet-plan-performance,"Array, Sliding Window"
2872,HARD,Digit Count in Range,1,20.0,20.0,https://leetcode.com/problems/digit-count-in-range,"Math, Dynamic Programming"
2873,MEDIUM,Distinct Numbers in Each Subarray,1,20.0,20.0,https://leetcode.com/problems/distinct-numbers-in-each-subarray,"Array, Hash Table, Sliding Window"
2874,MEDIUM,Employees With Deductions,1,20.0,20.0,https://leetcode.com/problems/employees-with-deductions,Database
2875,MEDIUM,Equal Tree Partition,1,20.0,20.0,https://leetcode.com/problems/equal-tree-partition,"Tree, Depth-First Search, Binary Tree"
2876,HARD,Find Cumulative Salary of an Employee,1,20.0,20.0,https://leetcode.com/problems/find-cumulative-salary-of-an-employee,Database
2877,MEDIUM,Find Interview Candidates,1,20.0,20.0,https://leetcode.com/problems/find-interview-candidates,Database
2878,MEDIUM,Find K-Length Substrings With No Repeated Characters,1,20.0,20.0,https://leetcode.com/problems/find-k-length-substrings-with-no-repeated-characters,"Hash Table, String, Sliding Window"
2879,MEDIUM,Find Xor-Beauty of Array,1,20.0,20.0,https://leetcode.com/problems/find-xor-beauty-of-array,"Array, Math, Bit Manipulation"
2880,MEDIUM,Find the Missing IDs,1,20.0,20.0,https://leetcode.com/problems/find-the-missing-ids,Database
2881,EASY,Find the Team Size,1,20.0,20.0,https://leetcode.com/problems/find-the-team-size,Database
2882,EASY,Friendly Movies Streamed Last Month,1,20.0,20.0,https://leetcode.com/problems/friendly-movies-streamed-last-month,Database
2883,MEDIUM,Global and Local Inversions,1,20.0,20.0,https://leetcode.com/problems/global-and-local-inversions,"Array, Math"
2884,MEDIUM,Grand Slam Titles,1,20.0,20.0,https://leetcode.com/problems/grand-slam-titles,Database
2885,EASY,Index Pairs of a String,1,20.0,20.0,https://leetcode.com/problems/index-pairs-of-a-string,"Array, String, Trie, Sorting, Aho–Corasick Algorithm"
2886,MEDIUM,Jump Game VIII,1,20.0,20.0,https://leetcode.com/problems/jump-game-viii,"Array, Dynamic Programming, Stack, Graph Theory, Monotonic Stack, Shortest Path"
2887,HARD,Largest Multiple of Three,1,20.0,20.0,https://leetcode.com/problems/largest-multiple-of-three,"Array, Math, Dynamic Programming, Greedy, Sorting"
2888,EASY,Largest Unique Number,1,20.0,20.0,https://leetcode.com/problems/largest-unique-number,"Array, Hash Table, Sorting"
2889,HARD,Longest Winning Streak,1,20.0,20.0,https://leetcode.com/problems/longest-winning-streak,Database
2890,EASY,Make Three Strings Equal,1,20.0,20.0,https://leetcode.com/problems/make-three-strings-equal,String
2891,MEDIUM,Maximal Range That Each Element Is Maximum in It,1,20.0,20.0,https://leetcode.com/problems/maximal-range-that-each-element-is-maximum-in-it,"Array, Stack, Monotonic Stack"
2892,MEDIUM,Maximize Points After Choosing K Tasks,1,20.0,20.0,https://leetcode.com/problems/maximize-points-after-choosing-k-tasks,"Array, Greedy, Sorting, Heap (Priority Queue)"
2893,HARD,Maximize the Beauty of the Garden,1,20.0,20.0,https://leetcode.com/problems/maximize-the-beauty-of-the-garden,"Array, Hash Table, Greedy, Prefix Sum"
2894,MEDIUM,Maximum Average Subtree,1,20.0,20.0,https://leetcode.com/problems/maximum-average-subtree,"Tree, Depth-First Search, Binary Tree"
2895,HARD,Maximum Balanced Subsequence Sum,1,20.0,20.0,https://leetcode.com/problems/maximum-balanced-subsequence-sum,"Array, Binary Search, Dynamic Programming, Binary Indexed Tree, Segment Tree"
2896,MEDIUM,Maximum Calories Burnt from Jumps,1,20.0,20.0,https://leetcode.com/problems/maximum-calories-burnt-from-jumps,"Array, Two Pointers, Greedy, Sorting"
2897,MEDIUM,Maximum Linear Stock Score,1,20.0,20.0,https://leetcode.com/problems/maximum-linear-stock-score,"Array, Hash Table"
2898,MEDIUM,Maximum Score After Binary Swaps,1,20.0,20.0,https://leetcode.com/problems/maximum-score-after-binary-swaps,"Array, String, Greedy, Heap (Priority Queue)"
2899,MEDIUM,Maximum Sum Score of Array,1,20.0,20.0,https://leetcode.com/problems/maximum-sum-score-of-array,"Array, Prefix Sum"
2900,MEDIUM,Maximum Sum of Almost Unique Subarray,1,20.0,20.0,https://leetcode.com/problems/maximum-sum-of-almost-unique-subarray,"Array, Hash Table, Sliding Window"
2901,MEDIUM,Maximum Total Value of Covered Indices,1,20.0,20.0,https://leetcode.com/problems/maximum-total-value-of-covered-indices,"Array, String, Dynamic Programming, Greedy"
2902,MEDIUM,Maximum of Minimum Values in All Subarrays,1,20.0,20.0,https://leetcode.com/problems/maximum-of-minimum-values-in-all-subarrays,"Array, Stack, Monotonic Stack, Cartesian Tree"
2903,HARD,Minimum Cost to Partition a Binary String,1,20.0,20.0,https://leetcode.com/problems/minimum-cost-to-partition-a-binary-string,"String, Divide and Conquer, Prefix Sum"
2904,MEDIUM,Minimum Garden Perimeter to Collect Enough Apples,1,20.0,20.0,https://leetcode.com/problems/minimum-garden-perimeter-to-collect-enough-apples,"Math, Binary Search"
2905,HARD,Minimum Money Required Before Transactions,1,20.0,20.0,https://leetcode.com/problems/minimum-money-required-before-transactions,"Array, Greedy, Sorting"
2906,MEDIUM,Minimum Numbers of Function Calls to Make Target Array,1,20.0,20.0,https://leetcode.com/problems/minimum-numbers-of-function-calls-to-make-target-array,"Array, Greedy, Bit Manipulation"
2907,HARD,Minimum Operations to Make the Array K-Increasing,1,20.0,20.0,https://leetcode.com/problems/minimum-operations-to-make-the-array-k-increasing,"Array, Binary Search, Longest Increasing Subsequence"
2908,HARD,Minimum Operations to Remove Adjacent Ones in Matrix,1,20.0,20.0,https://leetcode.com/problems/minimum-operations-to-remove-adjacent-ones-in-matrix,"Array, Depth-First Search, Graph Theory, Matrix, Edmonds–Karp Algorithm, MPM Algorithm, Push-Relabel Algorithm, Flow Network, Dinic's Algorithm"
2909,MEDIUM,Number of Calls Between Two Persons,1,20.0,20.0,https://leetcode.com/problems/number-of-calls-between-two-persons,Database
2910,EASY,Number of Days in a Month,1,20.0,20.0,https://leetcode.com/problems/number-of-days-in-a-month,Math
2911,MEDIUM,Number of Sets of K Non-Overlapping Line Segments,1,20.0,20.0,https://leetcode.com/problems/number-of-sets-of-k-non-overlapping-line-segments,"Math, Dynamic Programming, Combinatorics, Prefix Sum"
2912,MEDIUM,Number of Times a Driver Was a Passenger,1,20.0,20.0,https://leetcode.com/problems/number-of-times-a-driver-was-a-passenger,Database
2913,MEDIUM,Number of Unique Categories,1,20.0,20.0,https://leetcode.com/problems/number-of-unique-categories,"Union-Find, Interactive, Counting"
2914,EASY,Prime Arrangements,1,20.0,20.0,https://leetcode.com/problems/prime-arrangements,"Math, Primality Test, Sieve Theory, Prime Number Sieve"
2915,EASY,Product Sales Analysis II,1,20.0,20.0,https://leetcode.com/problems/product-sales-analysis-ii,Database
2916,EASY,Product Sales Analysis V,1,20.0,20.0,https://leetcode.com/problems/product-sales-analysis-v,Database
2917,EASY,Product's Price for Each Store,1,20.0,20.0,https://leetcode.com/problems/products-price-for-each-store,Database
2918,MEDIUM,Products With Three or More Orders in Two Consecutive Years,1,20.0,20.0,https://leetcode.com/problems/products-with-three-or-more-orders-in-two-consecutive-years,Database
2919,MEDIUM,Pseudo-Palindromic Paths in a Binary Tree,1,20.0,20.0,https://leetcode.com/problems/pseudo-palindromic-paths-in-a-binary-tree,"Bit Manipulation, Tree, Depth-First Search, Breadth-First Search, Binary Tree"
2920,MEDIUM,Queries on a Permutation With Key,1,20.0,20.0,https://leetcode.com/problems/queries-on-a-permutation-with-key,"Array, Binary Indexed Tree, Simulation, Sqrt Decomposition"
2921,EASY,Rearrange Characters to Make Target String,1,20.0,20.0,https://leetcode.com/problems/rearrange-characters-to-make-target-string,"Hash Table, String, Counting"
2922,MEDIUM,Relocate Marbles,1,20.0,20.0,https://leetcode.com/problems/relocate-marbles,"Array, Hash Table, Sorting, Simulation"
2923,EASY,Remove Vowels from a String,1,20.0,20.0,https://leetcode.com/problems/remove-vowels-from-a-string,String
2924,EASY,Reverse String Prefix,1,20.0,20.0,https://leetcode.com/problems/reverse-string-prefix,"Two Pointers, String"
2925,EASY,Sales Analysis I,1,20.0,20.0,https://leetcode.com/problems/sales-analysis-i,Database
2926,EASY,Sales Analysis II,1,20.0,20.0,https://leetcode.com/problems/sales-analysis-ii,Database
2927,HARD,Sequentially Ordinal Rank Tracker,1,20.0,20.0,https://leetcode.com/problems/sequentially-ordinal-rank-tracker,"Design, Heap (Priority Queue), Data Stream, Ordered Set"
2928,MEDIUM,Sort Features by Popularity,1,20.0,20.0,https://leetcode.com/problems/sort-features-by-popularity,"Array, Hash Table, String, Sorting"
2929,EASY,Students With Invalid Departments,1,20.0,20.0,https://leetcode.com/problems/students-with-invalid-departments,Database
2930,HARD,Subarrays Distinct Element Sum of Squares II,1,20.0,20.0,https://leetcode.com/problems/subarrays-distinct-element-sum-of-squares-ii,"Array, Hash Table, Binary Indexed Tree, Segment Tree"
2931,EASY,Sum of Digits in the Minimum Number,1,20.0,20.0,https://leetcode.com/problems/sum-of-digits-in-the-minimum-number,"Array, Math"
2932,MEDIUM,Sum of Number and Its Reverse,1,20.0,20.0,https://leetcode.com/problems/sum-of-number-and-its-reverse,"Math, Enumeration"
2933,HARD,Sum of Scores of Built Strings,1,20.0,20.0,https://leetcode.com/problems/sum-of-scores-of-built-strings,"String, Binary Search, Rolling Hash, Suffix Array, String Matching, Hash Function, Z Algorithm, Knuth–Morris–Pratt Algorithm"
2934,MEDIUM,Users With Two Purchases Within Seven Days,1,20.0,20.0,https://leetcode.com/problems/users-with-two-purchases-within-seven-days,Database
2935,MEDIUM,Valid Palindrome IV,1,20.0,20.0,https://leetcode.com/problems/valid-palindrome-iv,"Two Pointers, String"
2936,EASY,Warehouse Manager,1,20.0,20.0,https://leetcode.com/problems/warehouse-manager,Database
2937,HARD,Jump Game V,2,19.8,9.9,https://leetcode.com/problems/jump-game-v,"Array, Dynamic Programming, Sorting"
2938,MEDIUM,All Paths from Source Lead to Destination,1,19.5,19.5,https://leetcode.com/problems/all-paths-from-source-lead-to-destination,"Graph Theory, Topological Sort, Kosaraju's Algorithm, Tarjan's SCC Algorithm"
2939,MEDIUM,Alphabet Board Path,1,19.5,19.5,https://leetcode.com/problems/alphabet-board-path,"Hash Table, String"
2940,MEDIUM,Binary String With Substrings Representing 1 To N,1,19.5,19.5,https://leetcode.com/problems/binary-string-with-substrings-representing-1-to-n,"Hash Table, String, Bit Manipulation, Sliding Window"
2941,MEDIUM,Binary Tree Nodes,1,19.5,19.5,https://leetcode.com/problems/binary-tree-nodes,Database
2942,EASY,Calculate Compressed Mean,1,19.5,19.5,https://leetcode.com/problems/calculate-compressed-mean,Database
2943,EASY,Check if Number Has Equal Digit Count and Digit Value,1,19.5,19.5,https://leetcode.com/problems/check-if-number-has-equal-digit-count-and-digit-value,"Hash Table, String, Counting"
2944,MEDIUM,Class Performance,1,19.5,19.5,https://leetcode.com/problems/class-performance,Database
2945,MEDIUM,Count Caesar Cipher Pairs,1,19.5,19.5,https://leetcode.com/problems/count-caesar-cipher-pairs,"Array, Hash Table, Math, String, Counting"
2946,MEDIUM,Count Cells in Overlapping Horizontal and Vertical Substrings,1,19.5,19.5,https://leetcode.com/problems/count-cells-in-overlapping-horizontal-and-vertical-substrings,"Array, String, Rolling Hash, String Matching, Matrix, Hash Function"
2947,HARD,Count Fertile Pyramids in a Land,1,19.5,19.5,https://leetcode.com/problems/count-fertile-pyramids-in-a-land,"Array, Dynamic Programming, Matrix"
2948,HARD,Count K-Subsequences of a String With Maximum Beauty,1,19.5,19.5,https://leetcode.com/problems/count-k-subsequences-of-a-string-with-maximum-beauty,"Hash Table, Math, String, Greedy, Sorting, Combinatorics, Fermat's Little Theorem"
2949,MEDIUM,Count Number of Distinct Integers After Reverse Operations,1,19.5,19.5,https://leetcode.com/problems/count-number-of-distinct-integers-after-reverse-operations,"Array, Hash Table, Math, Counting"
2950,EASY,Design Compressed String Iterator,1,19.5,19.5,https://leetcode.com/problems/design-compressed-string-iterator,"Array, String, Design, Iterator"
2951,EASY,Find Expensive Cities,1,19.5,19.5,https://leetcode.com/problems/find-expensive-cities,Database
2952,HARD,Find the Count of Monotonic Pairs I,1,19.5,19.5,https://leetcode.com/problems/find-the-count-of-monotonic-pairs-i,"Array, Math, Dynamic Programming, Combinatorics, Prefix Sum"
2953,HARD,Find the Maximum Sequence Value of Array,1,19.5,19.5,https://leetcode.com/problems/find-the-maximum-sequence-value-of-array,"Array, Dynamic Programming, Bit Manipulation"
2954,MEDIUM,Last Moment Before All Ants Fall Out of a Plank,1,19.5,19.5,https://leetcode.com/problems/last-moment-before-all-ants-fall-out-of-a-plank,"Array, Brainteaser, Simulation"
2955,EASY,Loan Types,1,19.5,19.5,https://leetcode.com/problems/loan-types,Database
2956,MEDIUM,Longest Uncommon Subsequence II,1,19.5,19.5,https://leetcode.com/problems/longest-uncommon-subsequence-ii,"Array, Hash Table, Two Pointers, String, Sorting"
2957,MEDIUM,Longest Uploaded Prefix,1,19.5,19.5,https://leetcode.com/problems/longest-uploaded-prefix,"Hash Table, Binary Search, Union-Find, Design, Binary Indexed Tree, Segment Tree, Heap (Priority Queue), Ordered Set"
2958,HARD,Max Value of Equation,1,19.5,19.5,https://leetcode.com/problems/max-value-of-equation,"Array, Queue, Sliding Window, Heap (Priority Queue), Monotonic Queue"
2959,MEDIUM,Maximum Number That Sum of the Prices Is Less Than or Equal to K,1,19.5,19.5,https://leetcode.com/problems/maximum-number-that-sum-of-the-prices-is-less-than-or-equal-to-k,"Math, Binary Search, Dynamic Programming, Bit Manipulation"
2960,MEDIUM,Maximum Split of Positive Even Integers,1,19.5,19.5,https://leetcode.com/problems/maximum-split-of-positive-even-integers,"Math, Backtracking, Greedy"
2961,MEDIUM,Merge Triplets to Form Target Triplet,1,19.5,19.5,https://leetcode.com/problems/merge-triplets-to-form-target-triplet,"Array, Greedy"
2962,HARD,Minimum Number of Days to Eat N Oranges,1,19.5,19.5,https://leetcode.com/problems/minimum-number-of-days-to-eat-n-oranges,"Dynamic Programming, Memoization"
2963,EASY,Most Frequent Number Following Key In an Array,1,19.5,19.5,https://leetcode.com/problems/most-frequent-number-following-key-in-an-array,"Array, Hash Table, Counting"
2964,HARD,My Calendar III,1,19.5,19.5,https://leetcode.com/problems/my-calendar-iii,"Binary Search, Design, Segment Tree, Prefix Sum, Ordered Set"
2965,HARD,Numbers With Repeated Digits,1,19.5,19.5,https://leetcode.com/problems/numbers-with-repeated-digits,"Math, Dynamic Programming"
2966,MEDIUM,Output Contest Matches,1,19.5,19.5,https://leetcode.com/problems/output-contest-matches,"String, Recursion, Simulation"
2967,HARD,Pizza With 3n Slices,1,19.5,19.5,https://leetcode.com/problems/pizza-with-3n-slices,"Array, Dynamic Programming, Greedy, Heap (Priority Queue)"
2968,MEDIUM,Search in a Sorted Array of Unknown Size,1,19.5,19.5,https://leetcode.com/problems/search-in-a-sorted-array-of-unknown-size,"Array, Binary Search, Interactive"
2969,EASY,Sentence Similarity,1,19.5,19.5,https://leetcode.com/problems/sentence-similarity,"Array, Hash Table, String"
2970,EASY,Single-Row Keyboard,1,19.5,19.5,https://leetcode.com/problems/single-row-keyboard,"Hash Table, String"
2971,HARD,Top Three Wineries ,1,19.5,19.5,https://leetcode.com/problems/top-three-wineries,Database
2972,HARD,Find the Maximum Number of Fruits Collected,2,18.9,9.4,https://leetcode.com/problems/find-the-maximum-number-of-fruits-collected,"Array, Dynamic Programming, Matrix"
2973,EASY,Mirror Distance of an Integer,2,18.9,9.4,https://leetcode.com/problems/mirror-distance-of-an-integer,Math
2974,EASY,Convert the Temperature,2,18.7,9.3,https://leetcode.com/problems/convert-the-temperature,Math
2975,MEDIUM,Cyclically Rotating a Grid,3,18.5,6.2,https://leetcode.com/problems/cyclically-rotating-a-grid,"Array, Matrix, Simulation"
2976,HARD,Network Recovery Pathways,2,18.5,9.2,https://leetcode.com/problems/network-recovery-pathways,"Array, Binary Search, Dynamic Programming, Graph Theory, Topological Sort, Heap (Priority Queue), Shortest Path"
2977,MEDIUM,Count Beautiful Splits in an Array,2,18.4,9.2,https://leetcode.com/problems/count-beautiful-splits-in-an-array,"Array, Dynamic Programming"
2978,EASY,Reshape Data: Melt,2,18.4,9.2,https://leetcode.com/problems/reshape-data-melt,
2979,HARD,Brace Expansion II,1,18.0,18.0,https://leetcode.com/problems/brace-expansion-ii,"Hash Table, String, Backtracking, Stack, Breadth-First Search, Sorting"
2980,EASY,Confusing Number,1,18.0,18.0,https://leetcode.com/problems/confusing-number,Math
2981,EASY,Count Asterisks,1,18.0,18.0,https://leetcode.com/problems/count-asterisks,String
2982,EASY,Count Prefixes of a Given String,1,18.0,18.0,https://leetcode.com/problems/count-prefixes-of-a-given-string,"Array, String"
2983,MEDIUM,Design Phone Directory,1,18.0,18.0,https://leetcode.com/problems/design-phone-directory,"Array, Hash Table, Linked List, Design, Queue"
2984,HARD,Distinct Echo Substrings,1,18.0,18.0,https://leetcode.com/problems/distinct-echo-substrings,"String, Trie, Rolling Hash, Suffix Array, Hash Function, Suffix Automaton, Suffix Tree"
2985,HARD,Distribute Repeating Integers,1,18.0,18.0,https://leetcode.com/problems/distribute-repeating-integers,"Array, Hash Table, Dynamic Programming, Backtracking, Bit Manipulation, Counting, Bitmask"
2986,EASY,Find Anagram Mappings,1,18.0,18.0,https://leetcode.com/problems/find-anagram-mappings,"Array, Hash Table"
2987,MEDIUM,Find Kth Largest XOR Coordinate Value,1,18.0,18.0,https://leetcode.com/problems/find-kth-largest-xor-coordinate-value,"Array, Divide and Conquer, Bit Manipulation, Sorting, Heap (Priority Queue), Matrix, Prefix Sum, Quickselect"
2988,MEDIUM,Find Two Non-overlapping Sub-arrays Each With Target Sum,1,18.0,18.0,https://leetcode.com/problems/find-two-non-overlapping-sub-arrays-each-with-target-sum,"Array, Hash Table, Binary Search, Dynamic Programming, Sliding Window"
2989,MEDIUM,Find the Minimum Number of Fibonacci Numbers Whose Sum Is K,1,18.0,18.0,https://leetcode.com/problems/find-the-minimum-number-of-fibonacci-numbers-whose-sum-is-k,"Math, Greedy"
2990,HARD,Form Largest Integer With Digits That Add up to Target,1,18.0,18.0,https://leetcode.com/problems/form-largest-integer-with-digits-that-add-up-to-target,"Array, Dynamic Programming, Knapsack Problem, Complete Knapsack"
2991,HARD,K Empty Slots,1,18.0,18.0,https://leetcode.com/problems/k-empty-slots,"Array, Binary Indexed Tree, Segment Tree, Queue, Sliding Window, Heap (Priority Queue), Ordered Set, Monotonic Queue"
2992,MEDIUM,Kth Smallest Subarray Sum,1,18.0,18.0,https://leetcode.com/problems/kth-smallest-subarray-sum,"Array, Binary Search, Sliding Window"
2993,MEDIUM,Lexicographically Smallest String After Applying Operations,1,18.0,18.0,https://leetcode.com/problems/lexicographically-smallest-string-after-applying-operations,"String, Depth-First Search, Breadth-First Search, Enumeration"
2994,HARD,Longest Chunked Palindrome Decomposition,1,18.0,18.0,https://leetcode.com/problems/longest-chunked-palindrome-decomposition,"Two Pointers, String, Dynamic Programming, Greedy, Rolling Hash, Hash Function"
2995,MEDIUM,Longest Line of Consecutive One in Matrix,1,18.0,18.0,https://leetcode.com/problems/longest-line-of-consecutive-one-in-matrix,"Array, Dynamic Programming, Matrix"
2996,MEDIUM,Make Number of Distinct Characters Equal,1,18.0,18.0,https://leetcode.com/problems/make-number-of-distinct-characters-equal,"Hash Table, String, Counting"
2997,HARD,Maximize Alternating Sum Using Swaps,1,18.0,18.0,https://leetcode.com/problems/maximize-alternating-sum-using-swaps,"Array, Greedy, Union-Find, Sorting"
2998,HARD,Maximum AND Sum of Array,1,18.0,18.0,https://leetcode.com/problems/maximum-and-sum-of-array,"Array, Dynamic Programming, Bit Manipulation, Bitmask"
2999,MEDIUM,Maximum Length of Semi-Decreasing Subarrays,1,18.0,18.0,https://leetcode.com/problems/maximum-length-of-semi-decreasing-subarrays,"Array, Stack, Sorting, Monotonic Stack"
3000,HARD,Maximum Number of Groups Getting Fresh Donuts,1,18.0,18.0,https://leetcode.com/problems/maximum-number-of-groups-getting-fresh-donuts,"Array, Dynamic Programming, Bit Manipulation, Memoization, Bitmask"
3001,HARD,Maximum Score from Performing Multiplication Operations,1,18.0,18.0,https://leetcode.com/problems/maximum-score-from-performing-multiplication-operations,"Array, Dynamic Programming"
3002,HARD,Maximum Value of K Coins From Piles,1,18.0,18.0,https://leetcode.com/problems/maximum-value-of-k-coins-from-piles,"Array, Dynamic Programming, Prefix Sum"
3003,EASY,Merge Similar Items,1,18.0,18.0,https://leetcode.com/problems/merge-similar-items,"Array, Hash Table, Sorting, Ordered Set"
3004,MEDIUM,Minimum Bitwise OR From Grid,1,18.0,18.0,https://leetcode.com/problems/minimum-bitwise-or-from-grid,"Array, Greedy, Bit Manipulation, Matrix"
3005,MEDIUM,Minimum Consecutive Cards to Pick Up,1,18.0,18.0,https://leetcode.com/problems/minimum-consecutive-cards-to-pick-up,"Array, Hash Table, Sliding Window"
3006,HARD,Minimum Cost to Connect Two Groups of Points,1,18.0,18.0,https://leetcode.com/problems/minimum-cost-to-connect-two-groups-of-points,"Array, Dynamic Programming, Bit Manipulation, Matrix, Bitmask, Bipartite Graph, Successive Shortest Path Algorithm, Matching (Graph), Minimum-Cost Flow, Flow Network"
3007,MEDIUM,Minimum Number of Flips to Make Binary Grid Palindromic II,1,18.0,18.0,https://leetcode.com/problems/minimum-number-of-flips-to-make-binary-grid-palindromic-ii,"Array, Two Pointers, Matrix"
3008,MEDIUM,Minimum Operations to Convert Number,1,18.0,18.0,https://leetcode.com/problems/minimum-operations-to-convert-number,"Array, Breadth-First Search"
3009,HARD,Minimum Time to Remove All Cars Containing Illegal Goods,1,18.0,18.0,https://leetcode.com/problems/minimum-time-to-remove-all-cars-containing-illegal-goods,"String, Dynamic Programming"
3010,HARD,Number of Beautiful Partitions,1,18.0,18.0,https://leetcode.com/problems/number-of-beautiful-partitions,"String, Dynamic Programming, Prefix Sum"
3011,EASY,Number of Valid Clock Times,1,18.0,18.0,https://leetcode.com/problems/number-of-valid-clock-times,"String, Enumeration"
3012,HARD,Number of Ways to Reorder Array to Get Same BST,1,18.0,18.0,https://leetcode.com/problems/number-of-ways-to-reorder-array-to-get-same-bst,"Array, Math, Divide and Conquer, Dynamic Programming, Tree, Union-Find, Binary Search Tree, Memoization, Combinatorics, Binary Tree, Fermat's Little Theorem"
3013,HARD,Number of Ways to Stay in the Same Place After Some Steps,1,18.0,18.0,https://leetcode.com/problems/number-of-ways-to-stay-in-the-same-place-after-some-steps,Dynamic Programming
3014,EASY,Positions of Large Groups,1,18.0,18.0,https://leetcode.com/problems/positions-of-large-groups,String
3015,EASY,Shortest Completing Word,1,18.0,18.0,https://leetcode.com/problems/shortest-completing-word,"Array, Hash Table, String"
3016,MEDIUM,Simplified Fractions,1,18.0,18.0,https://leetcode.com/problems/simplified-fractions,"Math, String, Number Theory, Euclidean Algorithm, Greatest Common Divisor"
3017,MEDIUM,Split Array With Minimum Difference,1,18.0,18.0,https://leetcode.com/problems/split-array-with-minimum-difference,"Array, Prefix Sum"
3018,MEDIUM,Split Two Strings to Make Palindrome,1,18.0,18.0,https://leetcode.com/problems/split-two-strings-to-make-palindrome,"Two Pointers, String"
3019,HARD,Strange Printer II,1,18.0,18.0,https://leetcode.com/problems/strange-printer-ii,"Array, Graph Theory, Topological Sort, Matrix, Directed Acyclic Graph"
3020,HARD,Sum of Imbalance Numbers of All Subarrays,1,18.0,18.0,https://leetcode.com/problems/sum-of-imbalance-numbers-of-all-subarrays,"Array, Hash Table, Enumeration"
3021,HARD,Super Palindromes,1,18.0,18.0,https://leetcode.com/problems/super-palindromes,"Math, String, Enumeration"
3022,MEDIUM,Where Will the Ball Fall,1,18.0,18.0,https://leetcode.com/problems/where-will-the-ball-fall,"Array, Matrix, Simulation"
3023,EASY,Count Special Quadruplets,3,17.8,5.9,https://leetcode.com/problems/count-special-quadruplets,"Array, Hash Table, Enumeration"
3024,EASY,Construct the Rectangle,2,17.7,8.8,https://leetcode.com/problems/construct-the-rectangle,Math
3025,EASY,Increasing Order Search Tree,2,17.7,8.8,https://leetcode.com/problems/increasing-order-search-tree,"Stack, Tree, Depth-First Search, Binary Search Tree, Binary Tree"
3026,EASY,Calculate Special Bonus,2,17.6,8.8,https://leetcode.com/problems/calculate-special-bonus,Database
3027,HARD,Second Minimum Time to Reach Destination,2,17.6,8.8,https://leetcode.com/problems/second-minimum-time-to-reach-destination,"Breadth-First Search, Graph Theory, Shortest Path, Dijkstra's Algorithm, K Shortest Path"
3028,EASY,Binary Prefix Divisible By 5,3,17.3,5.8,https://leetcode.com/problems/binary-prefix-divisible-by-5,"Array, Bit Manipulation"
3029,HARD,Maximum Total Subarray Value II,3,17.3,5.8,https://leetcode.com/problems/maximum-total-subarray-value-ii,"Array, Greedy, Segment Tree, Heap (Priority Queue)"
3030,MEDIUM,Minimum Distance Between Three Equal Elements II,3,17.3,5.8,https://leetcode.com/problems/minimum-distance-between-three-equal-elements-ii,"Array, Hash Table"
3031,EASY,Restore Finishing Order,3,17.3,5.8,https://leetcode.com/problems/restore-finishing-order,"Array, Hash Table"
3032,EASY,Sum Multiples,3,17.3,5.8,https://leetcode.com/problems/sum-multiples,Math
3033,EASY,Minimum Number of Moves to Seat Everyone,3,17.2,5.7,https://leetcode.com/problems/minimum-number-of-moves-to-seat-everyone,"Array, Greedy, Sorting, Counting Sort"
3034,MEDIUM,Minimum Number of Seconds to Make Mountain Height Zero,3,17.2,5.7,https://leetcode.com/problems/minimum-number-of-seconds-to-make-mountain-height-zero,"Array, Math, Binary Search, Greedy, Heap (Priority Queue)"
3035,EASY,Find the XOR of Numbers Which Appear Twice,2,16.4,8.2,https://leetcode.com/problems/find-the-xor-of-numbers-which-appear-twice,"Array, Hash Table, Bit Manipulation"
3036,HARD, Check if There Is a Valid Parentheses String Path,1,16.4,16.4,https://leetcode.com/problems/check-if-there-is-a-valid-parentheses-string-path,"Array, Dynamic Programming, Matrix, Bracket Sequences"
3037,MEDIUM,All Divisions With the Highest Score of a Binary Array,1,16.4,16.4,https://leetcode.com/problems/all-divisions-with-the-highest-score-of-a-binary-array,Array
3038,MEDIUM,Ambiguous Coordinates,1,16.4,16.4,https://leetcode.com/problems/ambiguous-coordinates,"String, Backtracking, Enumeration"
3039,MEDIUM,Array of Doubled Pairs,1,16.4,16.4,https://leetcode.com/problems/array-of-doubled-pairs,"Array, Hash Table, Greedy, Sorting"
3040,MEDIUM,Bold Words in String,1,16.4,16.4,https://leetcode.com/problems/bold-words-in-string,"Array, Hash Table, String, Trie, String Matching, Aho–Corasick Algorithm"
3041,HARD,Booking Concert Tickets in Groups,1,16.4,16.4,https://leetcode.com/problems/booking-concert-tickets-in-groups,"Binary Search, Design, Binary Indexed Tree, Segment Tree"
3042,MEDIUM,Campus Bikes II,1,16.4,16.4,https://leetcode.com/problems/campus-bikes-ii,"Array, Dynamic Programming, Backtracking, Bit Manipulation, Bitmask, Hungarian Algorithm, Bipartite Graph, Successive Shortest Path Algorithm, Matching (Graph), Minimum-Cost Flow, Flow Network"
3043,MEDIUM,Change Minimum Characters to Satisfy One of Three Conditions,1,16.4,16.4,https://leetcode.com/problems/change-minimum-characters-to-satisfy-one-of-three-conditions,"Hash Table, String, Counting, Prefix Sum"
3044,MEDIUM,Change the Root of a Binary Tree,1,16.4,16.4,https://leetcode.com/problems/change-the-root-of-a-binary-tree,"Tree, Depth-First Search, Binary Tree"
3045,HARD,Check If String Is Transformable With Substring Sort Operations,1,16.4,16.4,https://leetcode.com/problems/check-if-string-is-transformable-with-substring-sort-operations,"String, Greedy, Sorting"
3046,MEDIUM,Check If Two Expression Trees are Equivalent,1,16.4,16.4,https://leetcode.com/problems/check-if-two-expression-trees-are-equivalent,"Hash Table, Tree, Depth-First Search, Binary Tree, Counting"
3047,HARD,Checking Existence of Edge Length Limited Paths II,1,16.4,16.4,https://leetcode.com/problems/checking-existence-of-edge-length-limited-paths-ii,"Depth-First Search, Union-Find, Graph Theory, Design, Sorting, Heap (Priority Queue), Minimum Spanning Tree"
3048,MEDIUM,Closest Dessert Cost,1,16.4,16.4,https://leetcode.com/problems/closest-dessert-cost,"Array, Dynamic Programming, Backtracking, Knapsack Problem, Mixed Knapsack"
3049,HARD,Coin Path,1,16.4,16.4,https://leetcode.com/problems/coin-path,"Array, Dynamic Programming"
3050,MEDIUM,Compare Strings by Frequency of the Smallest Character,1,16.4,16.4,https://leetcode.com/problems/compare-strings-by-frequency-of-the-smallest-character,"Array, Hash Table, String, Binary Search, Sorting"
3051,HARD,Confusing Number II,1,16.4,16.4,https://leetcode.com/problems/confusing-number-ii,"Math, Backtracking"
3052,MEDIUM,Convex Polygon,1,16.4,16.4,https://leetcode.com/problems/convex-polygon,"Array, Math, Geometry, Polygons"
3053,MEDIUM,Correct a Binary Tree,1,16.4,16.4,https://leetcode.com/problems/correct-a-binary-tree,"Hash Table, Tree, Depth-First Search, Breadth-First Search, Binary Tree"
3054,EASY,Count Houses in a Circular Street,1,16.4,16.4,https://leetcode.com/problems/count-houses-in-a-circular-street,"Array, Interactive"
3055,MEDIUM,Count Pairs of Equal Substrings With Minimum Difference,1,16.4,16.4,https://leetcode.com/problems/count-pairs-of-equal-substrings-with-minimum-difference,"Hash Table, String, Greedy"
3056,MEDIUM,Count Pairs of Points With Distance k,1,16.4,16.4,https://leetcode.com/problems/count-pairs-of-points-with-distance-k,"Array, Hash Table, Bit Manipulation"
3057,MEDIUM,Count Subarrays With More Ones Than Zeros,1,16.4,16.4,https://leetcode.com/problems/count-subarrays-with-more-ones-than-zeros,"Array, Hash Table, Binary Search, Divide and Conquer, Binary Indexed Tree, Segment Tree, Merge Sort, Ordered Set"
3058,HARD,Count Ways to Distribute Candies,1,16.4,16.4,https://leetcode.com/problems/count-ways-to-distribute-candies,Dynamic Programming
3059,MEDIUM,Count Words Obtained After Adding a Letter,1,16.4,16.4,https://leetcode.com/problems/count-words-obtained-after-adding-a-letter,"Array, Hash Table, String, Bit Manipulation, Sorting"
3060,HARD,Count the Number of Good Partitions,1,16.4,16.4,https://leetcode.com/problems/count-the-number-of-good-partitions,"Array, Hash Table, Math, Combinatorics"
3061,MEDIUM,Decrease Elements To Make Array Zigzag,1,16.4,16.4,https://leetcode.com/problems/decrease-elements-to-make-array-zigzag,"Array, Greedy"
3062,MEDIUM,Design Most Recently Used Queue,1,16.4,16.4,https://leetcode.com/problems/design-most-recently-used-queue,"Array, Linked List, Divide and Conquer, Design, Simulation, Doubly-Linked List, Sqrt Decomposition, Treap, Splay Tree"
3063,HARD,Design Video Sharing Platform,1,16.4,16.4,https://leetcode.com/problems/design-video-sharing-platform,"Hash Table, Design, Heap (Priority Queue)"
3064,MEDIUM,Determine if a Cell Is Reachable at a Given Time,1,16.4,16.4,https://leetcode.com/problems/determine-if-a-cell-is-reachable-at-a-given-time,Math
3065,HARD,Divide Array Into Increasing Sequences,1,16.4,16.4,https://leetcode.com/problems/divide-array-into-increasing-sequences,"Array, Counting"
3066,HARD,Encode String with Shortest Length,1,16.4,16.4,https://leetcode.com/problems/encode-string-with-shortest-length,"String, Dynamic Programming"
3067,HARD,Erect the Fence II,1,16.4,16.4,https://leetcode.com/problems/erect-the-fence-ii,"Array, Math, Geometry, Minimum Enclosing Circle"
3068,EASY,Extract Kth Character From The Rope Tree,1,16.4,16.4,https://leetcode.com/problems/extract-kth-character-from-the-rope-tree,"Tree, Depth-First Search, Binary Tree"
3069,MEDIUM,Filter Occupied Intervals,1,16.4,16.4,https://leetcode.com/problems/filter-occupied-intervals,"Array, Sorting"
3070,EASY,Find Champion I,1,16.4,16.4,https://leetcode.com/problems/find-champion-i,"Array, Matrix"
3071,EASY,Find Customers With Positive Revenue this Year,1,16.4,16.4,https://leetcode.com/problems/find-customers-with-positive-revenue-this-year,Database
3072,MEDIUM,Find Latest Group of Size M,1,16.4,16.4,https://leetcode.com/problems/find-latest-group-of-size-m,"Array, Hash Table, Binary Search, Simulation"
3073,MEDIUM,Find Nearest Right Node in Binary Tree,1,16.4,16.4,https://leetcode.com/problems/find-nearest-right-node-in-binary-tree,"Tree, Breadth-First Search, Binary Tree"
3074,MEDIUM,Find Permutation,1,16.4,16.4,https://leetcode.com/problems/find-permutation,"Array, String, Stack, Greedy"
3075,HARD,Find the Subtasks That Did Not Execute,1,16.4,16.4,https://leetcode.com/problems/find-the-subtasks-that-did-not-execute,Database
3076,EASY,Flip Game,1,16.4,16.4,https://leetcode.com/problems/flip-game,String
3077,MEDIUM,Generalized Abbreviation,1,16.4,16.4,https://leetcode.com/problems/generalized-abbreviation,"String, Backtracking, Bit Manipulation"
3078,MEDIUM,Guess the Majority in a Hidden Array,1,16.4,16.4,https://leetcode.com/problems/guess-the-majority-in-a-hidden-array,"Array, Math, Interactive, Boyer–Moore Majority Vote Algorithm"
3079,MEDIUM,Iterator for Combination,1,16.4,16.4,https://leetcode.com/problems/iterator-for-combination,"String, Backtracking, Design, Iterator"
3080,EASY,Largest Subarray Length K,1,16.4,16.4,https://leetcode.com/problems/largest-subarray-length-k,"Array, Greedy"
3081,MEDIUM,Largest Values From Labels,1,16.4,16.4,https://leetcode.com/problems/largest-values-from-labels,"Array, Hash Table, Greedy, Sorting, Counting"
3082,EASY,Latest Time You Can Obtain After Replacing Characters,1,16.4,16.4,https://leetcode.com/problems/latest-time-you-can-obtain-after-replacing-characters,"String, Enumeration"
3083,MEDIUM,Lonely Pixel I,1,16.4,16.4,https://leetcode.com/problems/lonely-pixel-i,"Array, Hash Table, Matrix"
3084,MEDIUM,Lonely Pixel II,1,16.4,16.4,https://leetcode.com/problems/lonely-pixel-ii,"Array, Hash Table, Matrix"
3085,MEDIUM,Longest Common Subsequence Between Sorted Arrays,1,16.4,16.4,https://leetcode.com/problems/longest-common-subsequence-between-sorted-arrays,"Array, Hash Table, Counting"
3086,MEDIUM,Longest Word With All Prefixes,1,16.4,16.4,https://leetcode.com/problems/longest-word-with-all-prefixes,"Array, String, Depth-First Search, Trie"
3087,HARD,Maximize Consecutive Elements in an Array After Modification,1,16.4,16.4,https://leetcode.com/problems/maximize-consecutive-elements-in-an-array-after-modification,"Array, Dynamic Programming, Sorting"
3088,MEDIUM,Maximize Total Cost of Alternating Subarrays,1,16.4,16.4,https://leetcode.com/problems/maximize-total-cost-of-alternating-subarrays,"Array, Dynamic Programming"
3089,HARD,Maximum Average Subarray II,1,16.4,16.4,https://leetcode.com/problems/maximum-average-subarray-ii,"Array, Binary Search, Prefix Sum"
3090,MEDIUM,Maximum Font to Fit a Sentence in a Screen,1,16.4,16.4,https://leetcode.com/problems/maximum-font-to-fit-a-sentence-in-a-screen,"Array, String, Binary Search, Interactive"
3091,MEDIUM,Maximum Number of Non-Overlapping Subarrays With Sum Equals Target,1,16.4,16.4,https://leetcode.com/problems/maximum-number-of-non-overlapping-subarrays-with-sum-equals-target,"Array, Hash Table, Greedy, Prefix Sum"
3092,MEDIUM,Maximum Score After Applying Operations on a Tree,1,16.4,16.4,https://leetcode.com/problems/maximum-score-after-applying-operations-on-a-tree,"Dynamic Programming, Tree, Depth-First Search, DP on Trees"
3093,MEDIUM,Maximum Score From Removing Stones,1,16.4,16.4,https://leetcode.com/problems/maximum-score-from-removing-stones,"Math, Greedy, Heap (Priority Queue)"
3094,EASY,Mean of Array After Removing Some Elements,1,16.4,16.4,https://leetcode.com/problems/mean-of-array-after-removing-some-elements,"Array, Sorting"
3095,HARD,Minimize Maximum Value in a Grid,1,16.4,16.4,https://leetcode.com/problems/minimize-maximum-value-in-a-grid,"Array, Union-Find, Graph Theory, Topological Sort, Sorting, Matrix"
3096,MEDIUM,Minimize Product Sum of Two Arrays,1,16.4,16.4,https://leetcode.com/problems/minimize-product-sum-of-two-arrays,"Array, Greedy, Sorting"
3097,MEDIUM,Minimum Absolute Difference Queries,1,16.4,16.4,https://leetcode.com/problems/minimum-absolute-difference-queries,"Array, Prefix Sum"
3098,HARD,Minimum Cost to Change the Final Value of Expression,1,16.4,16.4,https://leetcode.com/problems/minimum-cost-to-change-the-final-value-of-expression,"Math, String, Dynamic Programming, Stack"
3099,MEDIUM,Minimum Cost to Make Array Equalindromic,1,16.4,16.4,https://leetcode.com/problems/minimum-cost-to-make-array-equalindromic,"Array, Math, Binary Search, Greedy, Sorting"
3100,HARD,Minimum Flips in Binary Tree to Get Result,1,16.4,16.4,https://leetcode.com/problems/minimum-flips-in-binary-tree-to-get-result,"Dynamic Programming, Tree, Depth-First Search, Binary Tree"
3101,MEDIUM,Minimum Increment Operations to Make Array Beautiful,1,16.4,16.4,https://leetcode.com/problems/minimum-increment-operations-to-make-array-beautiful,"Array, Dynamic Programming"
3102,MEDIUM,Minimum Lines to Represent a Line Chart,1,16.4,16.4,https://leetcode.com/problems/minimum-lines-to-represent-a-line-chart,"Array, Math, Geometry, Sorting, Number Theory"
3103,EASY,Minimum Number of Operations to Convert Time,1,16.4,16.4,https://leetcode.com/problems/minimum-number-of-operations-to-convert-time,"String, Greedy"
3104,MEDIUM,Minimum Path Cost in a Grid,1,16.4,16.4,https://leetcode.com/problems/minimum-path-cost-in-a-grid,"Array, Dynamic Programming, Matrix"
3105,HARD,Minimum Skips to Arrive at Meeting On Time,1,16.4,16.4,https://leetcode.com/problems/minimum-skips-to-arrive-at-meeting-on-time,"Array, Dynamic Programming"
3106,HARD,Minimum Sum of Values by Dividing Array,1,16.4,16.4,https://leetcode.com/problems/minimum-sum-of-values-by-dividing-array,"Array, Binary Search, Dynamic Programming, Bit Manipulation, Segment Tree, Queue"
3107,HARD,Minimum Time to Build Blocks,1,16.4,16.4,https://leetcode.com/problems/minimum-time-to-build-blocks,"Array, Math, Greedy, Heap (Priority Queue)"
3108,HARD,Minimum White Tiles After Covering With Carpets,1,16.4,16.4,https://leetcode.com/problems/minimum-white-tiles-after-covering-with-carpets,"String, Dynamic Programming, Prefix Sum"
3109,MEDIUM,Most Frequent Prime,1,16.4,16.4,https://leetcode.com/problems/most-frequent-prime,"Array, Hash Table, Math, Matrix, Counting, Enumeration, Number Theory, Primality Test, Sieve Theory, Prime Number Sieve"
3110,HARD,Move Sub-Tree of N-Ary Tree,1,16.4,16.4,https://leetcode.com/problems/move-sub-tree-of-n-ary-tree,"Tree, Depth-First Search"
3111,MEDIUM,Number of Equal Numbers Blocks,1,16.4,16.4,https://leetcode.com/problems/number-of-equal-numbers-blocks,"Array, Binary Search, Interactive"
3112,HARD,Number of Ways to Rearrange Sticks With K Sticks Visible,1,16.4,16.4,https://leetcode.com/problems/number-of-ways-to-rearrange-sticks-with-k-sticks-visible,"Math, Dynamic Programming, Combinatorics"
3113,EASY,Occurrences After Bigram,1,16.4,16.4,https://leetcode.com/problems/occurrences-after-bigram,String
3114,MEDIUM,Paths in Maze That Lead to Same Room,1,16.4,16.4,https://leetcode.com/problems/paths-in-maze-that-lead-to-same-room,Graph Theory
3115,MEDIUM,Power Update After K-th Largest Insertion I,1,16.4,16.4,https://leetcode.com/problems/power-update-after-k-th-largest-insertion-i,"Array, Hash Table, Math, Segment Tree, Sorting, Heap (Priority Queue)"
3116,MEDIUM,Random Flip Matrix,1,16.4,16.4,https://leetcode.com/problems/random-flip-matrix,"Hash Table, Math, Reservoir Sampling, Randomized"
3117,HARD,Recover the Original Array,1,16.4,16.4,https://leetcode.com/problems/recover-the-original-array,"Array, Hash Table, Two Pointers, Sorting, Enumeration"
3118,MEDIUM,Remove All Ones With Row and Column Flips,1,16.4,16.4,https://leetcode.com/problems/remove-all-ones-with-row-and-column-flips,"Array, Math, Bit Manipulation, Matrix"
3119,MEDIUM,Remove All Ones With Row and Column Flips II,1,16.4,16.4,https://leetcode.com/problems/remove-all-ones-with-row-and-column-flips-ii,"Array, Bit Manipulation, Breadth-First Search, Matrix"
3120,EASY,Replace All Digits with Characters,1,16.4,16.4,https://leetcode.com/problems/replace-all-digits-with-characters,String
3121,EASY,Rings and Rods,1,16.4,16.4,https://leetcode.com/problems/rings-and-rods,"Hash Table, String"
3122,MEDIUM,Shortest Distance to Target Color,1,16.4,16.4,https://leetcode.com/problems/shortest-distance-to-target-color,"Array, Binary Search, Dynamic Programming"
3123,EASY,Similar RGB Color,1,16.4,16.4,https://leetcode.com/problems/similar-rgb-color,"Math, String, Enumeration"
3124,HARD,Sort Array by Moving Items to Empty Space,1,16.4,16.4,https://leetcode.com/problems/sort-array-by-moving-items-to-empty-space,"Array, Hash Table, Sorting"
3125,HARD,String Transforms Into Another String,1,16.4,16.4,https://leetcode.com/problems/string-transforms-into-another-string,"Hash Table, String, Graph Theory"
3126,HARD,The Most Similar Path in a Graph,1,16.4,16.4,https://leetcode.com/problems/the-most-similar-path-in-a-graph,"Array, String, Dynamic Programming, Graph Theory"
3127,MEDIUM,The k Strongest Values in an Array,1,16.4,16.4,https://leetcode.com/problems/the-k-strongest-values-in-an-array,"Array, Two Pointers, Sorting"
3128,HARD,Tree of Coprimes,1,16.4,16.4,https://leetcode.com/problems/tree-of-coprimes,"Array, Math, Tree, Depth-First Search, Number Theory"
3129,MEDIUM,Unique Word Abbreviation,1,16.4,16.4,https://leetcode.com/problems/unique-word-abbreviation,"Array, Hash Table, String, Design"
3130,EASY,Valid Word Square,1,16.4,16.4,https://leetcode.com/problems/valid-word-square,"Array, Matrix"
3131,MEDIUM,Watering Plants II,1,16.4,16.4,https://leetcode.com/problems/watering-plants-ii,"Array, Two Pointers, Simulation"
3132,HARD,Word Squares,1,16.4,16.4,https://leetcode.com/problems/word-squares,"Array, String, Backtracking, Trie"
3133,HARD,Find X-Sum of All K-Long Subarrays II,2,16.3,8.1,https://leetcode.com/problems/find-x-sum-of-all-k-long-subarrays-ii,"Array, Hash Table, Sliding Window, Heap (Priority Queue)"
3134,HARD,Maximize the Distance Between Points on a Square,2,16.3,8.1,https://leetcode.com/problems/maximize-the-distance-between-points-on-a-square,"Array, Math, Binary Search, Geometry, Sorting"
3135,HARD,Distinct Subsequences II,2,15.8,7.9,https://leetcode.com/problems/distinct-subsequences-ii,"String, Dynamic Programming"
3136,MEDIUM,Maximum Balanced Shipments,1,15.7,15.7,https://leetcode.com/problems/maximum-balanced-shipments,"Array, Dynamic Programming, Stack, Greedy, Monotonic Stack"
3137,MEDIUM,Vowels Game in a String,3,15.5,5.2,https://leetcode.com/problems/vowels-game-in-a-string,"Math, String, Brainteaser, Game Theory"
3138,MEDIUM,Water Bottles II,3,15.5,5.2,https://leetcode.com/problems/water-bottles-ii,"Math, Simulation"
3139,HARD,Apply Operations to Maximize Score,2,15.5,7.8,https://leetcode.com/problems/apply-operations-to-maximize-score,"Array, Math, Stack, Greedy, Sorting, Monotonic Stack, Number Theory"
3140,EASY,Calculator with Method Chaining,2,15.5,7.8,https://leetcode.com/problems/calculator-with-method-chaining,
3141,MEDIUM,Minimum ASCII Delete Sum for Two Strings,2,15.5,7.8,https://leetcode.com/problems/minimum-ascii-delete-sum-for-two-strings,"String, Dynamic Programming, Longest Common Subsequence"
3142,MEDIUM,Reach End of Array With Max Score,2,15.5,7.8,https://leetcode.com/problems/reach-end-of-array-with-max-score,"Array, Greedy"
3143,HARD,Smallest Palindromic Rearrangement II,2,15.5,7.8,https://leetcode.com/problems/smallest-palindromic-rearrangement-ii,"Hash Table, Math, String, Combinatorics, Counting"
3144,EASY,Uncommon Words from Two Sentences,2,15.5,7.8,https://leetcode.com/problems/uncommon-words-from-two-sentences,"Hash Table, String, Counting"
3145,HARD,Equal Sum Grid Partition II,2,15.4,7.7,https://leetcode.com/problems/equal-sum-grid-partition-ii,"Array, Hash Table, Matrix, Enumeration, Prefix Sum"
3146,MEDIUM,Maximum Nesting Depth of Two Valid Parentheses Strings,2,15.4,7.7,https://leetcode.com/problems/maximum-nesting-depth-of-two-valid-parentheses-strings,"String, Stack, Bracket Sequences"
3147,MEDIUM,Paint House IV,2,15.4,7.7,https://leetcode.com/problems/paint-house-iv,"Array, Dynamic Programming"
3148,HARD,Data Stream as Disjoint Intervals,2,15.3,7.7,https://leetcode.com/problems/data-stream-as-disjoint-intervals,"Hash Table, Binary Search, Union-Find, Design, Data Stream, Ordered Set"
3149,EASY,Longest Even Odd Subarray With Threshold,2,15.3,7.7,https://leetcode.com/problems/longest-even-odd-subarray-with-threshold,"Array, Sliding Window"
3150,MEDIUM,Maximum Number of Jumps to Reach the Last Index,2,15.3,7.7,https://leetcode.com/problems/maximum-number-of-jumps-to-reach-the-last-index,"Array, Dynamic Programming"
3151,MEDIUM,Neighboring Bitwise XOR,2,15.3,7.7,https://leetcode.com/problems/neighboring-bitwise-xor,"Array, Bit Manipulation"
3152,MEDIUM,Number of Pairs of Interchangeable Rectangles,2,15.3,7.7,https://leetcode.com/problems/number-of-pairs-of-interchangeable-rectangles,"Array, Hash Table, Math, Counting, Number Theory"
3153,MEDIUM,Number of Ways to Assign Edge Weights I,2,15.2,7.6,https://leetcode.com/problems/number-of-ways-to-assign-edge-weights-i,"Math, Tree, Depth-First Search"
3154,HARD,Final Array State After K Multiplication Operations II,3,15.0,5.0,https://leetcode.com/problems/final-array-state-after-k-multiplication-operations-ii,"Array, Heap (Priority Queue), Simulation"
3155,HARD,Find the Minimum Cost Array Permutation,1,14.6,14.6,https://leetcode.com/problems/find-the-minimum-cost-array-permutation,"Array, Dynamic Programming, Bit Manipulation, Bitmask"
3156,MEDIUM,Walking Robot Simulation II,1,14.6,14.6,https://leetcode.com/problems/walking-robot-simulation-ii,"Design, Simulation"
3157,EASY,Number of Employees Who Met the Target,2,14.5,7.2,https://leetcode.com/problems/number-of-employees-who-met-the-target,Array
3158,EASY,Find Books with No Available Copies,1,14.4,14.4,https://leetcode.com/problems/find-books-with-no-available-copies,Database
3159,EASY,Generate Fibonacci Sequence,2,13.7,6.8,https://leetcode.com/problems/generate-fibonacci-sequence,
3160,EASY,Minimize String Length,2,13.7,6.8,https://leetcode.com/problems/minimize-string-length,"Hash Table, String"
3161,EASY,Weighted Word Mapping,2,13.7,6.8,https://leetcode.com/problems/weighted-word-mapping,"Array, String, Simulation"
3162,MEDIUM,Add One Row to Tree,2,13.2,6.6,https://leetcode.com/problems/add-one-row-to-tree,"Tree, Depth-First Search, Breadth-First Search, Binary Tree"
3163,EASY,Find the Largest Almost Missing Integer,2,13.2,6.6,https://leetcode.com/problems/find-the-largest-almost-missing-integer,"Array, Hash Table"
3164,MEDIUM,The Most Frequently Ordered Products for Each Customer,1,13.2,13.2,https://leetcode.com/problems/the-most-frequently-ordered-products-for-each-customer,Database
3165,EASY,Check if Matrix Is X-Matrix,2,13.1,6.5,https://leetcode.com/problems/check-if-matrix-is-x-matrix,"Array, Matrix"
3166,HARD,Maximize Cyclic Partition Score,2,13.1,6.5,https://leetcode.com/problems/maximize-cyclic-partition-score,"Array, Dynamic Programming"
3167,MEDIUM,Maximum Alternating Subsequence Sum,2,13.1,6.5,https://leetcode.com/problems/maximum-alternating-subsequence-sum,"Array, Dynamic Programming"
3168,MEDIUM,Minimum Absolute Difference in Sliding Submatrix,2,13.1,6.5,https://leetcode.com/problems/minimum-absolute-difference-in-sliding-submatrix,"Array, Sorting, Matrix"
3169,EASY,Sum of Variable Length Subarrays,2,13.1,6.5,https://leetcode.com/problems/sum-of-variable-length-subarrays,"Array, Prefix Sum"
3170,EASY,Timeout Cancellation,2,13.0,6.5,https://leetcode.com/problems/timeout-cancellation,
3171,MEDIUM,Maximum Distance Between a Pair of Values,2,12.8,6.4,https://leetcode.com/problems/maximum-distance-between-a-pair-of-values,"Array, Two Pointers, Binary Search"
3172,EASY,N-ary Tree Preorder Traversal,2,12.7,6.3,https://leetcode.com/problems/n-ary-tree-preorder-traversal,"Stack, Tree, Depth-First Search"
3173,EASY,Get the Size of a DataFrame,1,12.6,12.6,https://leetcode.com/problems/get-the-size-of-a-dataframe,
3174,EASY,Array Reduce Transformation,2,12.3,6.2,https://leetcode.com/problems/array-reduce-transformation,
3175,EASY,Count Residue Prefixes,2,12.3,6.2,https://leetcode.com/problems/count-residue-prefixes,"Hash Table, String"
3176,HARD,Count Subarrays With Majority Element II,2,12.3,6.2,https://leetcode.com/problems/count-subarrays-with-majority-element-ii,"Array, Hash Table, Divide and Conquer, Segment Tree, Merge Sort, Prefix Sum"
3177,EASY,Find the Distinct Difference Array,2,12.3,6.2,https://leetcode.com/problems/find-the-distinct-difference-array,"Array, Hash Table"
3178,MEDIUM,Longest ZigZag Path in a Binary Tree,2,12.3,6.2,https://leetcode.com/problems/longest-zigzag-path-in-a-binary-tree,"Dynamic Programming, Tree, Depth-First Search, Binary Tree, DP on Trees"
3179,MEDIUM,Maximum Number of Coins You Can Get,2,12.3,6.2,https://leetcode.com/problems/maximum-number-of-coins-you-can-get,"Array, Math, Greedy, Sorting, Game Theory"
3180,MEDIUM,Minimum Additions to Make Valid String,2,12.3,6.2,https://leetcode.com/problems/minimum-additions-to-make-valid-string,"String, Dynamic Programming, Stack, Greedy"
3181,MEDIUM,Partition Array into Disjoint Intervals,2,12.3,6.2,https://leetcode.com/problems/partition-array-into-disjoint-intervals,Array
3182,HARD,Dinner Plate Stacks,2,12.2,6.1,https://leetcode.com/problems/dinner-plate-stacks,"Hash Table, Stack, Design, Heap (Priority Queue)"
3183,EASY,Get Maximum in Generated Array,2,12.2,6.1,https://leetcode.com/problems/get-maximum-in-generated-array,"Array, Simulation"
3184,MEDIUM,Maximum and Minimum Sums of at Most Size K Subsequences,2,12.2,6.1,https://leetcode.com/problems/maximum-and-minimum-sums-of-at-most-size-k-subsequences,"Array, Math, Dynamic Programming, Sorting, Combinatorics"
3185,HARD,Maximum Product of Subsequences With an Alternating Sum Equal to K,1,12.0,12.0,https://leetcode.com/problems/maximum-product-of-subsequences-with-an-alternating-sum-equal-to-k,"Array, Hash Table, Dynamic Programming"
3186,MEDIUM,Unpopular Books,1,11.4,11.4,https://leetcode.com/problems/unpopular-books,Database
3187,EASY,Coupon Code Validator,2,10.5,5.2,https://leetcode.com/problems/coupon-code-validator,"Array, Hash Table, String, Sorting"
3188,EASY,Delete Greatest Value in Each Row,2,10.5,5.2,https://leetcode.com/problems/delete-greatest-value-in-each-row,"Array, Sorting, Heap (Priority Queue), Matrix, Simulation"
3189,EASY,Flip Square Submatrix Vertically,2,10.5,5.2,https://leetcode.com/problems/flip-square-submatrix-vertically,"Array, Two Pointers, Matrix"
3190,EASY,K Items With the Maximum Sum,2,10.5,5.2,https://leetcode.com/problems/k-items-with-the-maximum-sum,"Math, Greedy"
3191,EASY,Maximum Odd Binary Number,2,10.5,5.2,https://leetcode.com/problems/maximum-odd-binary-number,"Math, String, Greedy"
3192,MEDIUM,Maximum Possible Number by Binary Concatenation,2,10.5,5.2,https://leetcode.com/problems/maximum-possible-number-by-binary-concatenation,"Array, Bit Manipulation, Enumeration"
3193,HARD,Maximum Profit from Trading Stocks with Discounts,2,10.5,5.2,https://leetcode.com/problems/maximum-profit-from-trading-stocks-with-discounts,"Array, Dynamic Programming, Tree, Depth-First Search"
3194,EASY,Number of Even and Odd Bits,2,10.5,5.2,https://leetcode.com/problems/number-of-even-and-odd-bits,Bit Manipulation
3195,MEDIUM,Promise Time Limit,2,10.5,5.2,https://leetcode.com/problems/promise-time-limit,
3196,MEDIUM,Two-Letter Card Game,2,10.5,5.2,https://leetcode.com/problems/two-letter-card-game,"Array, Hash Table, String, Counting, Enumeration"
3197,EASY,Available Captures for Rook,1,10.5,10.5,https://leetcode.com/problems/available-captures-for-rook,"Array, Matrix, Simulation"
3198,HARD,Find the Occurrence of First Almost Equal Substring,1,10.5,10.5,https://leetcode.com/problems/find-the-occurrence-of-first-almost-equal-substring,"String, String Matching, Knuth–Morris–Pratt Algorithm"
3199,HARD,Minimum Moves to Move a Box to Their Target Location,1,10.5,10.5,https://leetcode.com/problems/minimum-moves-to-move-a-box-to-their-target-location,"Array, Breadth-First Search, Heap (Priority Queue), Matrix"
3200,MEDIUM,Minimum Number of Operations to Make Array XOR Equal to K,1,10.3,10.3,https://leetcode.com/problems/minimum-number-of-operations-to-make-array-xor-equal-to-k,"Array, Bit Manipulation"
3201,MEDIUM,Balanced K-Factor Decomposition,2,10.0,5.0,https://leetcode.com/problems/balanced-k-factor-decomposition,"Math, Backtracking, Number Theory"
3202,MEDIUM,Binary Trees With Factors,2,10.0,5.0,https://leetcode.com/problems/binary-trees-with-factors,"Array, Hash Table, Dynamic Programming, Sorting"
3203,EASY,Buy Two Chocolates,2,10.0,5.0,https://leetcode.com/problems/buy-two-chocolates,"Array, Greedy, Sorting"
3204,HARD,Count Beautiful Numbers,2,10.0,5.0,https://leetcode.com/problems/count-beautiful-numbers,Dynamic Programming
3205,MEDIUM,Count K-th Roots in a Range,2,10.0,5.0,https://leetcode.com/problems/count-k-th-roots-in-a-range,"Math, Binary Search"
3206,MEDIUM,Count Triplets That Can Form Two Arrays of Equal XOR,2,10.0,5.0,https://leetcode.com/problems/count-triplets-that-can-form-two-arrays-of-equal-xor,"Array, Hash Table, Math, Bit Manipulation, Prefix Sum"
3207,MEDIUM,Distinct Prime Factors of Product of Array,2,10.0,5.0,https://leetcode.com/problems/distinct-prime-factors-of-product-of-array,"Array, Hash Table, Math, Number Theory, Prime Factorization, Euclidean Algorithm, Primality Test, Greatest Common Divisor, Sieve Theory, Prime Number Sieve"
3208,MEDIUM,Find the Kth Largest Integer in the Array,2,10.0,5.0,https://leetcode.com/problems/find-the-kth-largest-integer-in-the-array,"Array, String, Divide and Conquer, Sorting, Heap (Priority Queue), Quickselect"
3209,HARD,Find the Largest Palindrome Divisible by K,2,10.0,5.0,https://leetcode.com/problems/find-the-largest-palindrome-divisible-by-k,"Math, String, Dynamic Programming, Greedy, Number Theory"
3210,MEDIUM,Largest Element in an Array after Merge Operations,2,10.0,5.0,https://leetcode.com/problems/largest-element-in-an-array-after-merge-operations,"Array, Greedy"
3211,MEDIUM,Longest Palindrome After Substring Concatenation I,2,10.0,5.0,https://leetcode.com/problems/longest-palindrome-after-substring-concatenation-i,"Two Pointers, String, Dynamic Programming, Enumeration"
3212,MEDIUM,Maximize Sum of Device Ratings,2,10.0,5.0,https://leetcode.com/problems/maximize-sum-of-device-ratings,
3213,MEDIUM,Maximum Product of Three Elements After One Replacement,2,10.0,5.0,https://leetcode.com/problems/maximum-product-of-three-elements-after-one-replacement,"Array, Math, Greedy, Sorting"
3214,EASY,Minimum Distance Between Three Equal Elements I,2,10.0,5.0,https://leetcode.com/problems/minimum-distance-between-three-equal-elements-i,"Array, Hash Table"
3215,MEDIUM,Minimum Division Operations to Make Array Non Decreasing,2,10.0,5.0,https://leetcode.com/problems/minimum-division-operations-to-make-array-non-decreasing,"Array, Math, Greedy, Number Theory"
3216,EASY,Reshape Data: Pivot,2,10.0,5.0,https://leetcode.com/problems/reshape-data-pivot,
3217,MEDIUM,Analyze Subscription Conversion ,1,8.2,8.2,https://leetcode.com/problems/analyze-subscription-conversion,Database
3218,MEDIUM,Check Digitorial Permutation,1,8.2,8.2,https://leetcode.com/problems/check-digitorial-permutation,"Math, Counting"
3219,MEDIUM,Choose K Elements With Maximum Sum,1,8.2,8.2,https://leetcode.com/problems/choose-k-elements-with-maximum-sum,"Array, Sorting, Heap (Priority Queue)"
3220,MEDIUM,Find Maximum Number of Non Intersecting Substrings,1,8.2,8.2,https://leetcode.com/problems/find-maximum-number-of-non-intersecting-substrings,"Hash Table, String, Dynamic Programming, Greedy"
3221,MEDIUM,Find the Sequence of Strings Appeared on the Screen,1,8.2,8.2,https://leetcode.com/problems/find-the-sequence-of-strings-appeared-on-the-screen,"String, Simulation"
3222,EASY,Find the Winning Player in Coin Game,1,8.2,8.2,https://leetcode.com/problems/find-the-winning-player-in-coin-game,"Math, Simulation, Game Theory"
3223,EASY,Generate Tag for Video Caption,1,8.2,8.2,https://leetcode.com/problems/generate-tag-for-video-caption,"String, Simulation"
3224,HARD,Maximum Sum of Edge Values in a Graph,1,8.2,8.2,https://leetcode.com/problems/maximum-sum-of-edge-values-in-a-graph,"Math, Greedy, Graph Theory"
3225,MEDIUM,Minimum Moves to Balance Circular Array,1,8.2,8.2,https://leetcode.com/problems/minimum-moves-to-balance-circular-array,"Array, Greedy, Sorting"
3226,MEDIUM,Minimum Moves to Clean the Classroom,1,8.2,8.2,https://leetcode.com/problems/minimum-moves-to-clean-the-classroom,"Array, Hash Table, Bit Manipulation, Breadth-First Search, Matrix"
3227,HARD,Minimum Moves to Reach Target in Grid,1,8.2,8.2,https://leetcode.com/problems/minimum-moves-to-reach-target-in-grid,Math
3228,HARD,Naming a Company,1,8.2,8.2,https://leetcode.com/problems/naming-a-company,"Array, Hash Table, String, Bit Manipulation, Enumeration"
3229,HARD,Self Crossing,1,8.2,8.2,https://leetcode.com/problems/self-crossing,"Array, Math, Geometry"
3230,EASY,Find Indices of Stable Mountains,1,8.1,8.1,https://leetcode.com/problems/find-indices-of-stable-mountains,Array
3231,HARD,Find Nth Smallest Integer With K One Bits,1,8.1,8.1,https://leetcode.com/problems/find-nth-smallest-integer-with-k-one-bits,"Math, Bit Manipulation, Combinatorics"
3232,HARD,Find Weighted Median Node in Tree,1,8.1,8.1,https://leetcode.com/problems/find-weighted-median-node-in-tree,"Array, Binary Search, Dynamic Programming, Bit Manipulation, Tree, Depth-First Search"
3233,HARD,Find the String with LCP,1,8.1,8.1,https://leetcode.com/problems/find-the-string-with-lcp,"Array, String, Dynamic Programming, Greedy, Union-Find, Matrix"
3234,MEDIUM,Find the Student that Will Replace the Chalk,1,8.1,8.1,https://leetcode.com/problems/find-the-student-that-will-replace-the-chalk,"Array, Binary Search, Simulation, Prefix Sum"
3235,MEDIUM,Make Array Non-decreasing,1,8.1,8.1,https://leetcode.com/problems/make-array-non-decreasing,"Array, Stack, Greedy, Monotonic Stack"
3236,EASY,Maximum Subarray With Equal Products,1,8.1,8.1,https://leetcode.com/problems/maximum-subarray-with-equal-products,"Array, Math, Sliding Window, Enumeration, Number Theory"
3237,MEDIUM,Minimum Swaps to Sort by Digit Sum,1,8.1,8.1,https://leetcode.com/problems/minimum-swaps-to-sort-by-digit-sum,"Array, Hash Table, Sorting"
3238,MEDIUM,Subsequence Sum After Capping Elements,1,8.1,8.1,https://leetcode.com/problems/subsequence-sum-after-capping-elements,"Array, Two Pointers, Dynamic Programming, Sorting"
3239,EASY,The Latest Login in 2020,1,8.1,8.1,https://leetcode.com/problems/the-latest-login-in-2020,Database
3240,HARD,Total Characters in String After Transformations II,1,8.1,8.1,https://leetcode.com/problems/total-characters-in-string-after-transformations-ii,"Hash Table, Math, String, Dynamic Programming, Counting"
3241,HARD,Concatenated Divisibility,1,8.0,8.0,https://leetcode.com/problems/concatenated-divisibility,"Array, Dynamic Programming, Bit Manipulation, Bitmask"
3242,MEDIUM,Resulting String After Adjacent Removals,1,8.0,8.0,https://leetcode.com/problems/resulting-string-after-adjacent-removals,"String, Stack, Simulation"
3243,HARD,Count Routes to Climb a Rectangular Grid,1,7.3,7.3,https://leetcode.com/problems/count-routes-to-climb-a-rectangular-grid,"Array, Dynamic Programming, Matrix, Prefix Sum"
3244,MEDIUM,Find the Count of Numbers Which Are Not Special,1,7.3,7.3,https://leetcode.com/problems/find-the-count-of-numbers-which-are-not-special,"Array, Math, Number Theory"
3245,EASY,Harshad Number,1,7.3,7.3,https://leetcode.com/problems/harshad-number,Math
3246,EASY,Largest Substring Between Two Equal Characters,1,7.3,7.3,https://leetcode.com/problems/largest-substring-between-two-equal-characters,"Hash Table, String"
3247,MEDIUM,Maximum Number of Items From Sale I,1,7.3,7.3,https://leetcode.com/problems/maximum-number-of-items-from-sale-i,"Array, Dynamic Programming, Greedy"
3248,EASY,Minimum Sum of Mountain Triplets I,1,7.3,7.3,https://leetcode.com/problems/minimum-sum-of-mountain-triplets-i,Array
3249,EASY,Strong Password Checker II,1,7.3,7.3,https://leetcode.com/problems/strong-password-checker-ii,String
3250,MEDIUM,Valid Subarrays With Matching Sum Digits I,1,7.3,7.3,https://leetcode.com/problems/valid-subarrays-with-matching-sum-digits-i,"Array, Hash Table, Sliding Window, Enumeration, Prefix Sum"
3251,MEDIUM,Vowels of All Substrings,1,7.3,7.3,https://leetcode.com/problems/vowels-of-all-substrings,"Math, String, Dynamic Programming, Combinatorics"
3252,HARD,Analyze Organization Hierarchy,1,7.2,7.2,https://leetcode.com/problems/analyze-organization-hierarchy,Database
3253,EASY,Check Balanced String,1,7.2,7.2,https://leetcode.com/problems/check-balanced-string,String
3254,EASY,Check If It Is a Straight Line,1,7.2,7.2,https://leetcode.com/problems/check-if-it-is-a-straight-line,"Array, Math, Geometry"
3255,HARD,Count Unique Characters of All Substrings of a Given String,1,7.2,7.2,https://leetcode.com/problems/count-unique-characters-of-all-substrings-of-a-given-string,"Hash Table, String, Dynamic Programming"
3256,MEDIUM,Happy Students,1,7.2,7.2,https://leetcode.com/problems/happy-students,"Array, Sorting, Enumeration"
3257,EASY,Surface Area of 3D Shapes,1,7.2,7.2,https://leetcode.com/problems/surface-area-of-3d-shapes,"Array, Math, Geometry, Matrix"
3258,EASY,Bank Account Summary II,1,5.5,5.5,https://leetcode.com/problems/bank-account-summary-ii,Database
3259,MEDIUM,Card Flipping Game,1,5.5,5.5,https://leetcode.com/problems/card-flipping-game,"Array, Hash Table"
3260,MEDIUM,Count Distinct Integers After Removing Zeros,1,5.5,5.5,https://leetcode.com/problems/count-distinct-integers-after-removing-zeros,"Math, Dynamic Programming"
3261,EASY,Count Elements With Strictly Smaller and Greater Elements ,1,5.5,5.5,https://leetcode.com/problems/count-elements-with-strictly-smaller-and-greater-elements,"Array, Sorting, Counting"
3262,HARD,Count Special Integers,1,5.5,5.5,https://leetcode.com/problems/count-special-integers,"Math, Dynamic Programming"
3263,HARD,Count The Number of Winning Sequences,1,5.5,5.5,https://leetcode.com/problems/count-the-number-of-winning-sequences,"String, Dynamic Programming"
3264,HARD,Count The Repetitions,1,5.5,5.5,https://leetcode.com/problems/count-the-repetitions,"Two Pointers, String, Dynamic Programming"
3265,MEDIUM,Count Valid Sequences,1,5.5,5.5,https://leetcode.com/problems/count-valid-sequences,
3266,MEDIUM,Design Auction System,1,5.5,5.5,https://leetcode.com/problems/design-auction-system,"Hash Table, Design, Heap (Priority Queue), Ordered Set"
3267,EASY,Determine if String Halves Are Alike,1,5.5,5.5,https://leetcode.com/problems/determine-if-string-halves-are-alike,"String, Counting"
3268,MEDIUM,Find Students Who Improved,1,5.5,5.5,https://leetcode.com/problems/find-students-who-improved,Database
3269,EASY,Find the Key of the Numbers,1,5.5,5.5,https://leetcode.com/problems/find-the-key-of-the-numbers,Math
3270,EASY,Find the Number of Winning Players,1,5.5,5.5,https://leetcode.com/problems/find-the-number-of-winning-players,"Array, Hash Table, Counting"
3271,EASY,Generate a String With Characters That Have Odd Counts,1,5.5,5.5,https://leetcode.com/problems/generate-a-string-with-characters-that-have-odd-counts,String
3272,EASY,Goal Parser Interpretation,1,5.5,5.5,https://leetcode.com/problems/goal-parser-interpretation,String
3273,MEDIUM,Hash Divided String,1,5.5,5.5,https://leetcode.com/problems/hash-divided-string,"String, Simulation"
3274,MEDIUM,K-th Largest Perfect Subtree Size in Binary Tree,1,5.5,5.5,https://leetcode.com/problems/k-th-largest-perfect-subtree-size-in-binary-tree,"Tree, Depth-First Search, Sorting, Binary Tree"
3275,HARD,Longest Special Path II,1,5.5,5.5,https://leetcode.com/problems/longest-special-path-ii,"Array, Hash Table, Tree, Depth-First Search, Prefix Sum"
3276,MEDIUM,Maximum Product of the Length of Two Palindromic Subsequences,1,5.5,5.5,https://leetcode.com/problems/maximum-product-of-the-length-of-two-palindromic-subsequences,"String, Dynamic Programming, Backtracking, Bit Manipulation, Bitmask"
3277,HARD,Maximum Subarray Sum After at Most K Swaps,1,5.5,5.5,https://leetcode.com/problems/maximum-subarray-sum-after-at-most-k-swaps,
3278,EASY,Minimum Moves to Convert String,1,5.5,5.5,https://leetcode.com/problems/minimum-moves-to-convert-string,"String, Greedy"
3279,HARD,Minimum Number of Days to Disconnect Island,1,5.5,5.5,https://leetcode.com/problems/minimum-number-of-days-to-disconnect-island,"Array, Depth-First Search, Breadth-First Search, Matrix, Strongly Connected Component, Articulation Point"
3280,MEDIUM,Minimum Operations to Transform Array into Alternating Prime,1,5.5,5.5,https://leetcode.com/problems/minimum-operations-to-transform-array-into-alternating-prime,"Array, Math, Two Pointers, Binary Search, Sorting, Number Theory"
3281,HARD,Modify Graph Edge Weights,1,5.5,5.5,https://leetcode.com/problems/modify-graph-edge-weights,"Graph Theory, Heap (Priority Queue), Shortest Path"
3282,EASY,Number of Senior Citizens,1,5.5,5.5,https://leetcode.com/problems/number-of-senior-citizens,"Array, String"
3283,MEDIUM,Number of Ways to Reach a Position After Exactly k Steps,1,5.5,5.5,https://leetcode.com/problems/number-of-ways-to-reach-a-position-after-exactly-k-steps,"Math, Dynamic Programming, Combinatorics"
3284,HARD,Partition Array for Maximum XOR and AND,1,5.5,5.5,https://leetcode.com/problems/partition-array-for-maximum-xor-and-and,"Array, Math, Greedy, Bit Manipulation, Enumeration"
3285,EASY,Projection Area of 3D Shapes,1,5.5,5.5,https://leetcode.com/problems/projection-area-of-3d-shapes,"Array, Math, Geometry, Matrix"
3286,EASY,Reshape Data: Concatenate,1,5.5,5.5,https://leetcode.com/problems/reshape-data-concatenate,
3287,HARD,Smallest Rotation with Highest Score,1,5.5,5.5,https://leetcode.com/problems/smallest-rotation-with-highest-score,"Array, Prefix Sum"
3288,EASY,Unique Middle Element,1,5.5,5.5,https://leetcode.com/problems/unique-middle-element,
3289,EASY,Button with Longest Push Time,1,5.0,5.0,https://leetcode.com/problems/button-with-longest-push-time,Array
3290,EASY,Calculate Delayed Arrival Time,1,5.0,5.0,https://leetcode.com/problems/calculate-delayed-arrival-time,Math
3291,EASY,Cells with Odd Values in a Matrix,1,5.0,5.0,https://leetcode.com/problems/cells-with-odd-values-in-a-matrix,"Array, Math, Simulation"
3292,EASY,Change Data Type,1,5.0,5.0,https://leetcode.com/problems/change-data-type,
3293,EASY,Check Distances Between Same Letters,1,5.0,5.0,https://leetcode.com/problems/check-distances-between-same-letters,"Array, Hash Table, String"
3294,HARD,Check If Digits Are Equal in String After Operations II,1,5.0,5.0,https://leetcode.com/problems/check-if-digits-are-equal-in-string-after-operations-ii,"Math, String, Combinatorics, Number Theory"
3295,MEDIUM,Check if There is a Valid Partition For The Array,1,5.0,5.0,https://leetcode.com/problems/check-if-there-is-a-valid-partition-for-the-array,"Array, Dynamic Programming"
3296,HARD,Check if the Rectangle Corner Is Reachable,1,5.0,5.0,https://leetcode.com/problems/check-if-the-rectangle-corner-is-reachable,"Array, Math, Depth-First Search, Breadth-First Search, Union-Find, Geometry"
3297,HARD,Closest Node to Path in Tree,1,5.0,5.0,https://leetcode.com/problems/closest-node-to-path-in-tree,"Array, Tree, Depth-First Search, Breadth-First Search"
3298,EASY,Compute Decimal Representation,1,5.0,5.0,https://leetcode.com/problems/compute-decimal-representation,"Array, Math"
3299,EASY,Concatenate Array With Reverse,1,5.0,5.0,https://leetcode.com/problems/concatenate-array-with-reverse,"Array, Simulation"
3300,MEDIUM,Convert an Array Into a 2D Array With Conditions,1,5.0,5.0,https://leetcode.com/problems/convert-an-array-into-a-2d-array-with-conditions,"Array, Hash Table"
3301,MEDIUM,Count Pairs That Form a Complete Day II,1,5.0,5.0,https://leetcode.com/problems/count-pairs-that-form-a-complete-day-ii,"Array, Hash Table, Counting"
3302,MEDIUM,Count Prime-Gap Balanced Subarrays,1,5.0,5.0,https://leetcode.com/problems/count-prime-gap-balanced-subarrays,"Array, Math, Queue, Sliding Window, Number Theory, Monotonic Queue"
3303,MEDIUM,Count Sorted Vowel Strings,1,5.0,5.0,https://leetcode.com/problems/count-sorted-vowel-strings,"Math, Dynamic Programming, Combinatorics"
3304,HARD,Count Subarrays With K Distinct Integers,1,5.0,5.0,https://leetcode.com/problems/count-subarrays-with-k-distinct-integers,"Array, Hash Table, Sliding Window, Counting"
3305,HARD,Count Substrings Divisible By Last Digit,1,5.0,5.0,https://leetcode.com/problems/count-substrings-divisible-by-last-digit,"String, Dynamic Programming"
3306,MEDIUM,Count Substrings That Can Be Rearranged to Contain a String I,1,5.0,5.0,https://leetcode.com/problems/count-substrings-that-can-be-rearranged-to-contain-a-string-i,"Hash Table, String, Sliding Window"
3307,MEDIUM,Count Substrings With K-Frequency Characters I,1,5.0,5.0,https://leetcode.com/problems/count-substrings-with-k-frequency-characters-i,"Hash Table, String, Sliding Window"
3308,MEDIUM,Count of Substrings Containing Every Vowel and K Consonants I,1,5.0,5.0,https://leetcode.com/problems/count-of-substrings-containing-every-vowel-and-k-consonants-i,"Hash Table, String, Sliding Window"
3309,MEDIUM,DNA Pattern Recognition ,1,5.0,5.0,https://leetcode.com/problems/dna-pattern-recognition,Database
3310,EASY,Decode XORed Array,1,5.0,5.0,https://leetcode.com/problems/decode-xored-array,"Array, Bit Manipulation"
3311,MEDIUM,Differences Between Two Objects,1,5.0,5.0,https://leetcode.com/problems/differences-between-two-objects,
3312,EASY,Employees With Missing Information,1,5.0,5.0,https://leetcode.com/problems/employees-with-missing-information,Database
3313,HARD,Evaluate Valid Expressions,1,5.0,5.0,https://leetcode.com/problems/evaluate-valid-expressions,"Hash Table, Math, String, Divide and Conquer, Stack"
3314,MEDIUM,Final Element After Subarray Deletions,1,5.0,5.0,https://leetcode.com/problems/final-element-after-subarray-deletions,"Array, Math, Brainteaser, Game Theory"
3315,MEDIUM,Find COVID Recovery Patients,1,5.0,5.0,https://leetcode.com/problems/find-covid-recovery-patients,Database
3316,MEDIUM,Find Maximal Uncovered Ranges,1,5.0,5.0,https://leetcode.com/problems/find-maximal-uncovered-ranges,"Array, Sorting"
3317,EASY,Find Special Substring of Length K,1,5.0,5.0,https://leetcode.com/problems/find-special-substring-of-length-k,String
3318,HARD,Find Substring With Given Hash Value,1,5.0,5.0,https://leetcode.com/problems/find-substring-with-given-hash-value,"String, Sliding Window, Rolling Hash, Hash Function"
3319,MEDIUM,Find the Number of Copy Arrays,1,5.0,5.0,https://leetcode.com/problems/find-the-number-of-copy-arrays,"Array, Math"
3320,HARD,First and Last Call On the Same Day,1,5.0,5.0,https://leetcode.com/problems/first-and-last-call-on-the-same-day,Database
3321,MEDIUM,Frequency Balance Subarray,1,5.0,5.0,https://leetcode.com/problems/frequency-balance-subarray,
3322,MEDIUM,Generate Random Point in a Circle,1,5.0,5.0,https://leetcode.com/problems/generate-random-point-in-a-circle,"Math, Geometry, Rejection Sampling, Randomized"
3323,MEDIUM,Implement Trie II (Prefix Tree),1,5.0,5.0,https://leetcode.com/problems/implement-trie-ii-prefix-tree,"Hash Table, String, Design, Trie"
3324,EASY,Is Object Empty,1,5.0,5.0,https://leetcode.com/problems/is-object-empty,
3325,MEDIUM,K-Concatenation Maximum Sum,1,5.0,5.0,https://leetcode.com/problems/k-concatenation-maximum-sum,"Array, Dynamic Programming"
3326,MEDIUM,K-th Nearest Obstacle Queries,1,5.0,5.0,https://leetcode.com/problems/k-th-nearest-obstacle-queries,"Array, Heap (Priority Queue)"
3327,HARD,Kth Smallest Instructions,1,5.0,5.0,https://leetcode.com/problems/kth-smallest-instructions,"Array, Math, Dynamic Programming, Combinatorics"
3328,EASY,Limit Occurrences in Sorted Array,1,5.0,5.0,https://leetcode.com/problems/limit-occurrences-in-sorted-array,"Array, Two Pointers"
3329,MEDIUM,Longest Common Prefix Between Adjacent Strings After Removals,1,5.0,5.0,https://leetcode.com/problems/longest-common-prefix-between-adjacent-strings-after-removals,"Array, String"
3330,HARD,Longest Palindrome After Substring Concatenation II,1,5.0,5.0,https://leetcode.com/problems/longest-palindrome-after-substring-concatenation-ii,"Two Pointers, String, Dynamic Programming"
3331,HARD,Longest Palindromic Path in Graph,1,5.0,5.0,https://leetcode.com/problems/longest-palindromic-path-in-graph,"String, Dynamic Programming, Bit Manipulation, Graph Theory, Bitmask"
3332,HARD,Maximize Count of Distinct Primes After Split,1,5.0,5.0,https://leetcode.com/problems/maximize-count-of-distinct-primes-after-split,"Array, Hash Table, Math, Segment Tree, Number Theory, Ordered Set"
3333,MEDIUM,Maximize Sum of Squares of Digits,1,5.0,5.0,https://leetcode.com/problems/maximize-sum-of-squares-of-digits,"Math, Greedy"
3334,EASY,Maximum Containers on a Ship,1,5.0,5.0,https://leetcode.com/problems/maximum-containers-on-a-ship,Math
3335,HARD,Maximum Number of Moves to Kill All Pawns,1,5.0,5.0,https://leetcode.com/problems/maximum-number-of-moves-to-kill-all-pawns,"Array, Math, Bit Manipulation, Breadth-First Search, Game Theory, Bitmask"
3336,MEDIUM,Maximum Number of Weeks for Which You Can Work,1,5.0,5.0,https://leetcode.com/problems/maximum-number-of-weeks-for-which-you-can-work,"Array, Greedy"
3337,MEDIUM,Maximum Substrings With Distinct Start,1,5.0,5.0,https://leetcode.com/problems/maximum-substrings-with-distinct-start,"Hash Table, String"
3338,MEDIUM,Maximum Sum of Three Numbers Divisible by Three,1,5.0,5.0,https://leetcode.com/problems/maximum-sum-of-three-numbers-divisible-by-three,"Array, Greedy, Sorting, Heap (Priority Queue)"
3339,MEDIUM,Maximum Value after Insertion,1,5.0,5.0,https://leetcode.com/problems/maximum-value-after-insertion,"String, Greedy"
3340,EASY,Maximum Value of a String in an Array,1,5.0,5.0,https://leetcode.com/problems/maximum-value-of-a-string-in-an-array,"Array, String"
3341,HARD,Memoize II,1,5.0,5.0,https://leetcode.com/problems/memoize-ii,
3342,HARD,Merge Operations for Minimum Travel Time,1,5.0,5.0,https://leetcode.com/problems/merge-operations-for-minimum-travel-time,"Array, Dynamic Programming, Prefix Sum"
3343,HARD,Minimize the Maximum Adjacent Element Difference,1,5.0,5.0,https://leetcode.com/problems/minimize-the-maximum-adjacent-element-difference,"Array, Binary Search, Greedy"
3344,MEDIUM,Minimize the Maximum of Two Arrays,1,5.0,5.0,https://leetcode.com/problems/minimize-the-maximum-of-two-arrays,"Math, Binary Search, Number Theory, Least Common Multiple, Inclusion-Exclusion Principle"
3345,HARD,Minimum Amount of Damage Dealt to Bob,1,5.0,5.0,https://leetcode.com/problems/minimum-amount-of-damage-dealt-to-bob,"Array, Greedy, Sorting"
3346,EASY,Minimum Amount of Time to Fill Cups,1,5.0,5.0,https://leetcode.com/problems/minimum-amount-of-time-to-fill-cups,"Array, Greedy, Sorting, Heap (Priority Queue)"
3347,HARD,Minimum Cost Path with Alternating Directions III,1,5.0,5.0,https://leetcode.com/problems/minimum-cost-path-with-alternating-directions-iii,
3348,HARD,Minimum Cost for Cutting Cake II,1,5.0,5.0,https://leetcode.com/problems/minimum-cost-for-cutting-cake-ii,"Array, Greedy, Sorting"
3349,HARD,Minimum Cost to Buy Apples II,1,5.0,5.0,https://leetcode.com/problems/minimum-cost-to-buy-apples-ii,"Array, Graph Theory, Heap (Priority Queue), Shortest Path"
3350,HARD,Minimum Cost to Convert String III,1,5.0,5.0,https://leetcode.com/problems/minimum-cost-to-convert-string-iii,
3351,MEDIUM,Minimum Cost to Make Arrays Identical,1,5.0,5.0,https://leetcode.com/problems/minimum-cost-to-make-arrays-identical,"Array, Greedy, Sorting"
3352,MEDIUM,Minimum Cost to Split into Ones,1,5.0,5.0,https://leetcode.com/problems/minimum-cost-to-split-into-ones,"Math, Dynamic Programming"
3353,EASY,Minimum Hours of Training to Win a Competition,1,5.0,5.0,https://leetcode.com/problems/minimum-hours-of-training-to-win-a-competition,"Array, Greedy"
3354,MEDIUM,Minimum Impossible OR,1,5.0,5.0,https://leetcode.com/problems/minimum-impossible-or,"Array, Bit Manipulation, Brainteaser"
3355,MEDIUM,Minimum K to Reduce Array Within Limit,1,5.0,5.0,https://leetcode.com/problems/minimum-k-to-reduce-array-within-limit,"Array, Binary Search"
3356,MEDIUM,Minimum Operations to Make Array Equal,1,5.0,5.0,https://leetcode.com/problems/minimum-operations-to-make-array-equal,Math
3357,MEDIUM,Minimum Seconds to Equalize a Circular Array,1,5.0,5.0,https://leetcode.com/problems/minimum-seconds-to-equalize-a-circular-array,"Array, Hash Table"
3358,MEDIUM,Minimum Subarray Length With Distinct Sum At Least K,1,5.0,5.0,https://leetcode.com/problems/minimum-subarray-length-with-distinct-sum-at-least-k,"Array, Hash Table, Sliding Window"
3359,HARD,Minimum Time to Complete All Tasks,1,5.0,5.0,https://leetcode.com/problems/minimum-time-to-complete-all-tasks,"Array, Binary Search, Stack, Greedy, Sorting"
3360,MEDIUM,Minimum XOR Path in a Grid,1,5.0,5.0,https://leetcode.com/problems/minimum-xor-path-in-a-grid,"Array, Dynamic Programming, Bit Manipulation, Matrix"
3361,HARD,Next Greater Element IV,1,5.0,5.0,https://leetcode.com/problems/next-greater-element-iv,"Array, Binary Search, Stack, Sorting, Heap (Priority Queue), Monotonic Stack"
3362,EASY,Number of Arithmetic Triplets,1,5.0,5.0,https://leetcode.com/problems/number-of-arithmetic-triplets,"Array, Hash Table, Two Pointers, Enumeration"
3363,MEDIUM,Odd and Even Transactions,1,5.0,5.0,https://leetcode.com/problems/odd-and-even-transactions,Database
3364,MEDIUM,Partition Array Into K-Distinct Groups,1,5.0,5.0,https://leetcode.com/problems/partition-array-into-k-distinct-groups,"Array, Hash Table, Counting"
3365,MEDIUM,Partition Array into Two Equal Product Subsets,1,5.0,5.0,https://leetcode.com/problems/partition-array-into-two-equal-product-subsets,"Array, Bit Manipulation, Recursion, Enumeration"
3366,MEDIUM,Partition Array to Minimize XOR,1,5.0,5.0,https://leetcode.com/problems/partition-array-to-minimize-xor,"Array, Dynamic Programming, Bit Manipulation, Prefix Sum"
3367,MEDIUM,Pizza Toppings Cost Analysis,1,5.0,5.0,https://leetcode.com/problems/pizza-toppings-cost-analysis,Database
3368,HARD,Poor Pigs,1,5.0,5.0,https://leetcode.com/problems/poor-pigs,"Math, Dynamic Programming, Combinatorics"
3369,EASY,Prime In Diagonal,1,5.0,5.0,https://leetcode.com/problems/prime-in-diagonal,"Array, Math, Matrix, Number Theory"
3370,MEDIUM,Properties Graph,1,5.0,5.0,https://leetcode.com/problems/properties-graph,"Array, Hash Table, Depth-First Search, Breadth-First Search, Union-Find, Graph Theory"
3371,HARD,Reachable Nodes In Subdivided Graph,1,5.0,5.0,https://leetcode.com/problems/reachable-nodes-in-subdivided-graph,"Graph Theory, Heap (Priority Queue), Shortest Path, Dijkstra's Algorithm"
3372,HARD,Restore The Array,1,5.0,5.0,https://leetcode.com/problems/restore-the-array,"String, Dynamic Programming"
3373,MEDIUM,Select K Disjoint Special Substrings,1,5.0,5.0,https://leetcode.com/problems/select-k-disjoint-special-substrings,"Hash Table, String, Dynamic Programming, Greedy, Sorting"
3374,MEDIUM,Shift Distance Between Two Strings,1,5.0,5.0,https://leetcode.com/problems/shift-distance-between-two-strings,"Array, String, Prefix Sum"
3375,MEDIUM,Shortest Distance in a Plane,1,5.0,5.0,https://leetcode.com/problems/shortest-distance-in-a-plane,"Database, Nearest Pair of Points"
3376,EASY,Smallest Index With Digit Sum Equal to Index,1,5.0,5.0,https://leetcode.com/problems/smallest-index-with-digit-sum-equal-to-index,"Array, Math"
3377,EASY,Snake in Matrix,1,5.0,5.0,https://leetcode.com/problems/snake-in-matrix,"Array, String, Simulation"
3378,EASY,Sort Integers by Binary Reflection,1,5.0,5.0,https://leetcode.com/problems/sort-integers-by-binary-reflection,"Array, Sorting"
3379,MEDIUM,Split and Merge Array Transformation,1,5.0,5.0,https://leetcode.com/problems/split-and-merge-array-transformation,"Array, Hash Table, Breadth-First Search"
3380,HARD,Stone Game V,1,5.0,5.0,https://leetcode.com/problems/stone-game-v,"Array, Math, Dynamic Programming, Game Theory"
3381,EASY,Subarrays Distinct Element Sum of Squares I,1,5.0,5.0,https://leetcode.com/problems/subarrays-distinct-element-sum-of-squares-i,"Array, Hash Table, Segment Tree"
3382,MEDIUM,Subsequence After One Replacement,1,5.0,5.0,https://leetcode.com/problems/subsequence-after-one-replacement,
3383,EASY,Sum of Digits in Base K,1,5.0,5.0,https://leetcode.com/problems/sum-of-digits-in-base-k,Math
3384,EASY,Sum of Good Numbers,1,5.0,5.0,https://leetcode.com/problems/sum-of-good-numbers,Array
3385,EASY,Sum of Squares of Special Elements ,1,5.0,5.0,https://leetcode.com/problems/sum-of-squares-of-special-elements,"Array, Enumeration"
3386,HARD,The Maze III,1,5.0,5.0,https://leetcode.com/problems/the-maze-iii,"Array, String, Depth-First Search, Breadth-First Search, Graph Theory, Heap (Priority Queue), Matrix, Shortest Path, Dijkstra's Algorithm, Heuristic Search, A* Search"
3387,MEDIUM,The Most Recent Orders for Each Product,1,5.0,5.0,https://leetcode.com/problems/the-most-recent-orders-for-each-product,Database
3388,EASY,Traffic Signal Color,1,5.0,5.0,https://leetcode.com/problems/traffic-signal-color,"Math, String, Simulation"
3389,MEDIUM,Widest Possible Fence,1,5.0,5.0,https://leetcode.com/problems/widest-possible-fence,
3390,MEDIUM,Wiggle Subsequence,1,5.0,5.0,https://leetcode.com/problems/wiggle-subsequence,"Array, Dynamic Programming, Greedy"
3391,HARD,Year on Year Growth Rate,1,5.0,5.0,https://leetcode.com/problems/year-on-year-growth-rate,Database
3392,MEDIUM,Zero Array Transformation IV,1,5.0,5.0,https://leetcode.com/problems/zero-array-transformation-iv,"Array, Dynamic Programming"
